CUS 0001,Abyasa Najmudin
CUS 0002,Abyasa Rahmawati
CUS 0003,Abyasa Zulaika
CUS 0004,Ade Dongoran
CUS 0005,Ade Farida
CUS 0006,Ade Hutapea
CUS 0007,"Ade Nasyidah, S.Kom"
CUS 0008,Ade Prabowo
CUS 0009,"Ade Prayoga, S.E."
CUS 0010,Ade Siregar
CUS 0011,Ade Waluyo
CUS 0012,Adhiarja Habibi
CUS 0013,Adhiarja Pudjiastuti
CUS 0014,Adhiarja Santoso
CUS 0015,Adhiarja Tamba
CUS 0016,Adiarja Hasanah
CUS 0017,Adiarja Pertiwi
CUS 0018,"Adika Kuswandari, S.IP"
CUS 0019,Adika Pratama
CUS 0020,Adika Rajasa
CUS 0021,Adikara Firgantoro
CUS 0022,Adikara Pradipta
CUS 0023,Adikara Susanti
CUS 0024,"Adinata Kusumo, S.Pd"
CUS 0025,Adinata Setiawan
CUS 0026,"Aditya Saptono, S.I.Kom"
CUS 0027,Aditya Wastuti
CUS 0028,Agnes Maryati
CUS 0029,"Agnes Palastri, M.Farm"
CUS 0030,"Agnes Pangestu, S.Gz"
CUS 0031,Agnes Pradana
CUS 0032,Agnes Pudjiastuti
CUS 0033,Agnes Situmorang
CUS 0034,Agus Pertiwi
CUS 0035,Agus Setiawan
CUS 0036,"Agus Utama, S.IP"
CUS 0037,Aisyah Mansur
CUS 0038,"Aisyah Narpati, S.IP"
CUS 0039,Aisyah Nugroho
CUS 0040,Aisyah Nuraini
CUS 0041,Aisyah Wibowo
CUS 0042,"Ajeng Fujiati, S.Farm"
CUS 0043,Ajeng Halim
CUS 0044,Ajeng Hariyah
CUS 0045,Ajeng Hastuti
CUS 0046,Ajeng Lazuardi
CUS 0047,Ajeng Maryati
CUS 0048,Ajeng Prayoga
CUS 0049,Ajeng Sitorus
CUS 0050,"Ajeng Wastuti, S.E.I"
CUS 0051,Ajeng Wibowo
CUS 0052,"Ajiman Mustofa, S.Pt"
CUS 0053,Ajimat Firmansyah
CUS 0054,Ajimat Nashiruddin
CUS 0055,Ajimat Purwanti
CUS 0056,Ajimat Sinaga
CUS 0057,Ajimin Dabukke
CUS 0058,"Ajimin Maulana, S.Pd"
CUS 0059,Ajimin Sudiati
CUS 0060,Ajimin Wibowo
CUS 0061,Ajiono Laksita
CUS 0062,Akarsana Saptono
CUS 0063,"Alambana Latupono, S.E.I"
CUS 0064,"Alambana Narpati, S.Gz"
CUS 0065,Alambana Utama
CUS 0066,Alambana Waskita
CUS 0067,Alika Habibi
CUS 0068,Alika Halimah
CUS 0069,Alika Hutagalung
CUS 0070,Alika Latupono
CUS 0071,Alika Marpaung
CUS 0072,Alika Mayasari
CUS 0073,Alika Pradana
CUS 0074,Alika Pranowo
CUS 0075,Alika Rahimah
CUS 0076,Alika Saefullah
CUS 0077,Alika Sitompul
CUS 0078,Alika Suwarno
CUS 0079,Almira Halimah
CUS 0080,"Almira Manullang, S.Psi"
CUS 0081,Almira Marbun
CUS 0082,Almira Wasita
CUS 0083,Amalia Anggraini
CUS 0084,"Amalia Damanik, S.Sos"
CUS 0085,"Amalia Haryanto, S.Kom"
CUS 0086,Amalia Lazuardi
CUS 0087,Amalia Mulyani
CUS 0088,Amalia Pudjiastuti
CUS 0089,Amalia Usamah
CUS 0090,Amalia Wahyudin
CUS 0091,"Amelia Dongoran, S.Gz"
CUS 0092,Amelia Hartati
CUS 0093,Amelia Mandala
CUS 0094,Amelia Mardhiyah
CUS 0095,Amelia Maulana
CUS 0096,Amelia Nababan
CUS 0097,"Amelia Pangestu, M.Pd"
CUS 0098,Amelia Rajata
CUS 0099,Amelia Saragih
CUS 0100,Ami Kusumo
CUS 0101,Ami Latupono
CUS 0102,"Ami Marbun, S.Pt"
CUS 0103,Ami Prasasta
CUS 0104,Ami Wasita
CUS 0105,"Ami Wulandari, M.M."
CUS 0106,Among Kusumo
CUS 0107,"Among Prasetyo, S.Ked"
CUS 0108,Ana Hakim
CUS 0109,"Ana Najmudin, M.Kom."
CUS 0110,Ana Wasita
CUS 0111,Ana Wulandari
CUS 0112,Ana Yolanda
CUS 0113,Anastasia Kusmawati
CUS 0114,Anastasia Novitasari
CUS 0115,Anastasia Purwanti
CUS 0116,Anastasia Saefullah
CUS 0117,Anastasia Siregar
CUS 0118,Anastasia Suryono
CUS 0119,Anastasia Zulaika
CUS 0120,Anggabaya Hariyah
CUS 0121,Anggabaya Kurniawan
CUS 0122,Anggabaya Marpaung
CUS 0123,Ani Budiman
CUS 0124,Ani Jailani
CUS 0125,Ani Marpaung
CUS 0126,Ani Nurdiyanti
CUS 0127,Ani Santoso
CUS 0128,Ani Waluyo
CUS 0129,Anita Firmansyah
CUS 0130,"Anita Pertiwi, S.T."
CUS 0131,"Anita Pratama, S.Psi"
CUS 0132,Anita Santoso
CUS 0133,"Anita Simbolon, M.TI."
CUS 0134,Anita Suryono
CUS 0135,"Anom Latupono, M.Ak"
CUS 0136,Anom Manullang
CUS 0137,Anom Suryono
CUS 0138,Anom Suwarno
CUS 0139,Anonim
CUS 0140,"Argono Maryati, S.Kom"
CUS 0141,Argono Puspasari
CUS 0142,Aris Andriani
CUS 0143,Aris Fujiati
CUS 0144,Aris Mandala
CUS 0145,Aris Nababan
CUS 0146,Aris Narpati
CUS 0147,Arsipatra Anggraini
CUS 0148,Arsipatra Siregar
CUS 0149,Artanto Nasyidah
CUS 0150,Artanto Prastuti
CUS 0151,"Artanto Samosir, S.Kom"
CUS 0152,"Artanto Wasita, S.Pd"
CUS 0153,"Artawan Pertiwi, S.Pt"
CUS 0154,"Artawan Wulandari, S.E."
CUS 0155,"Artawan Wulandari, S.Ked"
CUS 0156,Asirwada Mandasari
CUS 0157,Asirwada Megantara
CUS 0158,"Asirwada Nasyiah, S.E.I"
CUS 0159,Asirwada Wasita
CUS 0160,Asirwanda Gunawan
CUS 0161,Asirwanda Kuswandari
CUS 0162,"Asirwanda Lailasari, S.Pt"
CUS 0163,Asirwanda Usada
CUS 0164,Aslijan Damanik
CUS 0165,Aslijan Mulyani
CUS 0166,Aslijan Nashiruddin
CUS 0167,Aslijan Prayoga
CUS 0168,Aslijan Sitompul
CUS 0169,Aslijan Yuliarti
CUS 0170,Asman Halim
CUS 0171,Asman Pradana
CUS 0172,"Asman Siregar, S.Pd"
CUS 0173,Asman Waluyo
CUS 0174,Asmianto Wibowo
CUS 0175,"Asmuni Farida, M.TI."
CUS 0176,Asmuni Jailani
CUS 0177,Asmuni Napitupulu
CUS 0178,Asmuni Permata
CUS 0179,Aswani Maryadi
CUS 0180,Aswani Waluyo
CUS 0181,Atma Fujiati
CUS 0182,Atma Hariyah
CUS 0183,Atma Januar
CUS 0184,Atma Palastri
CUS 0185,Atma Rahayu
CUS 0186,"Atmaja Prasetyo, S.Ked"
CUS 0187,Atmaja Tamba
CUS 0188,Atmaja Yulianti
CUS 0189,Aurora Mandasari
CUS 0190,"Aurora Manullang, S.Ked"
CUS 0191,Aurora Maulana
CUS 0192,Aurora Puspita
CUS 0193,Aurora Sudiati
CUS 0194,Aurora Utama
CUS 0195,Ayu Hutapea
CUS 0196,"Ayu Mayasari, S.Kom"
CUS 0197,Ayu Mustofa
CUS 0198,Ayu Nasyiah
CUS 0199,Ayu Sihombing
CUS 0200,Ayu Suwarno
CUS 0201,Ayu Wijayanti
CUS 0202,Ayu Winarsih
CUS 0203,Azalea Astuti
CUS 0204,Azalea Hutapea
CUS 0205,"Azalea Nuraini, M.Kom."
CUS 0206,Azalea Pradana
CUS 0207,Azalea Prasetyo
CUS 0208,Azalea Wastuti
CUS 0209,Bagas Dabukke
CUS 0210,Bagas Oktaviani
CUS 0211,Bagiya Astuti
CUS 0212,"Bagiya Firmansyah, S.Farm"
CUS 0213,Bagiya Usamah
CUS 0214,"Bagiya Wastuti, M.Pd"
CUS 0215,Bagiya Winarno
CUS 0216,Bagus Firgantoro
CUS 0217,Bagus Jailani
CUS 0218,Bagus Mangunsong
CUS 0219,Bagus Marbun
CUS 0220,"Bagus Wacana, S.E.I"
CUS 0221,Bagya Anggraini
CUS 0222,Bagya Budiman
CUS 0223,Bagya Farida
CUS 0224,Bagya Hassanah
CUS 0225,Bagya Suartini
CUS 0226,Bagya Wulandari
CUS 0227,Bahuraksa Halimah
CUS 0228,Bahuraksa Haryanti
CUS 0229,Bahuraksa Uyainah
CUS 0230,Bahuraksa Wibisono
CUS 0231,Bahuwarna Dongoran
CUS 0232,"Bahuwarna Kurniawan, S.Pd"
CUS 0233,"Bahuwarna Wibowo, M.M."
CUS 0234,Bahuwirya Hartati
CUS 0235,Bahuwirya Setiawan
CUS 0236,Bajragin Ardianto
CUS 0237,Bajragin Megantara
CUS 0238,Bajragin Tampubolon
CUS 0239,Bajragin Wasita
CUS 0240,Bajragin Wibisono
CUS 0241,"Bakda Hassanah, S.E.I"
CUS 0242,Bakda Manullang
CUS 0243,Bakda Maryati
CUS 0244,Bakda Najmudin
CUS 0245,"Bakda Prasetyo, S.Psi"
CUS 0246,Bakiadi Rajasa
CUS 0247,Bakianto Haryanti
CUS 0248,Bakianto Kuswoyo
CUS 0249,"Bakianto Megantara, M.M."
CUS 0250,"Bakianto Napitupulu, S.Sos"
CUS 0251,Bakianto Nasyiah
CUS 0252,Bakianto Palastri
CUS 0253,Bakianto Rajata
CUS 0254,Bakidin Handayani
CUS 0255,Bakidin Wastuti
CUS 0256,Bakijan Aryani
CUS 0257,"Bakijan Mardhiyah, S.E.I"
CUS 0258,Bakijan Prakasa
CUS 0259,Bakijan Sudiati
CUS 0260,Bakijan Uyainah
CUS 0261,Bakiman Astuti
CUS 0262,Bakiman Manullang
CUS 0263,Bakiman Rajata
CUS 0264,"Bakiman Yuliarti, M.Kom."
CUS 0265,Bakiono Usamah
CUS 0266,Bakiono Utama
CUS 0267,Bakiono Wastuti
CUS 0268,Bakiono Winarno
CUS 0269,Bakiono Yuliarti
CUS 0270,"Bakti Prasetyo, S.H."
CUS 0271,Bakti Saptono
CUS 0272,Bakti Suartini
CUS 0273,Bakti Wijaya
CUS 0274,"Bakti Yolanda, S.Kom"
CUS 0275,Baktiadi Utami
CUS 0276,Baktianto Dabukke
CUS 0277,Baktianto Padmasari
CUS 0278,Baktianto Sitorus
CUS 0279,Baktiono Adriansyah
CUS 0280,Baktiono Suartini
CUS 0281,Baktiono Winarno
CUS 0282,"Bala Pangestu, S.Psi"
CUS 0283,"Bala Pudjiastuti, S.E."
CUS 0284,Balamantri Agustina
CUS 0285,"Balamantri Farida, S.Sos"
CUS 0286,Balamantri Ramadan
CUS 0287,Balamantri Sudiati
CUS 0288,"Balangga Nainggolan, S.Gz"
CUS 0289,Balangga Puspita
CUS 0290,Balapati Ardianto
CUS 0291,Balapati Dongoran
CUS 0292,Balapati Nugroho
CUS 0293,Balidin Rahimah
CUS 0294,Balidin Sitompul
CUS 0295,"Balijan Irawan, M.M."
CUS 0296,Balijan Januar
CUS 0297,Balijan Namaga
CUS 0298,Balijan Novitasari
CUS 0299,"Bambang Firgantoro, M.M."
CUS 0300,Bambang Kuswandari
CUS 0301,Bambang Palastri
CUS 0302,Bambang Pudjiastuti
CUS 0303,Banara Haryanti
CUS 0304,"Banara Laksita, S.T."
CUS 0305,Banawa Saefullah
CUS 0306,Banawi Oktaviani
CUS 0307,"Banawi Pudjiastuti, M.Farm"
CUS 0308,Banawi Rahayu
CUS 0309,"Banawi Suwarno, M.Farm"
CUS 0310,Bancar Winarsih
CUS 0311,Belinda Handayani
CUS 0312,"Belinda Hasanah, S.Sos"
CUS 0313,Belinda Hastuti
CUS 0314,"Belinda Januar, M.Pd"
CUS 0315,Belinda Kurniawan
CUS 0316,Belinda Pertiwi
CUS 0317,Belinda Riyanti
CUS 0318,Belinda Sirait
CUS 0319,Bella Haryanti
CUS 0320,Bella Lailasari
CUS 0321,Bella Mayasari
CUS 0322,Bella Oktaviani
CUS 0323,Bella Samosir
CUS 0324,Bella Saptono
CUS 0325,Bella Sirait
CUS 0326,"Bella Widiastuti, S.Sos"
CUS 0327,Bella Winarno
CUS 0328,Betania Manullang
CUS 0329,Betania Napitupulu
CUS 0330,Betania Novitasari
CUS 0331,"Betania Palastri, S.I.Kom"
CUS 0332,"Betania Prasasta, M.Farm"
CUS 0333,"Betania Riyanti, S.Kom"
CUS 0334,Betania Sitorus
CUS 0335,Budi Irawan
CUS 0336,Budi Setiawan
CUS 0337,"Budi Utami, S.IP"
CUS 0338,"Cagak Hastuti, S.I.Kom"
CUS 0339,Cagak Saefullah
CUS 0340,Cagak Situmorang
CUS 0341,"Cagak Waskita, S.H."
CUS 0342,Cagak Wijaya
CUS 0343,Cagak Zulaika
CUS 0344,Cager Hassanah
CUS 0345,Cager Rajasa
CUS 0346,Cager Rajata
CUS 0347,Cahya Mandasari
CUS 0348,Cahya Puspita
CUS 0349,Cahya Utami
CUS 0350,Cahyadi Prasasta
CUS 0351,"Cahyadi Rahmawati, S.Farm"
CUS 0352,Cahyanto Sudiati
CUS 0353,Cahyo Andriani
CUS 0354,Cahyo Hasanah
CUS 0355,Cahyo Laksmiwati
CUS 0356,Cahyono Nashiruddin
CUS 0357,Cahyono Zulaika
CUS 0358,Caket Nugroho
CUS 0359,"Caket Saptono, M.Kom."
CUS 0360,Cakrabirawa Hasanah
CUS 0361,Cakrabirawa Lazuardi
CUS 0362,Cakrabirawa Saputra
CUS 0363,Cakrabirawa Widiastuti
CUS 0364,Cakrabuana Agustina
CUS 0365,Cakrabuana Hakim
CUS 0366,Cakrabuana Hidayanto
CUS 0367,Cakrabuana Mulyani
CUS 0368,Cakrabuana Nurdiyanti
CUS 0369,Cakrabuana Thamrin
CUS 0370,Cakrajiya Pradana
CUS 0371,Cakrajiya Salahudin
CUS 0372,Cakrajiya Sudiati
CUS 0373,Cakrawala Kurniawan
CUS 0374,Cakrawala Mandala
CUS 0375,Cakrawangsa Astuti
CUS 0376,Cakrawangsa Mardhiyah
CUS 0377,Cakrawangsa Maulana
CUS 0378,"Cakrawangsa Wasita, S.Ked"
CUS 0379,Calista Fujiati
CUS 0380,"Calista Kuswoyo, M.Kom."
CUS 0381,"Calista Pratama, S.H."
CUS 0382,Calista Sihombing
CUS 0383,Calista Simbolon
CUS 0384,"Candra Setiawan, S.H."
CUS 0385,Candra Suwarno
CUS 0386,"Candra Wibisono, S.I.Kom"
CUS 0387,Candra Winarsih
CUS 0388,Candrakanta Hasanah
CUS 0389,Candrakanta Saptono
CUS 0390,Candrakanta Sinaga
CUS 0391,Candrakanta Sitompul
CUS 0392,"Capa Najmudin, S.Pd"
CUS 0393,"Capa Zulkarnain, S.Pt"
CUS 0394,"Caraka Hakim, S.IP"
CUS 0395,"Caraka Lailasari, S.Kom"
CUS 0396,Caraka Wulandari
CUS 0397,"Caraka Yulianti, S.Pt"
CUS 0398,Carla Iswahyudi
CUS 0399,Carla Puspita
CUS 0400,"Carla Saputra, M.Kom."
CUS 0401,Carla Wulandari
CUS 0402,Carub Permadi
CUS 0403,Carub Utami
CUS 0404,Catur Mandasari
CUS 0405,Catur Mardhiyah
CUS 0406,"Caturangga Lailasari, S.Sos"
CUS 0407,Caturangga Usamah
CUS 0408,Cawisadi Napitupulu
CUS 0409,Cawisadi Purnawati
CUS 0410,"Cawisadi Suwarno, S.IP"
CUS 0411,Cawisono Adriansyah
CUS 0412,Cawisono Budiman
CUS 0413,Cawisono Hartati
CUS 0414,Cawisono Padmasari
CUS 0415,"Cawisono Siregar, M.TI."
CUS 0416,Cawuk Kusumo
CUS 0417,Cayadi Damanik
CUS 0418,Cayadi Saefullah
CUS 0419,Cecep Firgantoro
CUS 0420,Cecep Iswahyudi
CUS 0421,Cecep Saptono
CUS 0422,"Cecep Thamrin, M.Farm"
CUS 0423,Cemani Mayasari
CUS 0424,Cemani Saefullah
CUS 0425,Cemani Sudiati
CUS 0426,"Cemani Uwais, M.Ak"
CUS 0427,Cemeti Prasetyo
CUS 0428,Cemeti Putra
CUS 0429,"Cemplunk Hidayanto, S.IP"
CUS 0430,Cemplunk Nainggolan
CUS 0431,Cengkal Hutasoit
CUS 0432,Cengkal Rahmawati
CUS 0433,Cengkal Utami
CUS 0434,Cengkir Purwanti
CUS 0435,"Cengkir Simanjuntak, S.H."
CUS 0436,Cengkir Sinaga
CUS 0437,Cengkir Wibisono
CUS 0438,Chandra Mansur
CUS 0439,"Chandra Sihombing, M.Kom."
CUS 0440,"Chandra Situmorang, S.Ked"
CUS 0441,Chandra Uwais
CUS 0442,Chelsea Budiyanto
CUS 0443,Chelsea Hassanah
CUS 0444,Chelsea Manullang
CUS 0445,Chelsea Nababan
CUS 0446,Chelsea Rahimah
CUS 0447,Chelsea Ramadan
CUS 0448,Chelsea Yuliarti
CUS 0449,Ciaobella Lailasari
CUS 0450,Ciaobella Namaga
CUS 0451,Ciaobella Nashiruddin
CUS 0452,Ciaobella Permata
CUS 0453,"Ciaobella Sihombing, S.Gz"
CUS 0454,Ciaobella Waluyo
CUS 0455,"Ciaobella Winarsih, S.Gz"
CUS 0456,Ciaobella Zulkarnain
CUS 0457,Cici Hasanah
CUS 0458,Cici Hidayat
CUS 0459,Cici Kusmawati
CUS 0460,Cici Lazuardi
CUS 0461,Cici Pudjiastuti
CUS 0462,Cici Saputra
CUS 0463,Cici Utama
CUS 0464,Cindy Anggraini
CUS 0465,Cindy Irawan
CUS 0466,Cindy Lailasari
CUS 0467,Cindy Wibisono
CUS 0468,Cinta Hassanah
CUS 0469,"Cinta Laksita, S.Gz"
CUS 0470,Cinta Marbun
CUS 0471,Cinta Nugroho
CUS 0472,Cinta Sihombing
CUS 0473,Cinta Sitorus
CUS 0474,Cinta Wahyudin
CUS 0475,Cinthia Ardianto
CUS 0476,"Cinthia Hakim, S.IP"
CUS 0477,Cinthia Hariyah
CUS 0478,Cinthia Hidayanto
CUS 0479,Cinthia Iswahyudi
CUS 0480,Cinthia Nasyidah
CUS 0481,Cinthia Putra
CUS 0482,Cinthia Saputra
CUS 0483,Cinthia Siregar
CUS 0484,Cinthia Suryatmi
CUS 0485,"Cinthia Wijaya, S.T."
CUS 0486,Cinthia Winarno
CUS 0487,Cinthia Zulaika
CUS 0488,Citra Adriansyah
CUS 0489,Citra Mardhiyah
CUS 0490,Citra Sitorus
CUS 0491,Citra Suryono
CUS 0492,"Clara Anggriawan, S.H."
CUS 0493,"Clara Aryani, S.IP"
CUS 0494,Clara Damanik
CUS 0495,Clara Mardhiyah
CUS 0496,"Clara Suryatmi, S.Pd"
CUS 0497,"Cornelia Dabukke, S.Sos"
CUS 0498,"Cornelia Handayani, M.TI."
CUS 0499,Cornelia Hariyah
CUS 0500,Cornelia Maulana
CUS 0501,"Cornelia Permadi, S.T."
CUS 0502,Cornelia Prastuti
CUS 0503,Cornelia Saptono
CUS 0504,Cornelia Susanti
CUS 0505,Cornelia Utama
CUS 0506,"Cut Aisyah Winarno, S.H."
CUS 0507,Cut Ami Wibowo
CUS 0508,"Cut Ana Utami, M.Pd"
CUS 0509,"Cut Ani Haryanto, S.Farm"
CUS 0510,Cut Belinda Haryanto
CUS 0511,"Cut Dewi Wijaya, S.Sos"
CUS 0512,Cut Eka Padmasari
CUS 0513,Cut Elisa Prakasa
CUS 0514,Cut Ella Mulyani
CUS 0515,Cut Ella Natsir
CUS 0516,"Cut Farah Adriansyah, M.Kom."
CUS 0517,Cut Fitriani Laksita
CUS 0518,"Cut Gasti Tarihoran, M.Pd"
CUS 0519,Cut Ghaliyati Padmasari
CUS 0520,"Cut Hafshah Lazuardi, M.TI."
CUS 0521,"Cut Halima Sirait, S.Ked"
CUS 0522,Cut Hani Siregar
CUS 0523,"Cut Hesti Wasita, M.TI."
CUS 0524,Cut Icha Maulana
CUS 0525,"Cut Ifa Pudjiastuti, S.I.Kom"
CUS 0526,Cut Ika Pratiwi
CUS 0527,"Cut Ilsa Nasyiah, M.TI."
CUS 0528,Cut Intan Fujiati
CUS 0529,"Cut Janet Prastuti, S.E.I"
CUS 0530,"Cut Jasmin Wacana, M.M."
CUS 0531,Cut Jessica Tarihoran
CUS 0532,"Cut Mala Hutapea, S.H."
CUS 0533,Cut Malika Sitompul
CUS 0534,"Cut Maya Mandala, S.H."
CUS 0535,"Cut Mila Gunawan, S.Pd"
CUS 0536,Cut Nova Santoso
CUS 0537,"Cut Nova Tarihoran, S.I.Kom"
CUS 0538,Cut Ophelia Halimah
CUS 0539,"Cut Paulin Nugroho, S.IP"
CUS 0540,Cut Putri Kusumo
CUS 0541,Cut Rahmi Pratama
CUS 0542,Cut Ratna Andriani
CUS 0543,"Cut Sakura Sinaga, S.E."
CUS 0544,Cut Salsabila Usamah
CUS 0545,Cut Septi Mahendra
CUS 0546,"Cut Shakila Ramadan, S.Pd"
CUS 0547,Cut Vicky Siregar
CUS 0548,Cut Violet Riyanti
CUS 0549,Cut Yulia Purwanti
CUS 0550,Cut Yuliana Rahimah
CUS 0551,Cut Yunita Mansur
CUS 0552,Cut Yunita Suryono
CUS 0553,Cut Zalindra Permadi
CUS 0554,"Cut Zamira Nashiruddin, S.Psi"
CUS 0555,Dacin Prasasta
CUS 0556,"Dacin Suartini, M.Ak"
CUS 0557,Dadap Padmasari
CUS 0558,Dadap Sitorus
CUS 0559,Dadi Firgantoro
CUS 0560,Dadi Saptono
CUS 0561,Dadi Suartini
CUS 0562,Dadi Zulkarnain
CUS 0563,Dagel Marbun
CUS 0564,Dagel Maulana
CUS 0565,Dalima Nasyiah
CUS 0566,"Dalima Prastuti, S.Ked"
CUS 0567,"Dalima Rahayu, S.Pd"
CUS 0568,"Dalima Samosir, S.Gz"
CUS 0569,Dalima Sihotang
CUS 0570,Dalima Sitorus
CUS 0571,"Dalima Uwais, S.Pd"
CUS 0572,Daliman Megantara
CUS 0573,Daliman Nurdiyanti
CUS 0574,Daliman Purwanti
CUS 0575,Daliono Nasyiah
CUS 0576,Damar Haryanti
CUS 0577,Damar Iswahyudi
CUS 0578,Damar Napitupulu
CUS 0579,"Damar Purwanti, S.Sos"
CUS 0580,Damar Saragih
CUS 0581,Damar Suwarno
CUS 0582,"Damu Megantara, S.Pd"
CUS 0583,"Danang Laksita, S.Gz"
CUS 0584,Danang Rahimah
CUS 0585,Danang Utami
CUS 0586,"Daniswara Haryanto, S.Farm"
CUS 0587,"Daniswara Hutapea, M.TI."
CUS 0588,Daniswara Lailasari
CUS 0589,"Daniswara Siregar, S.Kom"
CUS 0590,Daniswara Situmorang
CUS 0591,"Daniswara Yulianti, M.Pd"
CUS 0592,Danu Habibi
CUS 0593,Danu Padmasari
CUS 0594,Danu Pradana
CUS 0595,"Danu Prasasta, S.I.Kom"
CUS 0596,Danu Suwarno
CUS 0597,Danu Wahyudin
CUS 0598,Danuja Maulana
CUS 0599,"Danuja Rajasa, S.IP"
CUS 0600,Danuja Susanti
CUS 0601,Dariati Halim
CUS 0602,"Dariati Kuswandari, M.Ak"
CUS 0603,Darijan Gunawan
CUS 0604,Darijan Kusmawati
CUS 0605,Darijan Kuswandari
CUS 0606,Darijan Napitupulu
CUS 0607,Darijan Permata
CUS 0608,Darimin Budiyanto
CUS 0609,Darimin Mandala
CUS 0610,Darmaji Januar
CUS 0611,Darmaji Maheswara
CUS 0612,"Darmaji Siregar, M.Ak"
CUS 0613,Darmaji Susanti
CUS 0614,Darmaji Yuliarti
CUS 0615,Darman Sirait
CUS 0616,Darmana Haryanto
CUS 0617,Darmana Prakasa
CUS 0618,Darmana Saefullah
CUS 0619,Darmana Uwais
CUS 0620,"Darmanto Sitorus, S.Kom"
CUS 0621,Darsirah Lestari
CUS 0622,"Darsirah Mansur, M.M."
CUS 0623,Darsirah Simanjuntak
CUS 0624,Dartono Suryatmi
CUS 0625,Dartono Uwais
CUS 0626,Dartono Wijayanti
CUS 0627,Daru Natsir
CUS 0628,Daruna Melani
CUS 0629,Daruna Napitupulu
CUS 0630,"Daruna Simanjuntak, S.Pt"
CUS 0631,Daryani Hidayanto
CUS 0632,Daryani Hutagalung
CUS 0633,Daryani Hutasoit
CUS 0634,Daryani Puspasari
CUS 0635,Dasa Irawan
CUS 0636,Devi Aryani
CUS 0637,Devi Situmorang
CUS 0638,Dewi Melani
CUS 0639,Dewi Prakasa
CUS 0640,"Dewi Wijayanti, M.Farm"
CUS 0641,Diah Agustina
CUS 0642,Diah Haryanti
CUS 0643,Diah Marbun
CUS 0644,Diah Palastri
CUS 0645,Diah Usada
CUS 0646,Diah Waskita
CUS 0647,Dian Hakim
CUS 0648,Dian Laksmiwati
CUS 0649,Dian Mangunsong
CUS 0650,Dian Rahayu
CUS 0651,Dian Suryono
CUS 0652,Dian Tarihoran
CUS 0653,Diana Dabukke
CUS 0654,"Diana Damanik, S.Farm"
CUS 0655,Diana Januar
CUS 0656,Diana Lestari
CUS 0657,Diana Pranowo
CUS 0658,Diana Riyanti
CUS 0659,Digdaya Hutagalung
CUS 0660,Digdaya Hutasoit
CUS 0661,Digdaya Irawan
CUS 0662,"Digdaya Nasyiah, M.Kom."
CUS 0663,Dimas Kuswandari
CUS 0664,Dimas Lailasari
CUS 0665,Dimas Pradana
CUS 0666,Dimas Waskita
CUS 0667,Dimas Widiastuti
CUS 0668,Dimaz Ramadan
CUS 0669,Dimaz Suryono
CUS 0670,Dimaz Winarno
CUS 0671,"Dina Anggriawan, S.I.Kom"
CUS 0672,Dina Budiman
CUS 0673,Dina Halimah
CUS 0674,Dina Hasanah
CUS 0675,Dina Maulana
CUS 0676,Dina Ramadan
CUS 0677,"Dinda Lailasari, S.Gz"
CUS 0678,Dinda Saefullah
CUS 0679,Dinda Waluyo
CUS 0680,Dipa Oktaviani
CUS 0681,"Dirja Nababan, S.Pt"
CUS 0682,Dirja Wahyuni
CUS 0683,Dodo Najmudin
CUS 0684,Dodo Nasyidah
CUS 0685,"Dodo Samosir, M.Kom."
CUS 0686,Dodo Thamrin
CUS 0687,Dodo Waskita
CUS 0688,Dono Safitri
CUS 0689,"dr. Ade Wibowo, S.I.Kom"
CUS 0690,dr. Agnes Prayoga
CUS 0691,"dr. Agnes Saptono, M.Pd"
CUS 0692,"dr. Agnes Zulaika, M.Ak"
CUS 0693,Dr. Aisyah Wibowo
CUS 0694,dr. Ajeng Siregar
CUS 0695,"dr. Ajimin Napitupulu, S.E."
CUS 0696,dr. Akarsana Siregar
CUS 0697,"Dr. Ami Purwanti, S.T."
CUS 0698,"dr. Among Marbun, S.IP"
CUS 0699,"Dr. Ana Namaga, S.H."
CUS 0700,dr. Anom Zulkarnain
CUS 0701,"dr. Aslijan Pertiwi, M.Pd"
CUS 0702,"dr. Aswani Widiastuti, M.M."
CUS 0703,Dr. Atmaja Mardhiyah
CUS 0704,"dr. Bagas Astuti, M.Pd"
CUS 0705,Dr. Bagas Nashiruddin
CUS 0706,"Dr. Bagus Prasetyo, S.IP"
CUS 0707,"Dr. Bajragin Anggriawan, S.T."
CUS 0708,"Dr. Bakianto Maulana, S.Sos"
CUS 0709,dr. Bakiman Hidayat
CUS 0710,Dr. Bakiono Budiman
CUS 0711,Dr. Bakiono Rahimah
CUS 0712,"dr. Bala Maulana, S.I.Kom"
CUS 0713,dr. Balapati Marpaung
CUS 0714,Dr. Banara Andriani
CUS 0715,Dr. Banawa Firgantoro
CUS 0716,dr. Bancar Kurniawan
CUS 0717,"Dr. Bella Palastri, M.Ak"
CUS 0718,"dr. Cager Mustofa, S.IP"
CUS 0719,Dr. Caket Laksita
CUS 0720,"dr. Caket Safitri, S.Pd"
CUS 0721,"dr. Cawuk Narpati, S.H."
CUS 0722,dr. Cindy Pudjiastuti
CUS 0723,"Dr. Cinta Ardianto, M.TI."
CUS 0724,"Dr. Dalima Manullang, M.M."
CUS 0725,Dr. Daliman Thamrin
CUS 0726,"Dr. Damar Hutagalung, M.M."
CUS 0727,dr. Danuja Kuswandari
CUS 0728,"Dr. Dariati Rahimah, S.Gz"
CUS 0729,"dr. Darman Dongoran, S.IP"
CUS 0730,"dr. Daryani Mandasari, S.T."
CUS 0731,Dr. Dewi Riyanti
CUS 0732,Dr. Diah Firmansyah
CUS 0733,"dr. Dwi Manullang, S.Ked"
CUS 0734,Dr. Edison Haryanti
CUS 0735,"dr. Edison Irawan, S.T."
CUS 0736,"dr. Ega Widodo, S.Gz"
CUS 0737,"Dr. Eka Januar, S.Pt"
CUS 0738,dr. Eli Dabukke
CUS 0739,dr. Eli Puspasari
CUS 0740,dr. Ella Hardiansyah
CUS 0741,dr. Elon Damanik
CUS 0742,Dr. Empluk Suwarno
CUS 0743,Dr. Endah Simanjuntak
CUS 0744,dr. Estiawan Wibowo
CUS 0745,"Dr. Farhunnisa Handayani, S.Ked"
CUS 0746,"Dr. Farhunnisa Lestari, M.TI."
CUS 0747,"Dr. Fitria Siregar, S.H."
CUS 0748,dr. Gada Hutagalung
CUS 0749,"Dr. Gada Puspasari, S.Pd"
CUS 0750,Dr. Gading Puspita
CUS 0751,dr. Gaduh Wibisono
CUS 0752,"Dr. Gaiman Dongoran, S.IP"
CUS 0753,Dr. Galang Tamba
CUS 0754,dr. Galuh Widiastuti
CUS 0755,"Dr. Gaman Dabukke, S.Kom"
CUS 0756,"dr. Gaman Hutagalung, S.E.I"
CUS 0757,"dr. Gandewa Nababan, M.Ak"
CUS 0758,"dr. Garang Anggraini, M.TI."
CUS 0759,Dr. Gawati Rahmawati
CUS 0760,dr. Genta Padmasari
CUS 0761,dr. Ghaliyati Fujiati
CUS 0762,"dr. Gilda Hastuti, S.Sos"
CUS 0763,Dr. Hafshah Tarihoran
CUS 0764,"dr. Hairyanto Purnawati, S.T."
CUS 0765,dr. Halima Mandala
CUS 0766,"dr. Hani Ardianto, S.Pd"
CUS 0767,dr. Hani Maulana
CUS 0768,Dr. Harsana Andriani
CUS 0769,"Dr. Hartaka Winarsih, S.IP"
CUS 0770,Dr. Harto Kusumo
CUS 0771,dr. Hasim Kusmawati
CUS 0772,"Dr. Ibrahim Sudiati, M.Ak"
CUS 0773,"Dr. Ikin Mandala, S.Psi"
CUS 0774,Dr. Ilsa Yuniar
CUS 0775,"dr. Ina Hutapea, S.E."
CUS 0776,"Dr. Ina Puspita, S.Ked"
CUS 0777,dr. Intan Rahimah
CUS 0778,"dr. Irsad Wasita, S.E."
CUS 0779,Dr. Jail Laksita
CUS 0780,"dr. Janet Manullang, M.TI."
CUS 0781,"dr. Jarwa Pradipta, S.E."
CUS 0782,"Dr. Jefri Yuniar, M.Kom."
CUS 0783,"dr. Jelita Fujiati, S.Ked"
CUS 0784,Dr. Jessica Siregar
CUS 0785,"dr. Jindra Hardiansyah, S.Ked"
CUS 0786,dr. Julia Nasyidah
CUS 0787,"dr. Julia Widiastuti, S.Psi"
CUS 0788,"dr. Kamila Saptono, M.Farm"
CUS 0789,"Dr. Kasiyah Adriansyah, S.IP"
CUS 0790,Dr. Kiandra Zulkarnain
CUS 0791,"dr. Lalita Hidayanto, S.Gz"
CUS 0792,dr. Laras Laksita
CUS 0793,"dr. Laras Palastri, S.Psi"
CUS 0794,dr. Lasmono Samosir
CUS 0795,dr. Latif Mulyani
CUS 0796,"dr. Latif Suwarno, S.Psi"
CUS 0797,"Dr. Latika Wastuti, S.E."
CUS 0798,Dr. Lega Kurniawan
CUS 0799,"dr. Leo Situmorang, S.Ked"
CUS 0800,"dr. Lidya Halim, S.H."
CUS 0801,Dr. Lintang Gunarto
CUS 0802,Dr. Lukita Narpati
CUS 0803,dr. Lukman Megantara
CUS 0804,"dr. Lutfan Laksita, S.Gz"
CUS 0805,dr. Maida Januar
CUS 0806,dr. Mala Oktaviani
CUS 0807,"dr. Marwata Oktaviani, M.Ak"
CUS 0808,"Dr. Maya Dongoran, S.E.I"
CUS 0809,"Dr. Mustika Iswahyudi, M.TI."
CUS 0810,"dr. Mutia Agustina, S.IP"
CUS 0811,"Dr. Mutia Susanti, S.E."
CUS 0812,"dr. Nadia Habibi, S.Pt"
CUS 0813,"dr. Najam Sihombing, S.H."
CUS 0814,"Dr. Nalar Sitompul, M.M."
CUS 0815,dr. Nardi Waskita
CUS 0816,dr. Nasrullah Hariyah
CUS 0817,"Dr. Natalia Mustofa, M.TI."
CUS 0818,dr. Novi Dabukke
CUS 0819,Dr. Nyana Manullang
CUS 0820,dr. Okta Napitupulu
CUS 0821,"Dr. Oskar Puspasari, S.Pt"
CUS 0822,Dr. Ozy Yuniar
CUS 0823,"Dr. Pangestu Marpaung, M.Kom."
CUS 0824,"Dr. Pangestu Wahyudin, S.Psi"
CUS 0825,"Dr. Parman Budiman, S.Sos"
CUS 0826,Dr. Pia Natsir
CUS 0827,"Dr. Pia Simbolon, M.Pd"
CUS 0828,"dr. Pia Wibisono, S.I.Kom"
CUS 0829,"dr. Prabowo Hardiansyah, M.Kom."
CUS 0830,Dr. Prabowo Suryono
CUS 0831,"Dr. Prakosa Waskita, M.Farm"
CUS 0832,"dr. Pranawa Nugroho, S.Kom"
CUS 0833,"Dr. Puput Prayoga, S.Kom"
CUS 0834,"Dr. Puspa Prakasa, S.Sos"
CUS 0835,dr. Puti Wulandari
CUS 0836,"Dr. Qori Prayoga, M.Kom."
CUS 0837,dr. Raden Widodo
CUS 0838,"dr. Rafid Yuliarti, M.TI."
CUS 0839,dr. Raharja Rajata
CUS 0840,dr. Rahayu Kusumo
CUS 0841,Dr. Rahayu Nuraini
CUS 0842,dr. Rahmi Rajata
CUS 0843,dr. Raina Nababan
CUS 0844,Dr. Ratna Suwarno
CUS 0845,"dr. Reksa Dabukke, S.Sos"
CUS 0846,Dr. Respati Hastuti
CUS 0847,Dr. Rika Kusumo
CUS 0848,"dr. Rika Natsir, S.Ked"
CUS 0849,Dr. Saadat Maheswara
CUS 0850,Dr. Sabri Laksita
CUS 0851,Dr. Sakti Widiastuti
CUS 0852,"Dr. Salimah Maryadi, M.Ak"
CUS 0853,dr. Salman Prakasa
CUS 0854,"Dr. Salwa Mustofa, S.E.I"
CUS 0855,"dr. Samiah Wibowo, M.M."
CUS 0856,dr. Samsul Siregar
CUS 0857,"dr. Sarah Wulandari, S.Gz"
CUS 0858,Dr. Sari Namaga
CUS 0859,"dr. Septi Latupono, S.IP"
CUS 0860,"dr. Shakila Uwais, S.E."
CUS 0861,dr. Siska Damanik
CUS 0862,"dr. Siska Nuraini, S.IP"
CUS 0863,"Dr. Talia Sihombing, S.Kom"
CUS 0864,Dr. Tari Agustina
CUS 0865,dr. Tari Hasanah
CUS 0866,"Dr. Taswir Prasetya, M.Ak"
CUS 0867,Dr. Taufan Halim
CUS 0868,Dr. Uda Prasetyo
CUS 0869,dr. Uli Mansur
CUS 0870,"Dr. Uli Najmudin, M.Ak"
CUS 0871,"Dr. Ulva Widiastuti, M.TI."
CUS 0872,"Dr. Ulya Manullang, S.Farm"
CUS 0873,dr. Ulya Tamba
CUS 0874,dr. Vanya Maulana
CUS 0875,"dr. Vanya Yuliarti, S.Sos"
CUS 0876,dr. Vera Nasyidah
CUS 0877,"dr. Vera Siregar, S.H."
CUS 0878,Dr. Vera Widodo
CUS 0879,"dr. Vero Budiyanto, S.I.Kom"
CUS 0880,dr. Victoria Pertiwi
CUS 0881,"Dr. Victoria Wastuti, S.Pt"
CUS 0882,dr. Viktor Salahudin
CUS 0883,dr. Vino Hutagalung
CUS 0884,dr. Violet Latupono
CUS 0885,"dr. Wardaya Wahyudin, S.E."
CUS 0886,dr. Warsita Simanjuntak
CUS 0887,Dr. Wasis Hutagalung
CUS 0888,"Dr. Winda Pangestu, S.Pd"
CUS 0889,"dr. Winda Simbolon, S.Psi"
CUS 0890,"Dr. Wisnu Zulkarnain, S.H."
CUS 0891,dr. Yani Lailasari
CUS 0892,"dr. Yulia Halim, M.Farm"
CUS 0893,"Dr. Yuni Lailasari, S.Ked"
CUS 0894,dr. Yunita Permadi
CUS 0895,Dr. Yunita Yuliarti
CUS 0896,Dr. Yusuf Wijaya
CUS 0897,"dr. Zalindra Waskita, S.T."
CUS 0898,dr. Zelaya Lazuardi
CUS 0899,Dr. Zelaya Mayasari
CUS 0900,Drajat Haryanti
CUS 0901,Drajat Laksmiwati
CUS 0902,"Drajat Marbun, S.Sos"
CUS 0903,Drajat Zulaika
CUS 0904,"drg. Akarsana Oktaviani, M.M."
CUS 0905,"drg. Akarsana Wijaya, M.Farm"
CUS 0906,"drg. Amalia Nasyiah, S.Farm"
CUS 0907,drg. Ami Kusumo
CUS 0908,"drg. Bagus Marpaung, S.T."
CUS 0909,"drg. Bagya Haryanti, S.I.Kom"
CUS 0910,drg. Bahuwarna Maryadi
CUS 0911,drg. Bakianto Nugroho
CUS 0912,drg. Bakijan Kusumo
CUS 0913,drg. Balamantri Hidayanto
CUS 0914,drg. Balidin Kusumo
CUS 0915,drg. Balijan Wibowo
CUS 0916,"drg. Cakrabirawa Handayani, M.Farm"
CUS 0917,drg. Capa Oktaviani
CUS 0918,drg. Caraka Lestari
CUS 0919,"drg. Cengkir Marbun, M.Farm"
CUS 0920,drg. Ciaobella Mardhiyah
CUS 0921,drg. Ciaobella Rajasa
CUS 0922,drg. Cici Sihombing
CUS 0923,"drg. Cindy Hutagalung, M.Farm"
CUS 0924,"drg. Cinthia Oktaviani, S.Ked"
CUS 0925,"drg. Citra Sihombing, S.E.I"
CUS 0926,drg. Dasa Hassanah
CUS 0927,drg. Dewi Rajasa
CUS 0928,drg. Diana Firmansyah
CUS 0929,drg. Eka Setiawan
CUS 0930,drg. Endra Pratama
CUS 0931,drg. Erik Prasetya
CUS 0932,drg. Farah Haryanto
CUS 0933,drg. Gading Salahudin
CUS 0934,"drg. Galur Pertiwi, S.E."
CUS 0935,"drg. Gaman Tampubolon, S.Sos"
CUS 0936,drg. Gandewa Gunawan
CUS 0937,"drg. Genta Mulyani, M.Kom."
CUS 0938,"drg. Ghaliyati Oktaviani, M.Ak"
CUS 0939,"drg. Gilda Prasetya, S.H."
CUS 0940,drg. Humaira Prasasta
CUS 0941,"drg. Ifa Handayani, S.IP"
CUS 0942,"drg. Ifa Purnawati, M.Ak"
CUS 0943,"drg. Ika Nababan, S.IP"
CUS 0944,"drg. Ilyas Rahimah, M.Ak"
CUS 0945,"drg. Indra Hakim, M.Ak"
CUS 0946,drg. Intan Ardianto
CUS 0947,"drg. Jaga Saefullah, S.Farm"
CUS 0948,"drg. Jaiman Sitorus, S.Pd"
CUS 0949,drg. Jamalia Waluyo
CUS 0950,"drg. Jaya Latupono, S.Gz"
CUS 0951,drg. Jelita Mangunsong
CUS 0952,"drg. Kala Hidayat, S.I.Kom"
CUS 0953,drg. Kania Fujiati
CUS 0954,"drg. Kayun Melani, S.H."
CUS 0955,drg. Kayun Saptono
CUS 0956,drg. Keisha Utama
CUS 0957,"drg. Kemba Yuliarti, S.Pt"
CUS 0958,drg. Kenzie Maulana
CUS 0959,"drg. Lanang Wibisono, S.Farm"
CUS 0960,drg. Lili Nugroho
CUS 0961,drg. Luis Prasetyo
CUS 0962,"drg. Maya Hasanah, M.Pd"
CUS 0963,drg. Maya Nurdiyanti
CUS 0964,drg. Michelle Wibowo
CUS 0965,drg. Mumpuni Aryani
CUS 0966,drg. Nalar Prastuti
CUS 0967,"drg. Nilam Nashiruddin, S.Pt"
CUS 0968,"drg. Nova Utama, S.Sos"
CUS 0969,drg. Pangestu Prayoga
CUS 0970,"drg. Panji Sihombing, S.I.Kom"
CUS 0971,drg. Paramita Halim
CUS 0972,"drg. Paramita Winarsih, S.T."
CUS 0973,drg. Prakosa Manullang
CUS 0974,"drg. Puspa Pradipta, S.H."
CUS 0975,drg. Qori Usamah
CUS 0976,"drg. Queen Wijayanti, M.Farm"
CUS 0977,drg. Raina Handayani
CUS 0978,"drg. Rangga Tampubolon, M.Ak"
CUS 0979,drg. Ridwan Setiawan
CUS 0980,"drg. Rina Hartati, S.Kom"
CUS 0981,"drg. Rini Kusumo, S.Psi"
CUS 0982,drg. Sabar Megantara
CUS 0983,"drg. Sadina Najmudin, S.I.Kom"
CUS 0984,"drg. Sakura Wasita, S.E."
CUS 0985,"drg. Silvia Handayani, M.Pd"
CUS 0986,drg. Silvia Pratama
CUS 0987,drg. Suci Nashiruddin
CUS 0988,drg. Tantri Andriani
CUS 0989,drg. Tantri Anggriawan
CUS 0990,"drg. Taswir Hidayat, S.E.I"
CUS 0991,drg. Teddy Napitupulu
CUS 0992,drg. Titi Purwanti
CUS 0993,"drg. Tri Firgantoro, S.IP"
CUS 0994,drg. Tugiman Siregar
CUS 0995,"drg. Uchita Sirait, S.Sos"
CUS 0996,drg. Wirda Budiyanto
CUS 0997,drg. Yance Purwanti
CUS 0998,drg. Yani Pradana
CUS 0999,drg. Yuliana Prasasta
CUS 1000,"drg. Yuni Pertiwi, S.Pd"
CUS 1001,drg. Zahra Widodo
CUS 1002,"drg. Zamira Megantara, M.Ak"
CUS 1003,"drg. Zamira Prakasa, S.I.Kom"
CUS 1004,drg. Zizi Kuswandari
CUS 1005,Drs. Ajimin Kusmawati
CUS 1006,"Drs. Alambana Nuraini, M.Farm"
CUS 1007,"Drs. Amelia Mandasari, S.Ked"
CUS 1008,"Drs. Ana Yolanda, S.H."
CUS 1009,"Drs. Anggabaya Gunarto, S.Farm"
CUS 1010,"Drs. Ani Mulyani, M.Pd"
CUS 1011,"Drs. Anita Andriani, S.Sos"
CUS 1012,Drs. Anita Riyanti
CUS 1013,Drs. Aris Pradipta
CUS 1014,Drs. Artanto Nasyidah
CUS 1015,"Drs. Ayu Yuniar, S.Pd"
CUS 1016,"Drs. Bakidin Aryani, S.E.I"
CUS 1017,Drs. Balidin Halim
CUS 1018,"Drs. Bambang Haryanti, M.Farm"
CUS 1019,Drs. Cager Wastuti
CUS 1020,"Drs. Cahyadi Wahyudin, S.Gz"
CUS 1021,Drs. Cahyo Mandala
CUS 1022,Drs. Catur Nasyiah
CUS 1023,"Drs. Cayadi Suryono, M.Pd"
CUS 1024,Drs. Cinthia Hartati
CUS 1025,Drs. Dalima Hutapea
CUS 1026,Drs. Dalimin Megantara
CUS 1027,Drs. Darsirah Handayani
CUS 1028,Drs. Devi Safitri
CUS 1029,"Drs. Dina Mustofa, S.T."
CUS 1030,"Drs. Dipa Firgantoro, S.Pt"
CUS 1031,Drs. Ega Sudiati
CUS 1032,Drs. Ella Prasetyo
CUS 1033,"Drs. Ellis Maheswara, M.Pd"
CUS 1034,Drs. Eluh Hartati
CUS 1035,Drs. Eva Haryanti
CUS 1036,Drs. Eva Sirait
CUS 1037,"Drs. Febi Melani, S.Sos"
CUS 1038,Drs. Gabriella Habibi
CUS 1039,"Drs. Gamani Hidayat, M.Kom."
CUS 1040,Drs. Gamani Lazuardi
CUS 1041,"Drs. Gambira Fujiati, S.Sos"
CUS 1042,"Drs. Gandi Rahimah, S.Gz"
CUS 1043,Drs. Gangsa Rahimah
CUS 1044,"Drs. Ganjaran Yuliarti, M.Kom."
CUS 1045,"Drs. Gina Firgantoro, S.E."
CUS 1046,"Drs. Hafshah Marbun, M.Pd"
CUS 1047,"Drs. Hamima Yulianti, M.Kom."
CUS 1048,"Drs. Ihsan Oktaviani, M.TI."
CUS 1049,Drs. Ilsa Namaga
CUS 1050,"Drs. Indah Lailasari, S.Gz"
CUS 1051,"Drs. Indra Najmudin, S.IP"
CUS 1052,Drs. Irma Prasetyo
CUS 1053,Drs. Jagaraga Pudjiastuti
CUS 1054,Drs. Jais Adriansyah
CUS 1055,"Drs. Jamal Prabowo, S.Psi"
CUS 1056,Drs. Jamal Rahimah
CUS 1057,"Drs. Jasmin Yuliarti, S.Pt"
CUS 1058,"Drs. Jati Prasetya, M.M."
CUS 1059,Drs. Jefri Waskita
CUS 1060,"Drs. Joko Dongoran, S.H."
CUS 1061,"Drs. Julia Mahendra, S.IP"
CUS 1062,"Drs. Julia Marpaung, S.Pd"
CUS 1063,Drs. Kajen Prabowo
CUS 1064,"Drs. Kambali Oktaviani, S.I.Kom"
CUS 1065,"Drs. Kania Adriansyah, S.Psi"
CUS 1066,"Drs. Karimah Agustina, S.Kom"
CUS 1067,"Drs. Karja Irawan, M.Kom."
CUS 1068,Drs. Karsa Rahimah
CUS 1069,"Drs. Kasim Kurniawan, S.H."
CUS 1070,Drs. Kasiran Wacana
CUS 1071,"Drs. Kayla Novitasari, S.E.I"
CUS 1072,Drs. Kiandra Permadi
CUS 1073,Drs. Lala Nainggolan
CUS 1074,Drs. Lalita Nainggolan
CUS 1075,"Drs. Lutfan Andriani, S.H."
CUS 1076,Drs. Melinda Hidayat
CUS 1077,Drs. Nadine Firgantoro
CUS 1078,"Drs. Nasrullah Hastuti, S.Ked"
CUS 1079,Drs. Nilam Kuswandari
CUS 1080,"Drs. Olga Padmasari, S.Psi"
CUS 1081,Drs. Paiman Gunawan
CUS 1082,"Drs. Paiman Suryatmi, M.Farm"
CUS 1083,"Drs. Pranawa Wacana, S.Pd"
CUS 1084,"Drs. Putri Irawan, M.Kom."
CUS 1085,Drs. Rahmi Hutapea
CUS 1086,Drs. Ridwan Nainggolan
CUS 1087,Drs. Rosman Manullang
CUS 1088,"Drs. Sabrina Hidayanto, S.E."
CUS 1089,Drs. Sadina Puspasari
CUS 1090,Drs. Safina Purnawati
CUS 1091,"Drs. Saka Suryono, S.Pd"
CUS 1092,Drs. Sarah Hidayanto
CUS 1093,"Drs. Suci Prakasa, S.Farm"
CUS 1094,"Drs. Syahrini Nasyidah, S.Farm"
CUS 1095,"Drs. Tina Handayani, S.Ked"
CUS 1096,Drs. Tirtayasa Palastri
CUS 1097,"Drs. Tirtayasa Samosir, S.E.I"
CUS 1098,Drs. Titi Sihombing
CUS 1099,"Drs. Titi Wijayanti, S.Pd"
CUS 1100,Drs. Vera Astuti
CUS 1101,"Drs. Victoria Laksita, S.Pt"
CUS 1102,"Drs. Victoria Waluyo, M.Ak"
CUS 1103,"Drs. Wage Lazuardi, M.Ak"
CUS 1104,"Drs. Wardaya Lazuardi, S.Farm"
CUS 1105,Drs. Wardi Nurdiyanti
CUS 1106,"Drs. Yahya Adriansyah, S.E.I"
CUS 1107,"Drs. Yessi Tampubolon, M.TI."
CUS 1108,"Drs. Yunita Kuswandari, S.Ked"
CUS 1109,Drs. Zamira Dongoran
CUS 1110,"Drs. Zamira Novitasari, S.Psi"
CUS 1111,Drs. Zizi Manullang
CUS 1112,Dt. Adiarja Sinaga
CUS 1113,Dt. Anggabaya Tarihoran
CUS 1114,Dt. Aris Damanik
CUS 1115,"Dt. Arsipatra Susanti, M.M."
CUS 1116,Dt. Bajragin Damanik
CUS 1117,"Dt. Banara Hutasoit, S.Sos"
CUS 1118,"Dt. Cemeti Sitorus, S.Gz"
CUS 1119,"Dt. Chandra Utama, M.Kom."
CUS 1120,"Dt. Dacin Latupono, M.Ak"
CUS 1121,Dt. Dirja Wijaya
CUS 1122,"Dt. Dodo Simanjuntak, M.M."
CUS 1123,"Dt. Edi Sitorus, S.Sos"
CUS 1124,"Dt. Edi Wibisono, S.Psi"
CUS 1125,Dt. Edward Nababan
CUS 1126,Dt. Embuh Saefullah
CUS 1127,Dt. Emin Budiyanto
CUS 1128,"Dt. Enteng Hartati, S.Pt"
CUS 1129,"Dt. Estiono Rajata, S.Psi"
CUS 1130,Dt. Gantar Kusmawati
CUS 1131,"Dt. Hardi Ramadan, S.E."
CUS 1132,Dt. Harsanto Yuniar
CUS 1133,"Dt. Ivan Natsir, M.Ak"
CUS 1134,"Dt. Jabal Wastuti, S.Pd"
CUS 1135,Dt. Kala Narpati
CUS 1136,Dt. Kamidin Tarihoran
CUS 1137,"Dt. Karma Waskita, S.Sos"
CUS 1138,"Dt. Koko Nababan, S.Pt"
CUS 1139,"Dt. Laksana Winarno, S.Sos"
CUS 1140,"Dt. Lanang Prastuti, M.Farm"
CUS 1141,Dt. Leo Dongoran
CUS 1142,"Dt. Lukita Setiawan, S.E."
CUS 1143,Dt. Lutfan Najmudin
CUS 1144,"Dt. Maman Suwarno, S.E."
CUS 1145,"Dt. Maryadi Purwanti, S.Sos"
CUS 1146,Dt. Mitra Sitorus
CUS 1147,Dt. Mujur Winarno
CUS 1148,"Dt. Mulya Yolanda, M.Farm"
CUS 1149,"Dt. Mustika Waluyo, S.E.I"
CUS 1150,Dt. Naradi Nainggolan
CUS 1151,Dt. Pandu Prakasa
CUS 1152,Dt. Pangeran Jailani
CUS 1153,"Dt. Perkasa Wijayanti, M.Farm"
CUS 1154,Dt. Purwa Nashiruddin
CUS 1155,"Dt. Putu Kusmawati, S.Sos"
CUS 1156,"Dt. Raihan Pudjiastuti, S.Pd"
CUS 1157,"Dt. Tomi Mahendra, S.Psi"
CUS 1158,"Dt. Umar Situmorang, M.Farm"
CUS 1159,Dwi Adriansyah
CUS 1160,Dwi Anggriawan
CUS 1161,Dwi Laksmiwati
CUS 1162,Dwi Sihotang
CUS 1163,Edi Adriansyah
CUS 1164,Edi Anggraini
CUS 1165,Edi Hariyah
CUS 1166,Edi Maryati
CUS 1167,Edi Mayasari
CUS 1168,Edi Melani
CUS 1169,Edi Permata
CUS 1170,Edi Wastuti
CUS 1171,Edi Wibowo
CUS 1172,Edi Widiastuti
CUS 1173,Edison Hidayat
CUS 1174,Edison Pangestu
CUS 1175,Edison Riyanti
CUS 1176,Edison Situmorang
CUS 1177,Edison Waskita
CUS 1178,Edward Hakim
CUS 1179,Edward Kurniawan
CUS 1180,Edward Mayasari
CUS 1181,Edward Purwanti
CUS 1182,Edward Widiastuti
CUS 1183,Ega Prakasa
CUS 1184,Eja Mansur
CUS 1185,"Eja Prasasta, S.IP"
CUS 1186,Eja Pudjiastuti
CUS 1187,Eka Wahyuni
CUS 1188,Eka Wibisono
CUS 1189,Eka Wijayanti
CUS 1190,Eko Suryatmi
CUS 1191,Eli Agustina
CUS 1192,Eli Anggraini
CUS 1193,Eli Irawan
CUS 1194,Eli Kuswoyo
CUS 1195,Eli Lestari
CUS 1196,Eli Siregar
CUS 1197,Eli Wastuti
CUS 1198,Eli Widiastuti
CUS 1199,Eli Widodo
CUS 1200,Elisa Budiman
CUS 1201,Elisa Gunarto
CUS 1202,Elisa Kuswandari
CUS 1203,Elisa Mahendra
CUS 1204,Elisa Novitasari
CUS 1205,Elisa Sinaga
CUS 1206,"Ella Hutapea, S.Sos"
CUS 1207,"Ella Irawan, S.Farm"
CUS 1208,Ella Jailani
CUS 1209,Ella Mahendra
CUS 1210,Ella Nainggolan
CUS 1211,"Ella Oktaviani, S.Pd"
CUS 1212,"Ella Padmasari, S.E.I"
CUS 1213,Ella Pudjiastuti
CUS 1214,Ella Salahudin
CUS 1215,Ella Sihombing
CUS 1216,Ella Simbolon
CUS 1217,Ella Sitompul
CUS 1218,"Ella Sudiati, S.IP"
CUS 1219,Ella Suryono
CUS 1220,Ella Uwais
CUS 1221,Ellis Budiyanto
CUS 1222,Ellis Haryanto
CUS 1223,Ellis Hastuti
CUS 1224,"Ellis Lailasari, S.Farm"
CUS 1225,Ellis Pradana
CUS 1226,Ellis Prastuti
CUS 1227,Ellis Sitompul
CUS 1228,Elma Hastuti
CUS 1229,"Elma Maheswara, S.H."
CUS 1230,Elma Palastri
CUS 1231,Elma Samosir
CUS 1232,Elma Zulaika
CUS 1233,Elma Zulkarnain
CUS 1234,"Elon Dabukke, S.H."
CUS 1235,Elon Mahendra
CUS 1236,Elon Nuraini
CUS 1237,Elon Sinaga
CUS 1238,Elon Siregar
CUS 1239,Elon Wahyudin
CUS 1240,"Elon Yolanda, S.T."
CUS 1241,Eluh Marbun
CUS 1242,Eluh Safitri
CUS 1243,Eluh Wahyuni
CUS 1244,Elvin Anggriawan
CUS 1245,Elvin Damanik
CUS 1246,Elvin Samosir
CUS 1247,"Elvin Samosir, S.Ked"
CUS 1248,Elvin Setiawan
CUS 1249,Elvin Sitorus
CUS 1250,Elvin Zulaika
CUS 1251,Elvina Mahendra
CUS 1252,Elvina Saptono
CUS 1253,"Elvina Sihombing, S.I.Kom"
CUS 1254,"Elvina Usamah, S.H."
CUS 1255,Eman Mandala
CUS 1256,Eman Prabowo
CUS 1257,"Eman Tampubolon, M.Kom."
CUS 1258,"Eman Wacana, S.T."
CUS 1259,"Emas Prabowo, M.Farm"
CUS 1260,Emas Prasasta
CUS 1261,Embuh Hasanah
CUS 1262,Embuh Jailani
CUS 1263,"Embuh Pertiwi, S.Pt"
CUS 1264,"Embuh Suryono, S.H."
CUS 1265,Emin Andriani
CUS 1266,Emin Putra
CUS 1267,Emin Sitorus
CUS 1268,Emong Lazuardi
CUS 1269,Emong Simanjuntak
CUS 1270,"Empluk Lestari, S.E.I"
CUS 1271,Empluk Widodo
CUS 1272,Endah Handayani
CUS 1273,Endah Mayasari
CUS 1274,Endah Oktaviani
CUS 1275,"Endah Tampubolon, S.IP"
CUS 1276,Endah Tarihoran
CUS 1277,"Endra Anggriawan, M.Kom."
CUS 1278,Endra Suryatmi
CUS 1279,Endra Waskita
CUS 1280,"Enteng Marpaung, M.Kom."
CUS 1281,Erik Haryanto
CUS 1282,Erik Maryati
CUS 1283,Erik Saefullah
CUS 1284,"Estiawan Laksita, S.Farm"
CUS 1285,"Estiawan Mulyani, S.E."
CUS 1286,Estiawan Prabowo
CUS 1287,Estiawan Sinaga
CUS 1288,Estiono Anggraini
CUS 1289,Estiono Januar
CUS 1290,Estiono Maheswara
CUS 1291,Estiono Situmorang
CUS 1292,Eva Lailasari
CUS 1293,Eva Marbun
CUS 1294,Eva Novitasari
CUS 1295,Eva Thamrin
CUS 1296,Eva Wijayanti
CUS 1297,Faizah Hidayanto
CUS 1298,"Faizah Kurniawan, S.T."
CUS 1299,"Faizah Maryati, S.Gz"
CUS 1300,"Faizah Napitupulu, S.Kom"
CUS 1301,Faizah Rahayu
CUS 1302,Faizah Sihotang
CUS 1303,Faizah Tampubolon
CUS 1304,Faizah Thamrin
CUS 1305,Farah Mandala
CUS 1306,"Farah Mandala, S.H."
CUS 1307,Farah Prastuti
CUS 1308,Farah Pudjiastuti
CUS 1309,"Farhunnisa Megantara, M.Kom."
CUS 1310,"Farhunnisa Oktaviani, S.Pt"
CUS 1311,Farhunnisa Prakasa
CUS 1312,Farhunnisa Prasasta
CUS 1313,Farhunnisa Prasetyo
CUS 1314,Farhunnisa Puspasari
CUS 1315,Farhunnisa Widodo
CUS 1316,Fathonah Irawan
CUS 1317,Fathonah Nashiruddin
CUS 1318,Fathonah Nasyidah
CUS 1319,Fathonah Saptono
CUS 1320,Fathonah Siregar
CUS 1321,Fathonah Wahyudin
CUS 1322,Febi Hidayanto
CUS 1323,Febi Kuswoyo
CUS 1324,Febi Lailasari
CUS 1325,Febi Maheswara
CUS 1326,Febi Tamba
CUS 1327,Febi Winarno
CUS 1328,Fitria Permadi
CUS 1329,"Fitria Pudjiastuti, S.Pt"
CUS 1330,"Fitria Puspasari, M.TI."
CUS 1331,Fitria Suryono
CUS 1332,Fitria Yuniar
CUS 1333,"Fitriani Handayani, S.Farm"
CUS 1334,Fitriani Mandasari
CUS 1335,Fitriani Melani
CUS 1336,Fitriani Nugroho
CUS 1337,Fitriani Sitompul
CUS 1338,Fitriani Suryatmi
CUS 1339,"Fitriani Thamrin, S.H."
CUS 1340,Gabriella Pudjiastuti
CUS 1341,Gabriella Sitompul
CUS 1342,Gada Anggraini
CUS 1343,Gada Maheswara
CUS 1344,Gada Ramadan
CUS 1345,"Gada Sihombing, S.IP"
CUS 1346,Gada Tamba
CUS 1347,Gada Tarihoran
CUS 1348,"Gadang Hastuti, M.TI."
CUS 1349,"Gadang Hutasoit, M.Farm"
CUS 1350,Gadang Prasetya
CUS 1351,Gading Kurniawan
CUS 1352,Gading Namaga
CUS 1353,"Gading Pratiwi, S.Farm"
CUS 1354,"Gading Samosir, S.Gz"
CUS 1355,Gading Wahyuni
CUS 1356,Gaduh Rahmawati
CUS 1357,Gaiman Rajata
CUS 1358,Gaiman Sitorus
CUS 1359,Galak Aryani
CUS 1360,Galak Dabukke
CUS 1361,"Galak Kuswoyo, M.M."
CUS 1362,Galak Nugroho
CUS 1363,Galak Usamah
CUS 1364,Galar Nasyiah
CUS 1365,Galar Wastuti
CUS 1366,Galar Winarno
CUS 1367,Galih Maheswara
CUS 1368,Galih Mulyani
CUS 1369,Galih Pradipta
CUS 1370,Galih Pratiwi
CUS 1371,"Galih Saputra, M.TI."
CUS 1372,Galih Uyainah
CUS 1373,Galih Wahyudin
CUS 1374,Galih Yulianti
CUS 1375,Galiono Uyainah
CUS 1376,Galiono Yuliarti
CUS 1377,Galuh Halimah
CUS 1378,Galuh Handayani
CUS 1379,Galuh Nashiruddin
CUS 1380,Galuh Oktaviani
CUS 1381,Galuh Prasasta
CUS 1382,Galuh Samosir
CUS 1383,Galuh Siregar
CUS 1384,Galuh Wijaya
CUS 1385,Galur Hutagalung
CUS 1386,Galur Latupono
CUS 1387,Galur Namaga
CUS 1388,Gaman Hartati
CUS 1389,Gaman Megantara
CUS 1390,Gaman Oktaviani
CUS 1391,Gamani Nuraini
CUS 1392,"Gamani Prasetya, S.E.I"
CUS 1393,Gamanto Hutapea
CUS 1394,Gamanto Mayasari
CUS 1395,"Gamanto Pranowo, M.Pd"
CUS 1396,Gamanto Puspasari
CUS 1397,"Gamanto Sihombing, M.TI."
CUS 1398,Gambira Adriansyah
CUS 1399,"Gambira Budiman, M.Kom."
CUS 1400,Gambira Prasasta
CUS 1401,Gamblang Nurdiyanti
CUS 1402,Gamblang Riyanti
CUS 1403,Ganda Habibi
CUS 1404,Gandewa Kuswoyo
CUS 1405,"Gandewa Lazuardi, S.Kom"
CUS 1406,Gandewa Marbun
CUS 1407,Gandewa Pratama
CUS 1408,Gandewa Suryono
CUS 1409,Gandewa Wijayanti
CUS 1410,Gandi Nashiruddin
CUS 1411,Gandi Oktaviani
CUS 1412,"Gandi Palastri, S.T."
CUS 1413,Gandi Riyanti
CUS 1414,"Gandi Santoso, S.Pt"
CUS 1415,Gandi Saputra
CUS 1416,Ganep Budiman
CUS 1417,Ganep Halim
CUS 1418,"Ganep Nasyidah, S.Pt"
CUS 1419,"Gangsa Yuliarti, S.T."
CUS 1420,Gangsa Yuniar
CUS 1421,"Gangsar Lazuardi, M.TI."
CUS 1422,Gangsar Maulana
CUS 1423,Gangsar Nasyidah
CUS 1424,Gangsar Simbolon
CUS 1425,Ganjaran Prasetya
CUS 1426,Ganjaran Rahmawati
CUS 1427,Ganjaran Tamba
CUS 1428,Ganjaran Utami
CUS 1429,Gantar Dongoran
CUS 1430,Gantar Utama
CUS 1431,Gara Haryanti
CUS 1432,Gara Siregar
CUS 1433,Gara Thamrin
CUS 1434,Garan Farida
CUS 1435,Garang Hastuti
CUS 1436,Garang Hutapea
CUS 1437,Garang Nashiruddin
CUS 1438,Garang Pudjiastuti
CUS 1439,Garang Saragih
CUS 1440,Garda Marpaung
CUS 1441,Garda Nuraini
CUS 1442,Garda Sirait
CUS 1443,Garda Susanti
CUS 1444,Gasti Andriani
CUS 1445,Gasti Gunarto
CUS 1446,Gasti Haryanto
CUS 1447,"Gasti Hidayanto, S.Gz"
CUS 1448,"Gasti Megantara, S.Gz"
CUS 1449,Gasti Melani
CUS 1450,Gasti Nashiruddin
CUS 1451,Gasti Permata
CUS 1452,Gasti Prasetyo
CUS 1453,Gasti Pudjiastuti
CUS 1454,Gasti Santoso
CUS 1455,"Gasti Simbolon, S.Farm"
CUS 1456,Gasti Situmorang
CUS 1457,Gatot Pertiwi
CUS 1458,"Gatot Uwais, S.Gz"
CUS 1459,Gatot Zulaika
CUS 1460,Gatra Budiyanto
CUS 1461,Gatra Lestari
CUS 1462,Gatra Winarno
CUS 1463,Gawati Astuti
CUS 1464,Gawati Iswahyudi
CUS 1465,"Gawati Pangestu, S.Ked"
CUS 1466,Gawati Samosir
CUS 1467,Genta Kusumo
CUS 1468,Genta Permadi
CUS 1469,Genta Purnawati
CUS 1470,Genta Waluyo
CUS 1471,Ghaliyati Andriani
CUS 1472,Ghaliyati Halim
CUS 1473,Ghani Situmorang
CUS 1474,Gilang Novitasari
CUS 1475,Gilda Agustina
CUS 1476,Gilda Budiyanto
CUS 1477,Gilda Dongoran
CUS 1478,Gilda Narpati
CUS 1479,Gilda Wulandari
CUS 1480,"Gina Kuswandari, S.H."
CUS 1481,"Gina Puspita, S.Pd"
CUS 1482,"Gina Ramadan, S.T."
CUS 1483,Gina Waluyo
CUS 1484,H. Aditya Jailani
CUS 1485,H. Agus Pratama
CUS 1486,H. Anggabaya Nababan
CUS 1487,"H. Asirwanda Rajasa, S.H."
CUS 1488,"H. Asmadi Saefullah, S.Psi"
CUS 1489,H. Atma Nababan
CUS 1490,"H. Bagus Hassanah, S.H."
CUS 1491,H. Bakiadi Natsir
CUS 1492,H. Bambang Susanti
CUS 1493,"H. Banawa Putra, M.Kom."
CUS 1494,H. Caturangga Santoso
CUS 1495,"H. Cemplunk Usada, M.Pd"
CUS 1496,H. Damar Rahimah
CUS 1497,H. Darijan Ardianto
CUS 1498,H. Dimas Kuswoyo
CUS 1499,"H. Dipa Permata, S.Ked"
CUS 1500,H. Eja Pradipta
CUS 1501,"H. Endra Sitorus, S.Pt"
CUS 1502,H. Ganep Usada
CUS 1503,"H. Gangsa Purwanti, S.Pt"
CUS 1504,H. Hardi Tamba
CUS 1505,"H. Harimurti Mansur, S.Farm"
CUS 1506,"H. Harjaya Hariyah, S.Farm"
CUS 1507,H. Harjo Santoso
CUS 1508,"H. Harsanto Rahmawati, M.Farm"
CUS 1509,"H. Hartana Budiman, S.I.Kom"
CUS 1510,H. Himawan Wastuti
CUS 1511,H. Jaeman Utami
CUS 1512,"H. Jagaraga Haryanti, S.T."
CUS 1513,"H. Jasmani Budiyanto, M.Pd"
CUS 1514,"H. Kanda Anggraini, S.Gz"
CUS 1515,"H. Kawaca Maulana, S.Ked"
CUS 1516,H. Kayun Farida
CUS 1517,"H. Kayun Hariyah, S.Sos"
CUS 1518,"H. Kunthara Prayoga, M.M."
CUS 1519,H. Laksana Rahmawati
CUS 1520,H. Langgeng Prasetya
CUS 1521,"H. Lembah Prakasa, S.Gz"
CUS 1522,H. Maman Saefullah
CUS 1523,H. Martani Nugroho
CUS 1524,"H. Maryadi Kuswoyo, M.Kom."
CUS 1525,"H. Maryadi Saptono, S.E.I"
CUS 1526,"H. Muhammad Palastri, S.Ked"
CUS 1527,H. Mujur Wibisono
CUS 1528,H. Nasim Latupono
CUS 1529,H. Ozy Palastri
CUS 1530,"H. Raditya Lailasari, M.Pd"
CUS 1531,"H. Raharja Saefullah, S.Pd"
CUS 1532,H. Sakti Wahyuni
CUS 1533,"H. Taufan Suryatmi, M.Farm"
CUS 1534,H. Unggul Siregar
CUS 1535,"H. Vega Mardhiyah, S.Sos"
CUS 1536,"H. Wardaya Zulkarnain, S.Pd"
CUS 1537,Hadi Haryanti
CUS 1538,"Hadi Mardhiyah, S.Psi"
CUS 1539,Hadi Wibowo
CUS 1540,Hafshah Nainggolan
CUS 1541,"Hafshah Nurdiyanti, M.Pd"
CUS 1542,Hafshah Padmasari
CUS 1543,Hafshah Prakasa
CUS 1544,"Hafshah Santoso, S.T."
CUS 1545,Hafshah Simanjuntak
CUS 1546,Hafshah Sitorus
CUS 1547,Hafshah Situmorang
CUS 1548,Hairyanto Astuti
CUS 1549,"Hairyanto Pranowo, S.IP"
CUS 1550,Hairyanto Safitri
CUS 1551,Hairyanto Sinaga
CUS 1552,Hairyanto Tamba
CUS 1553,Halim Gunarto
CUS 1554,Halim Irawan
CUS 1555,Halim Lestari
CUS 1556,"Halim Nababan, S.T."
CUS 1557,"Halim Oktaviani, M.M."
CUS 1558,Halim Sinaga
CUS 1559,Halima Hartati
CUS 1560,Halima Januar
CUS 1561,Halima Maryadi
CUS 1562,Halima Mulyani
CUS 1563,Halima Mustofa
CUS 1564,Halima Nugroho
CUS 1565,Halima Prabowo
CUS 1566,Halima Puspasari
CUS 1567,Halima Rajasa
CUS 1568,Halima Tamba
CUS 1569,Hamima Anggriawan
CUS 1570,Hamima Aryani
CUS 1571,"Hamima Mahendra, S.E."
CUS 1572,"Hamima Mardhiyah, S.Sos"
CUS 1573,Hamima Megantara
CUS 1574,Hamima Nugroho
CUS 1575,Hamima Permadi
CUS 1576,Hamima Prabowo
CUS 1577,"Hamima Widiastuti, S.Farm"
CUS 1578,Hamima Wulandari
CUS 1579,"Hamzah Kuswandari, S.E.I"
CUS 1580,Hamzah Pradipta
CUS 1581,Hamzah Wijaya
CUS 1582,Hana Budiman
CUS 1583,Hana Gunawan
CUS 1584,"Hana Haryanti, M.M."
CUS 1585,Hana Kusmawati
CUS 1586,Hana Marbun
CUS 1587,"Hana Pratama, S.Pd"
CUS 1588,"Hana Sihotang, S.Kom"
CUS 1589,"Hana Tampubolon, S.E.I"
CUS 1590,"Hana Usada, M.Pd"
CUS 1591,Hani Firgantoro
CUS 1592,Hani Hidayat
CUS 1593,Hani Jailani
CUS 1594,Hani Januar
CUS 1595,Hani Mulyani
CUS 1596,"Hani Novitasari, S.E."
CUS 1597,"Hani Prasasta, S.E."
CUS 1598,Hani Setiawan
CUS 1599,Hardana Pudjiastuti
CUS 1600,Hardana Samosir
CUS 1601,Hardi Kuswandari
CUS 1602,Hardi Laksmiwati
CUS 1603,"Hari Uwais, M.Ak"
CUS 1604,"Harimurti Adriansyah, M.Ak"
CUS 1605,Harimurti Gunarto
CUS 1606,Harimurti Halim
CUS 1607,Harja Kurniawan
CUS 1608,Harja Nasyidah
CUS 1609,Harjasa Adriansyah
CUS 1610,"Harjasa Mangunsong, S.Kom"
CUS 1611,"Harjasa Maulana, S.Ked"
CUS 1612,Harjasa Nababan
CUS 1613,"Harjasa Saragih, S.Pd"
CUS 1614,Harjaya Anggraini
CUS 1615,Harjaya Nasyiah
CUS 1616,"Harjaya Putra, S.H."
CUS 1617,Harjo Zulkarnain
CUS 1618,"Harsana Prayoga, M.TI."
CUS 1619,Harsaya Oktaviani
CUS 1620,"Hartana Hartati, S.IP"
CUS 1621,Hartana Napitupulu
CUS 1622,Hartana Prastuti
CUS 1623,Hasan Dabukke
CUS 1624,Hasan Handayani
CUS 1625,Hasan Nashiruddin
CUS 1626,"Hasan Rahayu, S.Kom"
CUS 1627,Hasan Waskita
CUS 1628,Hasim Gunawan
CUS 1629,Hasim Kusumo
CUS 1630,Hasim Prasetyo
CUS 1631,Hasim Sinaga
CUS 1632,Hasim Tamba
CUS 1633,Hasna Hakim
CUS 1634,"Hasna Hutasoit, S.Sos"
CUS 1635,Hasna Mahendra
CUS 1636,Hasna Prabowo
CUS 1637,Hasna Pranowo
CUS 1638,Hasna Suartini
CUS 1639,Hasna Thamrin
CUS 1640,Hasta Marbun
CUS 1641,Hasta Zulaika
CUS 1642,"Hendra Astuti, S.E.I"
CUS 1643,Hendra Lazuardi
CUS 1644,"Hendra Suryono, S.Pd"
CUS 1645,"Hendri Putra, M.M."
CUS 1646,Hendri Thamrin
CUS 1647,Hendri Winarno
CUS 1648,Heru Hidayanto
CUS 1649,Heru Prasetyo
CUS 1650,Heru Simbolon
CUS 1651,"Heru Sirait, S.Kom"
CUS 1652,Heru Thamrin
CUS 1653,Heryanto Adriansyah
CUS 1654,Heryanto Hakim
CUS 1655,Hesti Ardianto
CUS 1656,Hesti Damanik
CUS 1657,Hesti Gunarto
CUS 1658,"Hesti Nasyiah, S.Psi"
CUS 1659,Hesti Simbolon
CUS 1660,Hilda Andriani
CUS 1661,Hilda Anggriawan
CUS 1662,"Hilda Haryanti, S.E.I"
CUS 1663,Hilda Iswahyudi
CUS 1664,Hilda Manullang
CUS 1665,Hilda Nainggolan
CUS 1666,Hilda Nurdiyanti
CUS 1667,"Hilda Nurdiyanti, S.Sos"
CUS 1668,Hilda Permata
CUS 1669,Hilda Sihombing
CUS 1670,Hilda Sitorus
CUS 1671,Hilda Winarsih
CUS 1672,Himawan Laksita
CUS 1673,Himawan Sitorus
CUS 1674,Himawan Widodo
CUS 1675,"Hj. Ajeng Haryanto, S.E.I"
CUS 1676,Hj. Ajeng Yuliarti
CUS 1677,"Hj. Alika Simbolon, M.Pd"
CUS 1678,"Hj. Amalia Damanik, S.E."
CUS 1679,"Hj. Amalia Sihombing, S.H."
CUS 1680,Hj. Aurora Napitupulu
CUS 1681,Hj. Ayu Gunarto
CUS 1682,Hj. Carla Suryatmi
CUS 1683,"Hj. Chelsea Sihombing, S.I.Kom"
CUS 1684,Hj. Cindy Sinaga
CUS 1685,Hj. Eka Gunawan
CUS 1686,"Hj. Eva Haryanto, S.Sos"
CUS 1687,Hj. Fitriani Suryatmi
CUS 1688,Hj. Gasti Adriansyah
CUS 1689,"Hj. Ika Hardiansyah, M.Farm"
CUS 1690,"Hj. Ira Lazuardi, S.Ked"
CUS 1691,Hj. Jessica Dabukke
CUS 1692,Hj. Kasiyah Lailasari
CUS 1693,Hj. Laras Setiawan
CUS 1694,"Hj. Latika Purwanti, S.Sos"
CUS 1695,Hj. Maimunah Marbun
CUS 1696,"Hj. Maimunah Nugroho, S.Kom"
CUS 1697,"Hj. Mala Kusmawati, S.T."
CUS 1698,Hj. Mala Salahudin
CUS 1699,Hj. Nabila Dongoran
CUS 1700,Hj. Nabila Sinaga
CUS 1701,Hj. Natalia Winarno
CUS 1702,Hj. Nova Pudjiastuti
CUS 1703,Hj. Novi Prayoga
CUS 1704,Hj. Oni Utama
CUS 1705,Hj. Ophelia Halim
CUS 1706,"Hj. Ophelia Mahendra, M.Ak"
CUS 1707,"Hj. Padmi Padmasari, S.Pd"
CUS 1708,"Hj. Paris Winarsih, S.IP"
CUS 1709,Hj. Pia Kusmawati
CUS 1710,"Hj. Puti Waskita, S.H."
CUS 1711,"Hj. Queen Waskita, S.I.Kom"
CUS 1712,"Hj. Raina Narpati, S.Pt"
CUS 1713,Hj. Shania Permata
CUS 1714,Hj. Siti Uwais
CUS 1715,"Hj. Suci Puspasari, S.E.I"
CUS 1716,"Hj. Talia Hardiansyah, S.Pt"
CUS 1717,"Hj. Talia Lailasari, S.Ked"
CUS 1718,"Hj. Tantri Susanti, S.E.I"
CUS 1719,Hj. Tiara Pratiwi
CUS 1720,Hj. Uli Hardiansyah
CUS 1721,"Hj. Vanya Anggriawan, S.Ked"
CUS 1722,"Hj. Victoria Anggriawan, S.Pt"
CUS 1723,"Hj. Yance Jailani, M.Pd"
CUS 1724,"Hj. Yulia Kusmawati, S.E.I"
CUS 1725,Hj. Zaenab Putra
CUS 1726,Humaira Adriansyah
CUS 1727,Humaira Ardianto
CUS 1728,Humaira Hariyah
CUS 1729,"Humaira Hariyah, S.Pt"
CUS 1730,Humaira Hidayat
CUS 1731,Humaira Permadi
CUS 1732,"Humaira Pertiwi, M.M."
CUS 1733,Humaira Sihotang
CUS 1734,Ian Anggraini
CUS 1735,Ian Sihombing
CUS 1736,Ibrahim Firgantoro
CUS 1737,"Ibrahim Mardhiyah, S.Pd"
CUS 1738,Ibrahim Widiastuti
CUS 1739,Ibrani Wacana
CUS 1740,Ibun Jailani
CUS 1741,Ibun Samosir
CUS 1742,Icha Januar
CUS 1743,"Icha Samosir, M.Kom."
CUS 1744,Icha Siregar
CUS 1745,Ida Kurniawan
CUS 1746,Ida Nababan
CUS 1747,Ida Prakasa
CUS 1748,Ida Rajata
CUS 1749,Ida Sitorus
CUS 1750,Ida Wasita
CUS 1751,Ida Wulandari
CUS 1752,Ifa Mulyani
CUS 1753,Ifa Nurdiyanti
CUS 1754,Ifa Pranowo
CUS 1755,"Ifa Pratama, S.Pd"
CUS 1756,Ifa Rajata
CUS 1757,"Ifa Safitri, S.I.Kom"
CUS 1758,Ihsan Mardhiyah
CUS 1759,Ihsan Namaga
CUS 1760,Ihsan Setiawan
CUS 1761,Ika Adriansyah
CUS 1762,"Ika Damanik, S.Gz"
CUS 1763,Ika Gunawan
CUS 1764,Ika Pradipta
CUS 1765,Ika Riyanti
CUS 1766,Ika Salahudin
CUS 1767,Ika Wibowo
CUS 1768,Ikhsan Kuswandari
CUS 1769,Ikin Adriansyah
CUS 1770,Ikin Firmansyah
CUS 1771,Ikin Mustofa
CUS 1772,"Ikin Prasasta, S.Pd"
CUS 1773,"Ilsa Aryani, S.T."
CUS 1774,Ilsa Mansur
CUS 1775,Ilsa Rajata
CUS 1776,Ilsa Saefullah
CUS 1777,"Ilsa Samosir, S.H."
CUS 1778,Ilsa Sitorus
CUS 1779,Ilsa Tamba
CUS 1780,Ilsa Thamrin
CUS 1781,Ilsa Wahyuni
CUS 1782,"Ilyas Marbun, S.Pt"
CUS 1783,Imam Laksita
CUS 1784,"Imam Thamrin, S.Pt"
CUS 1785,Ina Damanik
CUS 1786,Ina Santoso
CUS 1787,Ina Simbolon
CUS 1788,Ina Tarihoran
CUS 1789,Indah Fujiati
CUS 1790,Indah Kusumo
CUS 1791,Indah Nashiruddin
CUS 1792,Indah Novitasari
CUS 1793,Indah Pratiwi
CUS 1794,Indah Puspita
CUS 1795,Indah Suryono
CUS 1796,Indah Zulaika
CUS 1797,Indra Anggriawan
CUS 1798,Indra Hasanah
CUS 1799,"Indra Mandasari, M.Ak"
CUS 1800,Indra Mulyani
CUS 1801,"Indra Sinaga, S.E.I"
CUS 1802,"Intan Halimah, M.Pd"
CUS 1803,Intan Rahimah
CUS 1804,Intan Winarno
CUS 1805,"Ir. Ade Ramadan, S.H."
CUS 1806,Ir. Ade Uyainah
CUS 1807,"Ir. Ami Dongoran, S.Pd"
CUS 1808,"Ir. Anggabaya Putra, M.Kom."
CUS 1809,Ir. Bagas Fujiati
CUS 1810,Ir. Bakiman Palastri
CUS 1811,Ir. Bella Nuraini
CUS 1812,"Ir. Cahya Hassanah, S.E."
CUS 1813,Ir. Cahya Widiastuti
CUS 1814,"Ir. Caraka Yuniar, S.H."
CUS 1815,"Ir. Carla Permadi, S.T."
CUS 1816,Ir. Carla Prabowo
CUS 1817,"Ir. Caturangga Simbolon, S.Kom"
CUS 1818,"Ir. Chelsea Salahudin, S.T."
CUS 1819,Ir. Ciaobella Pranowo
CUS 1820,"Ir. Cornelia Maryati, M.Ak"
CUS 1821,"Ir. Danu Rahimah, S.E."
CUS 1822,Ir. Darmaji Dabukke
CUS 1823,"Ir. Devi Mandasari, S.Gz"
CUS 1824,Ir. Dina Permata
CUS 1825,"Ir. Eka Sihotang, M.Kom."
CUS 1826,"Ir. Endah Suwarno, M.Farm"
CUS 1827,Ir. Estiono Lailasari
CUS 1828,"Ir. Farah Manullang, S.Sos"
CUS 1829,Ir. Fitria Budiman
CUS 1830,"Ir. Fitriani Laksmiwati, S.Pd"
CUS 1831,"Ir. Galih Firmansyah, M.M."
CUS 1832,"Ir. Galiono Yuliarti, S.Kom"
CUS 1833,Ir. Gamanto Permadi
CUS 1834,"Ir. Garda Handayani, M.Farm"
CUS 1835,Ir. Gasti Hakim
CUS 1836,"Ir. Gilda Yuniar, M.Farm"
CUS 1837,"Ir. Halima Hakim, S.Farm"
CUS 1838,"Ir. Hana Manullang, S.Farm"
CUS 1839,"Ir. Harimurti Puspasari, S.Sos"
CUS 1840,"Ir. Heryanto Manullang, S.Kom"
CUS 1841,"Ir. Ibrahim Narpati, S.IP"
CUS 1842,Ir. Ifa Mahendra
CUS 1843,Ir. Ilsa Hakim
CUS 1844,"Ir. Ilsa Sihombing, S.H."
CUS 1845,Ir. Jaiman Wibisono
CUS 1846,Ir. Julia Hardiansyah
CUS 1847,Ir. Kamaria Narpati
CUS 1848,"Ir. Kamila Kusumo, M.Pd"
CUS 1849,Ir. Kani Nasyiah
CUS 1850,"Ir. Kani Tarihoran, S.Sos"
CUS 1851,"Ir. Karja Maryati, S.Farm"
CUS 1852,"Ir. Karsa Marpaung, S.Gz"
CUS 1853,Ir. Kawaya Nashiruddin
CUS 1854,"Ir. Kenari Halimah, M.M."
CUS 1855,Ir. Kenzie Mayasari
CUS 1856,"Ir. Kezia Prastuti, M.Pd"
CUS 1857,"Ir. Labuh Pradana, M.Ak"
CUS 1858,"Ir. Labuh Salahudin, M.Farm"
CUS 1859,Ir. Laras Namaga
CUS 1860,"Ir. Laras Rajata, S.Ked"
CUS 1861,Ir. Latika Utama
CUS 1862,"Ir. Legawa Sinaga, S.Sos"
CUS 1863,"Ir. Lili Waluyo, M.Farm"
CUS 1864,"Ir. Maras Laksita, S.Farm"
CUS 1865,"Ir. Melinda Saefullah, S.Farm"
CUS 1866,"Ir. Mulyono Mardhiyah, S.Pt"
CUS 1867,"Ir. Mustofa Utami, S.E."
CUS 1868,Ir. Nadine Salahudin
CUS 1869,Ir. Najib Najmudin
CUS 1870,Ir. Nyana Rajasa
CUS 1871,Ir. Oliva Hartati
CUS 1872,Ir. Olivia Salahudin
CUS 1873,Ir. Padma Anggriawan
CUS 1874,"Ir. Padma Halimah, S.I.Kom"
CUS 1875,Ir. Pandu Saefullah
CUS 1876,"Ir. Pangestu Waskita, S.Gz"
CUS 1877,Ir. Paramita Nababan
CUS 1878,Ir. Paramita Prastuti
CUS 1879,"Ir. Prabawa Marbun, S.IP"
CUS 1880,"Ir. Prayoga Safitri, S.IP"
CUS 1881,"Ir. Raden Widodo, S.Kom"
CUS 1882,Ir. Raina Budiman
CUS 1883,Ir. Restu Winarno
CUS 1884,Ir. Rina Hutapea
CUS 1885,"Ir. Sari Hidayanto, S.Sos"
CUS 1886,"Ir. Soleh Sitorus, S.Psi"
CUS 1887,Ir. Talia Purwanti
CUS 1888,"Ir. Tantri Kuswandari, S.E."
CUS 1889,"Ir. Tasdik Pratama, M.TI."
CUS 1890,"Ir. Taufan Winarno, M.Kom."
CUS 1891,Ir. Teguh Mandasari
CUS 1892,"Ir. Uli Dongoran, S.Gz"
CUS 1893,Ir. Uli Zulaika
CUS 1894,"Ir. Ulva Wahyuni, M.M."
CUS 1895,Ir. Utama Nuraini
CUS 1896,"Ir. Vanya Hassanah, S.E.I"
CUS 1897,"Ir. Viktor Irawan, M.M."
CUS 1898,Ir. Wani Pratiwi
CUS 1899,"Ir. Wawan Suryatmi, S.E.I"
CUS 1900,Ir. Wirda Rajata
CUS 1901,Ir. Wulan Hariyah
CUS 1902,Ir. Wulan Wahyudin
CUS 1903,"Ir. Zaenab Firgantoro, M.Kom."
CUS 1904,Ira Haryanto
CUS 1905,Ira Laksmiwati
CUS 1906,Ira Napitupulu
CUS 1907,"Ira Purwanti, S.E.I"
CUS 1908,"Ira Uwais, M.TI."
CUS 1909,Ira Winarno
CUS 1910,Ira Wulandari
CUS 1911,"Irfan Anggraini, S.I.Kom"
CUS 1912,Irfan Mandala
CUS 1913,Irfan Prasetya
CUS 1914,Iriana Kusumo
CUS 1915,Iriana Namaga
CUS 1916,Iriana Palastri
CUS 1917,Iriana Permadi
CUS 1918,Iriana Prasasta
CUS 1919,Iriana Puspita
CUS 1920,Iriana Rajasa
CUS 1921,Iriana Sihotang
CUS 1922,Iriana Suartini
CUS 1923,"Iriana Yulianti, S.E."
CUS 1924,Irma Budiman
CUS 1925,Irma Hutagalung
CUS 1926,"Irma Rajasa, S.E."
CUS 1927,Irma Setiawan
CUS 1928,Irma Sirait
CUS 1929,Irma Utama
CUS 1930,Irma Wacana
CUS 1931,"Irnanto Habibi, M.Ak"
CUS 1932,Irnanto Marpaung
CUS 1933,Irnanto Pangestu
CUS 1934,Irnanto Prabowo
CUS 1935,Irnanto Sudiati
CUS 1936,Irnanto Suryatmi
CUS 1937,Irnanto Suryono
CUS 1938,Irnanto Wahyudin
CUS 1939,"Irsad Maheswara, S.Farm"
CUS 1940,Irsad Sinaga
CUS 1941,Irwan Latupono
CUS 1942,Irwan Ramadan
CUS 1943,Ismail Gunarto
CUS 1944,Ismail Mahendra
CUS 1945,Ismail Maulana
CUS 1946,Ismail Prabowo
CUS 1947,Ismail Setiawan
CUS 1948,Ismail Yuliarti
CUS 1949,Ivan Prayoga
CUS 1950,"Jabal Halimah, S.Pt"
CUS 1951,Jabal Santoso
CUS 1952,Jaeman Maryadi
CUS 1953,Jaeman Wibowo
CUS 1954,Jaga Rajata
CUS 1955,Jaga Sudiati
CUS 1956,"Jaga Tarihoran, M.M."
CUS 1957,Jaga Widodo
CUS 1958,Jagapati Ardianto
CUS 1959,Jagapati Narpati
CUS 1960,Jagaraga Andriani
CUS 1961,Jagaraga Anggriawan
CUS 1962,Jagaraga Hartati
CUS 1963,Jagaraga Nuraini
CUS 1964,Jail Irawan
CUS 1965,"Jail Maryadi, S.Gz"
CUS 1966,"Jail Oktaviani, S.E."
CUS 1967,Jail Purwanti
CUS 1968,Jail Waskita
CUS 1969,Jaiman Marpaung
CUS 1970,Jaiman Nugroho
CUS 1971,Jaiman Purnawati
CUS 1972,"Jais Hasanah, S.Sos"
CUS 1973,Jais Hidayat
CUS 1974,Jais Purwanti
CUS 1975,Jaka Maulana
CUS 1976,Jamal Nugroho
CUS 1977,Jamal Purwanti
CUS 1978,Jamalia Anggraini
CUS 1979,Jamalia Lestari
CUS 1980,Jamalia Maheswara
CUS 1981,Jamalia Nuraini
CUS 1982,Jamalia Samosir
CUS 1983,Jamalia Simanjuntak
CUS 1984,Jamalia Yuniar
CUS 1985,Jamil Napitupulu
CUS 1986,Jane Gunawan
CUS 1987,Jane Hidayat
CUS 1988,Jane Nugroho
CUS 1989,"Jane Nurdiyanti, S.Pd"
CUS 1990,Jane Oktaviani
CUS 1991,"Jane Permadi, M.Farm"
CUS 1992,Jane Purwanti
CUS 1993,Jane Rahayu
CUS 1994,Jane Saefullah
CUS 1995,"Jane Uwais, M.Kom."
CUS 1996,Jane Wastuti
CUS 1997,Janet Kuswandari
CUS 1998,Janet Maheswara
CUS 1999,Janet Nababan
CUS 2000,"Janet Prasasta, S.Psi"
CUS 2001,Jarwa Laksita
CUS 2002,Jarwa Safitri
CUS 2003,Jarwadi Hakim
CUS 2004,Jarwadi Namaga
CUS 2005,Jarwadi Palastri
CUS 2006,Jarwadi Saputra
CUS 2007,Jarwi Lestari
CUS 2008,Jarwi Permata
CUS 2009,Jarwi Siregar
CUS 2010,"Jasmani Firgantoro, S.E."
CUS 2011,Jasmani Halim
CUS 2012,Jasmin Haryanti
CUS 2013,Jasmin Hastuti
CUS 2014,"Jasmin Latupono, S.Pd"
CUS 2015,Jasmin Mangunsong
CUS 2016,Jasmin Prabowo
CUS 2017,"Jasmin Rajata, M.M."
CUS 2018,"Jasmin Saputra, S.Kom"
CUS 2019,Jasmin Sihombing
CUS 2020,Jasmin Sirait
CUS 2021,"Jaswadi Hidayanto, S.I.Kom"
CUS 2022,Jaswadi Prabowo
CUS 2023,Jaswadi Saragih
CUS 2024,Jaswadi Sudiati
CUS 2025,Jaswadi Wahyuni
CUS 2026,Jati Sinaga
CUS 2027,Jati Wastuti
CUS 2028,Jatmiko Aryani
CUS 2029,Jatmiko Nashiruddin
CUS 2030,Jatmiko Samosir
CUS 2031,Jatmiko Saragih
CUS 2032,Jatmiko Wijaya
CUS 2033,Jaya Hastuti
CUS 2034,Jaya Latupono
CUS 2035,Jaya Mulyani
CUS 2036,Jaya Safitri
CUS 2037,Jaya Tarihoran
CUS 2038,Jaya Wacana
CUS 2039,Jaya Wibowo
CUS 2040,Jayadi Hidayanto
CUS 2041,"Jayadi Maryadi, S.T."
CUS 2042,Jayadi Pradipta
CUS 2043,"Jayadi Rahmawati, M.Farm"
CUS 2044,Jayeng Firgantoro
CUS 2045,Jayeng Mahendra
CUS 2046,Jefri Adriansyah
CUS 2047,Jefri Suryono
CUS 2048,Jelita Anggraini
CUS 2049,"Jelita Firgantoro, S.E."
CUS 2050,"Jelita Halim, S.H."
CUS 2051,Jelita Hutapea
CUS 2052,Jelita Pangestu
CUS 2053,Jelita Pratiwi
CUS 2054,"Jelita Ramadan, S.E."
CUS 2055,Jelita Usamah
CUS 2056,Jelita Utami
CUS 2057,Jelita Wahyuni
CUS 2058,Jelita Yuliarti
CUS 2059,Jessica Ardianto
CUS 2060,Jessica Januar
CUS 2061,Jessica Lailasari
CUS 2062,Jessica Laksita
CUS 2063,Jessica Palastri
CUS 2064,Jessica Puspasari
CUS 2065,Jessica Samosir
CUS 2066,Jessica Santoso
CUS 2067,Jessica Saragih
CUS 2068,Jessica Simanjuntak
CUS 2069,Jinawi Agustina
CUS 2070,"Jinawi Firgantoro, S.E.I"
CUS 2071,Jinawi Saefullah
CUS 2072,Jinawi Yolanda
CUS 2073,Jindra Adriansyah
CUS 2074,"Jindra Ardianto, M.Farm"
CUS 2075,Jindra Halimah
CUS 2076,Jindra Maryadi
CUS 2077,Jindra Mulyani
CUS 2078,Jindra Palastri
CUS 2079,"Jindra Prabowo, S.IP"
CUS 2080,"Jindra Wijayanti, S.Gz"
CUS 2081,Jindra Winarsih
CUS 2082,Johan Anggriawan
CUS 2083,Johan Kusmawati
CUS 2084,"Johan Waskita, S.Psi"
CUS 2085,"Joko Mahendra, S.Gz"
CUS 2086,Joko Maryadi
CUS 2087,Joko Prayoga
CUS 2088,Jono Firmansyah
CUS 2089,Jono Najmudin
CUS 2090,"Jono Winarno, M.Kom."
CUS 2091,Juli Kuswandari
CUS 2092,Juli Maheswara
CUS 2093,Juli Mandasari
CUS 2094,Juli Nababan
CUS 2095,Juli Prayoga
CUS 2096,"Julia Adriansyah, S.Pt"
CUS 2097,Julia Budiman
CUS 2098,Julia Habibi
CUS 2099,"Julia Hutapea, S.I.Kom"
CUS 2100,Julia Mardhiyah
CUS 2101,Julia Permadi
CUS 2102,Julia Pertiwi
CUS 2103,Julia Pratama
CUS 2104,Julia Pratiwi
CUS 2105,Julia Sitorus
CUS 2106,Julia Situmorang
CUS 2107,Julia Thamrin
CUS 2108,Julia Utama
CUS 2109,Jumadi Nainggolan
CUS 2110,Jumadi Suryono
CUS 2111,"Jumadi Tarihoran, M.Pd"
CUS 2112,"Jumadi Yuliarti, M.Kom."
CUS 2113,Jumadi Yuniar
CUS 2114,Kacung Aryani
CUS 2115,Kacung Saputra
CUS 2116,Kadir Gunawan
CUS 2117,Kadir Megantara
CUS 2118,Kadir Prabowo
CUS 2119,Kadir Thamrin
CUS 2120,Kadir Winarno
CUS 2121,"Kadir Yulianti, S.Gz"
CUS 2122,Kairav Irawan
CUS 2123,Kairav Maryati
CUS 2124,Kajen Yuliarti
CUS 2125,Kala Prasasta
CUS 2126,Kala Santoso
CUS 2127,Kalim Lestari
CUS 2128,Kalim Megantara
CUS 2129,Kalim Saefullah
CUS 2130,"Kamal Wijaya, S.Pd"
CUS 2131,Kamaria Nasyiah
CUS 2132,Kambali Natsir
CUS 2133,Kambali Suryono
CUS 2134,Kamidin Rahimah
CUS 2135,Kamila Nashiruddin
CUS 2136,Kamila Prakasa
CUS 2137,Kamila Rajasa
CUS 2138,Kamila Safitri
CUS 2139,"Kamila Salahudin, S.IP"
CUS 2140,Kamila Widiastuti
CUS 2141,Kamila Wijaya
CUS 2142,Kanda Farida
CUS 2143,Kanda Sitorus
CUS 2144,Kani Dongoran
CUS 2145,Kani Kurniawan
CUS 2146,Kani Lazuardi
CUS 2147,"Kani Mayasari, S.H."
CUS 2148,"Kani Oktaviani, S.I.Kom"
CUS 2149,"Kani Wijaya, M.Ak"
CUS 2150,Kania Nuraini
CUS 2151,Kania Puspita
CUS 2152,Kania Winarno
CUS 2153,"Kardi Yuliarti, S.Pt"
CUS 2154,Karen Firmansyah
CUS 2155,Karen Ramadan
CUS 2156,Karen Salahudin
CUS 2157,Karen Saptono
CUS 2158,"Karen Tampubolon, S.Ked"
CUS 2159,Karimah Halimah
CUS 2160,Karimah Hariyah
CUS 2161,Karimah Natsir
CUS 2162,Karimah Pranowo
CUS 2163,Karimah Setiawan
CUS 2164,Karimah Wastuti
CUS 2165,Karimah Widiastuti
CUS 2166,Kariman Halim
CUS 2167,Kariman Latupono
CUS 2168,Kariman Permata
CUS 2169,Kariman Saptono
CUS 2170,Karja Astuti
CUS 2171,Karja Nasyiah
CUS 2172,Karja Rahayu
CUS 2173,Karja Saragih
CUS 2174,Karma Andriani
CUS 2175,Karma Melani
CUS 2176,Karma Purwanti
CUS 2177,Karma Puspita
CUS 2178,Karna Iswahyudi
CUS 2179,Karna Wulandari
CUS 2180,Karsa Prastuti
CUS 2181,Karsa Sihotang
CUS 2182,Karsa Tamba
CUS 2183,Karsana Hakim
CUS 2184,Karsana Pradana
CUS 2185,Karsana Tamba
CUS 2186,Karta Marpaung
CUS 2187,"Karta Prastuti, S.Psi"
CUS 2188,"Kartika Farida, M.Farm"
CUS 2189,Kartika Maryadi
CUS 2190,Kartika Napitupulu
CUS 2191,Kartika Prayoga
CUS 2192,Kartika Rahimah
CUS 2193,Kartika Saragih
CUS 2194,Kartika Sihombing
CUS 2195,"Kartika Sitompul, S.E."
CUS 2196,Karya Wasita
CUS 2197,Karya Yuliarti
CUS 2198,Kasim Anggriawan
CUS 2199,Kasim Prasasta
CUS 2200,Kasim Susanti
CUS 2201,Kasim Uwais
CUS 2202,"Kasiran Melani, S.Pd"
CUS 2203,"Kasiran Palastri, M.Pd"
CUS 2204,Kasiran Prabowo
CUS 2205,Kasiyah Firgantoro
CUS 2206,"Kasiyah Hastuti, S.E."
CUS 2207,Kasiyah Hidayat
CUS 2208,Kasiyah Lestari
CUS 2209,Kasiyah Thamrin
CUS 2210,"Kasiyah Utami, S.I.Kom"
CUS 2211,Kasiyah Wahyudin
CUS 2212,Kasusra Simbolon
CUS 2213,Kawaca Hasanah
CUS 2214,Kawaca Melani
CUS 2215,"Kawaya Nababan, S.Ked"
CUS 2216,Kawaya Suartini
CUS 2217,"Kayla Ardianto, S.Psi"
CUS 2218,Kayla Fujiati
CUS 2219,Kayla Halimah
CUS 2220,Kayla Maryati
CUS 2221,Kayla Pudjiastuti
CUS 2222,Kayla Safitri
CUS 2223,"Kayla Santoso, S.H."
CUS 2224,Kayla Sirait
CUS 2225,Kayla Sitorus
CUS 2226,"Kayun Haryanto, S.T."
CUS 2227,"Kayun Prabowo, S.Ked"
CUS 2228,"Kayun Saragih, M.Pd"
CUS 2229,Kayun Setiawan
CUS 2230,Keisha Anggraini
CUS 2231,Keisha Hastuti
CUS 2232,Keisha Hutagalung
CUS 2233,Keisha Kurniawan
CUS 2234,Keisha Nasyidah
CUS 2235,Keisha Permadi
CUS 2236,Keisha Pudjiastuti
CUS 2237,Keisha Rahayu
CUS 2238,Keisha Simanjuntak
CUS 2239,"Keisha Suartini, S.H."
CUS 2240,"Keisha Winarno, M.Pd"
CUS 2241,Keisha Yuliarti
CUS 2242,Kemal Kusumo
CUS 2243,"Kemal Namaga, S.T."
CUS 2244,Kemba Hassanah
CUS 2245,"Kenari Gunarto, S.Farm"
CUS 2246,Kenari Latupono
CUS 2247,"Kenari Rahmawati, S.I.Kom"
CUS 2248,Kenari Utama
CUS 2249,Kenari Wastuti
CUS 2250,"Kenari Wijaya, M.Pd"
CUS 2251,Kenes Maulana
CUS 2252,Kenes Melani
CUS 2253,"Kenzie Saragih, M.M."
CUS 2254,Kenzie Sihotang
CUS 2255,Kenzie Siregar
CUS 2256,Kenzie Zulaika
CUS 2257,Kezia Fujiati
CUS 2258,"Kezia Fujiati, S.Pd"
CUS 2259,Kezia Laksmiwati
CUS 2260,"Kezia Latupono, S.E."
CUS 2261,Kezia Utami
CUS 2262,"KH. Asman Saptono, S.Pd"
CUS 2263,"KH. Bagya Ardianto, S.Psi"
CUS 2264,"KH. Bakianto Hutasoit, S.I.Kom"
CUS 2265,"KH. Cakrawala Nasyiah, S.Sos"
CUS 2266,KH. Dadi Palastri
CUS 2267,"KH. Dagel Puspita, S.Pt"
CUS 2268,"KH. Dariati Suryono, S.E.I"
CUS 2269,KH. Darmanto Saragih
CUS 2270,KH. Dasa Pranowo
CUS 2271,KH. Edward Handayani
CUS 2272,"KH. Galih Sirait, M.Ak"
CUS 2273,KH. Galiono Tarihoran
CUS 2274,"KH. Gandi Purnawati, M.Kom."
CUS 2275,KH. Garan Tarihoran
CUS 2276,"KH. Hartaka Oktaviani, M.Pd"
CUS 2277,KH. Ilyas Zulkarnain
CUS 2278,"KH. Ivan Wahyudin, S.H."
CUS 2279,KH. Jayeng Hariyah
CUS 2280,"KH. Kacung Pertiwi, M.TI."
CUS 2281,KH. Kadir Suartini
CUS 2282,"KH. Karta Rajasa, M.Pd"
CUS 2283,"KH. Karta Waluyo, S.E.I"
CUS 2284,"KH. Kasusra Hasanah, M.Pd"
CUS 2285,KH. Lasmono Utama
CUS 2286,"KH. Legawa Gunawan, S.I.Kom"
CUS 2287,KH. Luluh Prabowo
CUS 2288,KH. Murti Puspita
CUS 2289,KH. Paiman Suryono
CUS 2290,"KH. Purwa Pertiwi, S.Kom"
CUS 2291,KH. Rafid Handayani
CUS 2292,KH. Raihan Hastuti
CUS 2293,"KH. Rendy Hidayat, M.Pd"
CUS 2294,KH. Sabri Farida
CUS 2295,"KH. Unggul Prasetya, M.Pd"
CUS 2296,"KH. Viktor Hasanah, S.Kom"
CUS 2297,Kiandra Hasanah
CUS 2298,Kiandra Hassanah
CUS 2299,Kiandra Nurdiyanti
CUS 2300,"Kiandra Putra, M.TI."
CUS 2301,"Kiandra Sihotang, S.Psi"
CUS 2302,Kiandra Tampubolon
CUS 2303,Kiandra Thamrin
CUS 2304,Kiandra Wibowo
CUS 2305,Koko Farida
CUS 2306,Kuncara Kusumo
CUS 2307,Kuncara Laksmiwati
CUS 2308,Kuncara Pudjiastuti
CUS 2309,Kuncara Rahmawati
CUS 2310,Kuncara Sihombing
CUS 2311,"Kuncara Sitompul, S.Kom"
CUS 2312,Kunthara Kurniawan
CUS 2313,Kunthara Sitompul
CUS 2314,Kunthara Uwais
CUS 2315,Kunthara Wijayanti
CUS 2316,Kurnia Santoso
CUS 2317,Kusuma Damanik
CUS 2318,Kusuma Hassanah
CUS 2319,Labuh Laksmiwati
CUS 2320,Labuh Widiastuti
CUS 2321,Laila Hartati
CUS 2322,Laila Usamah
CUS 2323,Laila Uyainah
CUS 2324,Laila Wasita
CUS 2325,Laila Winarno
CUS 2326,Laksana Ardianto
CUS 2327,Laksana Gunarto
CUS 2328,Laksana Hutapea
CUS 2329,Laksana Namaga
CUS 2330,"Laksana Usamah, S.E."
CUS 2331,"Lala Hariyah, M.Ak"
CUS 2332,Lala Hidayanto
CUS 2333,Lala Maulana
CUS 2334,"Lala Ramadan, S.Sos"
CUS 2335,Lala Thamrin
CUS 2336,Lalita Haryanto
CUS 2337,Lalita Laksmiwati
CUS 2338,Lalita Mandasari
CUS 2339,Lalita Nababan
CUS 2340,Lalita Pangestu
CUS 2341,Lalita Rajasa
CUS 2342,Lalita Uwais
CUS 2343,Lalita Widodo
CUS 2344,Lamar Riyanti
CUS 2345,Lanang Agustina
CUS 2346,Lanang Maulana
CUS 2347,"Lanang Narpati, M.Ak"
CUS 2348,Lanang Pratama
CUS 2349,Lanang Suwarno
CUS 2350,Lanang Usada
CUS 2351,"Lanang Wahyuni, M.M."
CUS 2352,Lanang Wulandari
CUS 2353,Langgeng Agustina
CUS 2354,Langgeng Hariyah
CUS 2355,Langgeng Siregar
CUS 2356,Lanjar Maulana
CUS 2357,"Lantar Wastuti, S.Psi"
CUS 2358,Lantar Widodo
CUS 2359,Laras Hakim
CUS 2360,"Laras Hassanah, S.H."
CUS 2361,Laras Mangunsong
CUS 2362,Laras Wahyudin
CUS 2363,Lasmanto Hasanah
CUS 2364,Lasmanto Lestari
CUS 2365,Lasmanto Nashiruddin
CUS 2366,Lasmanto Rahmawati
CUS 2367,Lasmono Hardiansyah
CUS 2368,Lasmono Mandala
CUS 2369,Lasmono Prayoga
CUS 2370,"Lasmono Yulianti, S.E.I"
CUS 2371,Lasmono Yuliarti
CUS 2372,Laswi Mangunsong
CUS 2373,Laswi Oktaviani
CUS 2374,Laswi Suryono
CUS 2375,Laswi Utama
CUS 2376,Latif Fujiati
CUS 2377,Latif Simbolon
CUS 2378,Latif Sinaga
CUS 2379,Latika Puspita
CUS 2380,Latika Simanjuntak
CUS 2381,Latika Simbolon
CUS 2382,Lega Maryati
CUS 2383,Lega Siregar
CUS 2384,Lega Wahyudin
CUS 2385,Legawa Putra
CUS 2386,Lembah Damanik
CUS 2387,Lembah Handayani
CUS 2388,Leo Firmansyah
CUS 2389,Leo Marbun
CUS 2390,Leo Pertiwi
CUS 2391,Leo Prasasta
CUS 2392,Leo Puspita
CUS 2393,Leo Utama
CUS 2394,"Lidya Halimah, S.Ked"
CUS 2395,Lidya Mardhiyah
CUS 2396,Lidya Nuraini
CUS 2397,Lidya Prabowo
CUS 2398,Lidya Saefullah
CUS 2399,Lidya Saptono
CUS 2400,Lidya Sirait
CUS 2401,Lili Hastuti
CUS 2402,Lili Irawan
CUS 2403,Lili Mandala
CUS 2404,Lili Sihombing
CUS 2405,"Lili Sihombing, M.M."
CUS 2406,Lili Winarsih
CUS 2407,"Liman Mayasari, S.Ked"
CUS 2408,Liman Pradana
CUS 2409,Liman Zulaika
CUS 2410,Limar Megantara
CUS 2411,Limar Pradana
CUS 2412,"Limar Sinaga, S.Farm"
CUS 2413,Limar Yolanda
CUS 2414,Lintang Agustina
CUS 2415,Lintang Budiyanto
CUS 2416,Lintang Natsir
CUS 2417,Lintang Salahudin
CUS 2418,"Lintang Tampubolon, M.Ak"
CUS 2419,Lintang Tarihoran
CUS 2420,Luhung Marpaung
CUS 2421,Luhung Yuniar
CUS 2422,Luis Damanik
CUS 2423,Luis Firmansyah
CUS 2424,Luis Maheswara
CUS 2425,Luis Suartini
CUS 2426,Luis Usada
CUS 2427,Luis Wahyuni
CUS 2428,Lukita Hardiansyah
CUS 2429,Lukita Hutapea
CUS 2430,Lukita Hutasoit
CUS 2431,Lukita Marbun
CUS 2432,Lukita Nasyidah
CUS 2433,Lukita Nugroho
CUS 2434,Lukita Tampubolon
CUS 2435,Lukman Budiman
CUS 2436,Lukman Uyainah
CUS 2437,"Luluh Hardiansyah, S.Psi"
CUS 2438,"Luluh Najmudin, S.Psi"
CUS 2439,Luluh Pudjiastuti
CUS 2440,"Luluh Santoso, M.Farm"
CUS 2441,Luluh Zulkarnain
CUS 2442,Lulut Mulyani
CUS 2443,Lulut Purnawati
CUS 2444,Lulut Wijaya
CUS 2445,Lurhur Budiman
CUS 2446,Lurhur Laksmiwati
CUS 2447,Lurhur Pratama
CUS 2448,Lurhur Simbolon
CUS 2449,Lurhur Wijaya
CUS 2450,Luthfi Anggriawan
CUS 2451,Luthfi Fujiati
CUS 2452,Luthfi Maryadi
CUS 2453,Luthfi Simbolon
CUS 2454,Luthfi Yolanda
CUS 2455,Luwes Wahyudin
CUS 2456,Luwes Yolanda
CUS 2457,Luwes Zulkarnain
CUS 2458,Mahdi Fujiati
CUS 2459,Mahdi Puspasari
CUS 2460,Mahdi Widodo
CUS 2461,Mahesa Mansur
CUS 2462,Mahesa Prabowo
CUS 2463,Mahesa Widodo
CUS 2464,Mahfud Halimah
CUS 2465,Mahfud Laksmiwati
CUS 2466,Mahfud Siregar
CUS 2467,"Mahmud Latupono, M.Kom."
CUS 2468,Mahmud Megantara
CUS 2469,Mahmud Waluyo
CUS 2470,"Mahmud Waskita, S.Pt"
CUS 2471,Maida Astuti
CUS 2472,"Maida Firmansyah, S.Pt"
CUS 2473,Maida Mahendra
CUS 2474,Maida Mangunsong
CUS 2475,"Maida Oktaviani, S.Pt"
CUS 2476,Maida Tampubolon
CUS 2477,Maida Uyainah
CUS 2478,Maida Wahyuni
CUS 2479,Maida Yulianti
CUS 2480,Maimunah Adriansyah
CUS 2481,"Maimunah Mayasari, S.Pt"
CUS 2482,Maimunah Nasyidah
CUS 2483,"Maimunah Puspita, S.Pd"
CUS 2484,Maimunah Uwais
CUS 2485,"Maimunah Wahyudin, S.E."
CUS 2486,Maimunah Widiastuti
CUS 2487,Makara Hakim
CUS 2488,Makara Napitupulu
CUS 2489,Makara Thamrin
CUS 2490,"Makuta Budiman, S.E."
CUS 2491,"Makuta Budiyanto, M.Kom."
CUS 2492,"Makuta Halim, S.E.I"
CUS 2493,Makuta Kuswandari
CUS 2494,Makuta Mandala
CUS 2495,Makuta Rahimah
CUS 2496,Makuta Wacana
CUS 2497,Mala Hassanah
CUS 2498,Mala Melani
CUS 2499,Mala Nuraini
CUS 2500,Mala Pradana
CUS 2501,"Malik Januar, S.E.I"
CUS 2502,Malik Lailasari
CUS 2503,Malik Nainggolan
CUS 2504,Malik Sirait
CUS 2505,"Malik Suartini, S.Sos"
CUS 2506,Malika Dabukke
CUS 2507,Malika Mardhiyah
CUS 2508,Malika Namaga
CUS 2509,Maman Prastuti
CUS 2510,Maman Tamba
CUS 2511,Manah Oktaviani
CUS 2512,Maras Sitompul
CUS 2513,Maras Suryono
CUS 2514,Margana Budiyanto
CUS 2515,Margana Najmudin
CUS 2516,Margana Nasyidah
CUS 2517,"Maria Adriansyah, S.E.I"
CUS 2518,Maria Januar
CUS 2519,Maria Saptono
CUS 2520,"Maria Sihombing, S.Farm"
CUS 2521,Maria Simbolon
CUS 2522,Maria Situmorang
CUS 2523,"Maria Situmorang, S.Pt"
CUS 2524,Mariadi Halim
CUS 2525,"Mariadi Hutagalung, S.Sos"
CUS 2526,"Mariadi Mardhiyah, M.Kom."
CUS 2527,Mariadi Simbolon
CUS 2528,Mariadi Yuliarti
CUS 2529,Marsito Haryanti
CUS 2530,Marsito Hutasoit
CUS 2531,Marsito Rahmawati
CUS 2532,Marsudi Hassanah
CUS 2533,Marsudi Hidayat
CUS 2534,Marsudi Lestari
CUS 2535,Marsudi Setiawan
CUS 2536,"Martaka Prasasta, S.H."
CUS 2537,Martaka Purwanti
CUS 2538,Martana Prabowo
CUS 2539,Martana Saputra
CUS 2540,Martana Siregar
CUS 2541,Martana Thamrin
CUS 2542,Martani Hartati
CUS 2543,"Martani Hutapea, S.E."
CUS 2544,Martani Latupono
CUS 2545,Martani Najmudin
CUS 2546,Martani Rajasa
CUS 2547,Marwata Mayasari
CUS 2548,"Marwata Narpati, S.Psi"
CUS 2549,Marwata Oktaviani
CUS 2550,Maryadi Gunarto
CUS 2551,Maryadi Uwais
CUS 2552,Maryadi Wahyudin
CUS 2553,Maryanto Hutagalung
CUS 2554,"Maryanto Mayasari, S.Gz"
CUS 2555,Maryanto Suartini
CUS 2556,Maryanto Utama
CUS 2557,Maya Adriansyah
CUS 2558,Maya Kurniawan
CUS 2559,"Maya Megantara, S.Sos"
CUS 2560,Maya Pertiwi
CUS 2561,Melinda Firgantoro
CUS 2562,Melinda Hutagalung
CUS 2563,"Melinda Hutagalung, S.Farm"
CUS 2564,Melinda Januar
CUS 2565,Melinda Mangunsong
CUS 2566,Melinda Marbun
CUS 2567,Melinda Wijayanti
CUS 2568,Michelle Ardianto
CUS 2569,Michelle Handayani
CUS 2570,Mila Anggriawan
CUS 2571,Mila Aryani
CUS 2572,Mila Prasetya
CUS 2573,Mila Puspasari
CUS 2574,Mila Waskita
CUS 2575,Mitra Gunarto
CUS 2576,"Mitra Hutasoit, S.H."
CUS 2577,Mitra Nuraini
CUS 2578,Mitra Ramadan
CUS 2579,Mitra Zulaika
CUS 2580,Muhammad Hasanah
CUS 2581,Muhammad Mangunsong
CUS 2582,"Muhammad Namaga, S.Ked"
CUS 2583,Muhammad Rahimah
CUS 2584,Muhammad Suartini
CUS 2585,Mujur Kusumo
CUS 2586,Mujur Mansur
CUS 2587,Mujur Melani
CUS 2588,Mujur Palastri
CUS 2589,Mujur Purwanti
CUS 2590,Mulya Halimah
CUS 2591,"Mulya Narpati, S.Ked"
CUS 2592,Mulya Nashiruddin
CUS 2593,"Mulya Simanjuntak, S.E."
CUS 2594,Mulya Wasita
CUS 2595,"Mulya Wasita, M.Ak"
CUS 2596,Mulyanto Haryanto
CUS 2597,"Mulyanto Kusmawati, S.Farm"
CUS 2598,"Mulyanto Mustofa, M.M."
CUS 2599,Mulyanto Sitompul
CUS 2600,Mulyono Safitri
CUS 2601,"Mumpuni Mandasari, S.Farm"
CUS 2602,Mumpuni Nurdiyanti
CUS 2603,Mumpuni Tarihoran
CUS 2604,Muni Pangestu
CUS 2605,Muni Sihotang
CUS 2606,Mursinin Mardhiyah
CUS 2607,Mursinin Mayasari
CUS 2608,Mursinin Santoso
CUS 2609,Mursinin Uwais
CUS 2610,Mursita Handayani
CUS 2611,Mursita Hasanah
CUS 2612,"Mursita Kusmawati, S.Kom"
CUS 2613,Mursita Laksmiwati
CUS 2614,Mursita Mustofa
CUS 2615,Mursita Permadi
CUS 2616,Mursita Waskita
CUS 2617,Murti Lestari
CUS 2618,"Murti Mahendra, S.IP"
CUS 2619,Murti Mustofa
CUS 2620,Mustika Budiman
CUS 2621,Mustika Oktaviani
CUS 2622,Mustika Saputra
CUS 2623,"Mustofa Mansur, S.Pd"
CUS 2624,Mustofa Pradipta
CUS 2625,Mutia Adriansyah
CUS 2626,Mutia Aryani
CUS 2627,Mutia Dongoran
CUS 2628,"Mutia Nugroho, S.Pd"
CUS 2629,Mutia Permata
CUS 2630,Mutia Ramadan
CUS 2631,Mutia Suryono
CUS 2632,Mutia Uyainah
CUS 2633,"Nabila Kurniawan, S.T."
CUS 2634,Nabila Mahendra
CUS 2635,Nabila Oktaviani
CUS 2636,Nabila Pradana
CUS 2637,Nabila Pradipta
CUS 2638,Nabila Prayoga
CUS 2639,Nabila Pudjiastuti
CUS 2640,Nabila Sitompul
CUS 2641,Nadia Firmansyah
CUS 2642,Nadia Sihombing
CUS 2643,Nadia Suryono
CUS 2644,Nadia Uyainah
CUS 2645,"Nadia Wulandari, S.E.I"
CUS 2646,Nadine Narpati
CUS 2647,Nadine Permadi
CUS 2648,Nadine Wibowo
CUS 2649,Nadine Zulkarnain
CUS 2650,"Najam Mayasari, S.H."
CUS 2651,Najam Prasetya
CUS 2652,Najib Fujiati
CUS 2653,"Najib Pratama, S.Ked"
CUS 2654,Najib Sihotang
CUS 2655,Najib Suryono
CUS 2656,Najib Wibisono
CUS 2657,Najib Wulandari
CUS 2658,Najwa Aryani
CUS 2659,"Najwa Farida, S.Sos"
CUS 2660,Najwa Hardiansyah
CUS 2661,"Najwa Prayoga, S.Pt"
CUS 2662,Najwa Pudjiastuti
CUS 2663,Najwa Rahimah
CUS 2664,Najwa Setiawan
CUS 2665,Nalar Pangestu
CUS 2666,Nalar Samosir
CUS 2667,Naradi Aryani
CUS 2668,Naradi Nashiruddin
CUS 2669,Nardi Habibi
CUS 2670,Nardi Maheswara
CUS 2671,Nardi Nasyidah
CUS 2672,Nardi Purwanti
CUS 2673,Nardi Setiawan
CUS 2674,Nardi Sirait
CUS 2675,"Narji Laksita, S.Sos"
CUS 2676,"Narji Prakasa, S.Farm"
CUS 2677,Narji Pranowo
CUS 2678,Narji Prayoga
CUS 2679,"Narji Rajata, S.Farm"
CUS 2680,Nasab Napitupulu
CUS 2681,Nasab Samosir
CUS 2682,Nasab Santoso
CUS 2683,Nasim Marpaung
CUS 2684,Nasim Pudjiastuti
CUS 2685,Nasim Tampubolon
CUS 2686,Nasrullah Damanik
CUS 2687,"Nasrullah Marpaung, S.Ked"
CUS 2688,Nasrullah Pranowo
CUS 2689,Nasrullah Wacana
CUS 2690,Natalia Dongoran
CUS 2691,Natalia Hakim
CUS 2692,Natalia Mandala
CUS 2693,Natalia Nashiruddin
CUS 2694,Natalia Prasasta
CUS 2695,Natalia Riyanti
CUS 2696,Natalia Siregar
CUS 2697,Natalia Wahyudin
CUS 2698,"Nilam Hakim, S.Sos"
CUS 2699,Nilam Mansur
CUS 2700,Nilam Nasyidah
CUS 2701,"Nilam Purnawati, S.Psi"
CUS 2702,Nilam Puspita
CUS 2703,Nilam Sinaga
CUS 2704,Nilam Sirait
CUS 2705,Niyaga Kuswandari
CUS 2706,Niyaga Natsir
CUS 2707,Niyaga Waskita
CUS 2708,"Nova Haryanti, M.Ak"
CUS 2709,"Nova Hidayanto, S.E.I"
CUS 2710,Nova Kuswoyo
CUS 2711,Nova Manullang
CUS 2712,"Nova Maulana, M.TI."
CUS 2713,Nova Nurdiyanti
CUS 2714,Nova Purwanti
CUS 2715,"Nova Saptono, S.Sos"
CUS 2716,Nova Sudiati
CUS 2717,Nova Uwais
CUS 2718,Nova Yolanda
CUS 2719,Novi Pudjiastuti
CUS 2720,Novi Purwanti
CUS 2721,Nrima Hutasoit
CUS 2722,Nrima Maryati
CUS 2723,Nrima Prasetyo
CUS 2724,Nrima Wijayanti
CUS 2725,"Nrima Zulkarnain, S.Gz"
CUS 2726,"Nugraha Haryanto, S.Pt"
CUS 2727,Nugraha Hastuti
CUS 2728,Nugraha Widiastuti
CUS 2729,Nugraha Yuniar
CUS 2730,Nurul Dabukke
CUS 2731,Nurul Habibi
CUS 2732,Nurul Haryanti
CUS 2733,Nurul Puspasari
CUS 2734,Nurul Wasita
CUS 2735,Nurul Wastuti
CUS 2736,Nyana Anggraini
CUS 2737,Nyana Laksita
CUS 2738,Nyana Zulaika
CUS 2739,"Nyoman Budiman, S.E.I"
CUS 2740,"Nyoman Damanik, S.IP"
CUS 2741,"Nyoman Habibi, S.I.Kom"
CUS 2742,Nyoman Pranowo
CUS 2743,"Nyoman Wasita, M.Ak"
CUS 2744,Okta Gunawan
CUS 2745,"Okta Mandala, S.Kom"
CUS 2746,Okta Permata
CUS 2747,Okta Pradana
CUS 2748,Okta Putra
CUS 2749,Okta Waskita
CUS 2750,Okta Zulaika
CUS 2751,Okto Kusmawati
CUS 2752,Olga Andriani
CUS 2753,Olga Wibowo
CUS 2754,Oliva Mahendra
CUS 2755,Oliva Mustofa
CUS 2756,Oliva Prastuti
CUS 2757,Oliva Pratiwi
CUS 2758,Oliva Puspita
CUS 2759,"Oliva Wibowo, S.Ked"
CUS 2760,"Oliva Yuliarti, M.Farm"
CUS 2761,Olivia Damanik
CUS 2762,"Olivia Hutagalung, S.IP"
CUS 2763,Olivia Mangunsong
CUS 2764,"Olivia Mardhiyah, S.Ked"
CUS 2765,Olivia Nasyidah
CUS 2766,"Olivia Prasetya, S.T."
CUS 2767,Olivia Putra
CUS 2768,"Olivia Putra, S.Ked"
CUS 2769,Olivia Utami
CUS 2770,Olivia Wasita
CUS 2771,Oman Firgantoro
CUS 2772,Omar Anggriawan
CUS 2773,Omar Mansur
CUS 2774,Omar Zulaika
CUS 2775,Omar Zulkarnain
CUS 2776,Oni Mustofa
CUS 2777,Oni Widiastuti
CUS 2778,Opan Hakim
CUS 2779,Opan Pangestu
CUS 2780,Opan Permadi
CUS 2781,Opan Pradipta
CUS 2782,Opan Siregar
CUS 2783,Ophelia Kuswoyo
CUS 2784,Ophelia Pratama
CUS 2785,Ophelia Zulkarnain
CUS 2786,"Opung Palastri, S.Sos"
CUS 2787,Opung Suryatmi
CUS 2788,Oskar Kuswandari
CUS 2789,Oskar Wibowo
CUS 2790,Ozy Padmasari
CUS 2791,"Ozy Simbolon, S.Ked"
CUS 2792,Padma Laksita
CUS 2793,Padma Lazuardi
CUS 2794,Padma Maryadi
CUS 2795,Padma Oktaviani
CUS 2796,Padma Saputra
CUS 2797,"Padma Zulaika, M.Pd"
CUS 2798,Padmi Hariyah
CUS 2799,Padmi Nasyiah
CUS 2800,Padmi Nasyidah
CUS 2801,"Padmi Prayoga, M.Kom."
CUS 2802,Padmi Rahimah
CUS 2803,Padmi Samosir
CUS 2804,Padmi Sitompul
CUS 2805,Padmi Zulkarnain
CUS 2806,Paiman Purnawati
CUS 2807,Paiman Riyanti
CUS 2808,Pandu Maulana
CUS 2809,"Pandu Purwanti, S.Farm"
CUS 2810,Pandu Wacana
CUS 2811,Pangeran Suryono
CUS 2812,Pangeran Zulkarnain
CUS 2813,Pangestu Dongoran
CUS 2814,Pangestu Ramadan
CUS 2815,Pangestu Yuniar
CUS 2816,Panji Hastuti
CUS 2817,Panji Maheswara
CUS 2818,"Paramita Anggriawan, S.T."
CUS 2819,Paramita Ardianto
CUS 2820,Paramita Haryanti
CUS 2821,Paramita Pertiwi
CUS 2822,"Pardi Hariyah, S.Sos"
CUS 2823,Pardi Laksmiwati
CUS 2824,Pardi Namaga
CUS 2825,"Pardi Wibisono, S.Psi"
CUS 2826,Paris Andriani
CUS 2827,Paris Budiman
CUS 2828,Paris Firgantoro
CUS 2829,Paris Halimah
CUS 2830,Paris Mansur
CUS 2831,Paris Samosir
CUS 2832,Paris Siregar
CUS 2833,Paris Sudiati
CUS 2834,Parman Hartati
CUS 2835,Parman Hutagalung
CUS 2836,Parman Narpati
CUS 2837,Parman Tarihoran
CUS 2838,Patricia Budiyanto
CUS 2839,Patricia Dongoran
CUS 2840,Patricia Mahendra
CUS 2841,Patricia Mangunsong
CUS 2842,Patricia Napitupulu
CUS 2843,"Patricia Prakasa, S.Psi"
CUS 2844,Patricia Prasetyo
CUS 2845,Patricia Rajata
CUS 2846,Patricia Saptono
CUS 2847,Patricia Saragih
CUS 2848,Patricia Simanjuntak
CUS 2849,"Patricia Usamah, M.Pd"
CUS 2850,Paulin Hutagalung
CUS 2851,Paulin Hutasoit
CUS 2852,Paulin Kurniawan
CUS 2853,"Paulin Oktaviani, S.Farm"
CUS 2854,Paulin Pradana
CUS 2855,Paulin Pudjiastuti
CUS 2856,"Paulin Sinaga, S.IP"
CUS 2857,Paulin Siregar
CUS 2858,Paulin Suwarno
CUS 2859,Paulin Usamah
CUS 2860,Paulin Utama
CUS 2861,Paulin Wahyuni
CUS 2862,"Paulin Waluyo, M.Ak"
CUS 2863,Paulin Wastuti
CUS 2864,Paulin Wulandari
CUS 2865,Pia Andriani
CUS 2866,Pia Haryanti
CUS 2867,Pia Hutasoit
CUS 2868,Pia Irawan
CUS 2869,Pia Permata
CUS 2870,Pia Pradipta
CUS 2871,Pia Prakasa
CUS 2872,Pia Pratama
CUS 2873,Pia Putra
CUS 2874,"Pia Rahayu, S.Ked"
CUS 2875,Pia Winarsih
CUS 2876,Praba Dongoran
CUS 2877,Praba Farida
CUS 2878,Praba Pratiwi
CUS 2879,Prabawa Firmansyah
CUS 2880,Prabawa Wibisono
CUS 2881,Prabawa Wibowo
CUS 2882,Prabowo Astuti
CUS 2883,Prabowo Lestari
CUS 2884,Prabowo Rajasa
CUS 2885,Prabowo Widodo
CUS 2886,Prabu Halim
CUS 2887,Prabu Mayasari
CUS 2888,Prabu Safitri
CUS 2889,Prakosa Astuti
CUS 2890,"Prakosa Prastuti, S.Pt"
CUS 2891,"Prakosa Saputra, M.M."
CUS 2892,Prakosa Wastuti
CUS 2893,"Pranata Halim, M.Farm"
CUS 2894,Pranata Laksita
CUS 2895,Pranata Mustofa
CUS 2896,Pranata Riyanti
CUS 2897,Pranata Salahudin
CUS 2898,Pranata Yuniar
CUS 2899,Pranawa Lailasari
CUS 2900,"Pranawa Megantara, S.Psi"
CUS 2901,Pranawa Pertiwi
CUS 2902,Pranawa Yulianti
CUS 2903,Prasetya Andriani
CUS 2904,"Prasetyo Saragih, S.Ked"
CUS 2905,Prayitna Halimah
CUS 2906,Prayitna Haryanti
CUS 2907,Prayitna Hutapea
CUS 2908,"Prayitna Pratiwi, M.Pd"
CUS 2909,"Prayitna Suartini, M.Ak"
CUS 2910,Prayitna Tarihoran
CUS 2911,Prayoga Damanik
CUS 2912,Prayoga Hariyah
CUS 2913,Prayoga Namaga
CUS 2914,Prayoga Permadi
CUS 2915,Prayoga Saputra
CUS 2916,"Prayoga Suryono, S.E.I"
CUS 2917,"Prayogo Budiman, S.Pt"
CUS 2918,Prayogo Hakim
CUS 2919,Prayogo Mulyani
CUS 2920,Prayogo Natsir
CUS 2921,Prima Latupono
CUS 2922,Prima Siregar
CUS 2923,Prima Waluyo
CUS 2924,"Puji Gunarto, S.Kom"
CUS 2925,Puji Handayani
CUS 2926,Puji Melani
CUS 2927,Puji Rajata
CUS 2928,Puji Wasita
CUS 2929,Puput Aryani
CUS 2930,Puput Irawan
CUS 2931,"Puput Pradipta, S.Ked"
CUS 2932,Puput Prayoga
CUS 2933,Puput Puspasari
CUS 2934,Puput Sitorus
CUS 2935,Puput Suartini
CUS 2936,Puput Yulianti
CUS 2937,Purwa Pranowo
CUS 2938,Purwa Wacana
CUS 2939,"Purwadi Hasanah, S.Gz"
CUS 2940,Purwadi Irawan
CUS 2941,Purwanto Mangunsong
CUS 2942,"Purwanto Najmudin, S.Pt"
CUS 2943,Purwanto Saptono
CUS 2944,Puspa Dongoran
CUS 2945,Puspa Hutasoit
CUS 2946,Puspa Manullang
CUS 2947,Puspa Mayasari
CUS 2948,Puspa Novitasari
CUS 2949,"Puspa Widodo, S.E.I"
CUS 2950,"Puti Ade Usada, S.I.Kom"
CUS 2951,Puti Almira Pratiwi
CUS 2952,"Puti Ami Hutapea, S.Farm"
CUS 2953,Puti Betania Setiawan
CUS 2954,Puti Ciaobella Wacana
CUS 2955,Puti Dabukke
CUS 2956,"Puti Ella Farida, S.Sos"
CUS 2957,"Puti Gasti Tampubolon, S.Sos"
CUS 2958,Puti Genta Winarno
CUS 2959,Puti Hariyah
CUS 2960,Puti Hilda Waluyo
CUS 2961,"Puti Icha Lailasari, M.Pd"
CUS 2962,"Puti Icha Usada, M.Farm"
CUS 2963,Puti Ika Simanjuntak
CUS 2964,Puti Ika Situmorang
CUS 2965,"Puti Ilsa Siregar, S.Psi"
CUS 2966,"Puti Ina Tampubolon, S.H."
CUS 2967,"Puti Janet Tampubolon, M.Pd"
CUS 2968,Puti Jessica Rajasa
CUS 2969,Puti Kamaria Hakim
CUS 2970,Puti Kamaria Sihombing
CUS 2971,"Puti Karimah Saragih, S.Gz"
CUS 2972,"Puti Keisha Tamba, S.Gz"
CUS 2973,Puti Lidya Natsir
CUS 2974,Puti Malika Pertiwi
CUS 2975,Puti Melinda Pertiwi
CUS 2976,Puti Mutia Mulyani
CUS 2977,Puti Nadine Samosir
CUS 2978,"Puti Natalia Mardhiyah, M.Kom."
CUS 2979,"Puti Natalia Sudiati, S.Ked"
CUS 2980,"Puti Oni Pertiwi, S.Farm"
CUS 2981,"Puti Ophelia Adriansyah, S.H."
CUS 2982,Puti Padmasari
CUS 2983,"Puti Paris Novitasari, M.TI."
CUS 2984,"Puti Paulin Puspita, S.Sos"
CUS 2985,Puti Prabowo
CUS 2986,"Puti Putri Ardianto, S.H."
CUS 2987,Puti Raisa Firgantoro
CUS 2988,"Puti Ratih Kurniawan, S.Sos"
CUS 2989,Puti Sadina Adriansyah
CUS 2990,"Puti Sakura Winarno, S.E.I"
CUS 2991,"Puti Sari Nugroho, M.Pd"
CUS 2992,Puti Sari Sihotang
CUS 2993,Puti Sihombing
CUS 2994,Puti Silvia Jailani
CUS 2995,Puti Siti Utami
CUS 2996,Puti Tarihoran
CUS 2997,"Puti Titin Nashiruddin, M.Pd"
CUS 2998,"Puti Ulya Putra, S.Gz"
CUS 2999,Puti Vera Firmansyah
CUS 3000,"Puti Victoria Simanjuntak, S.Sos"
CUS 3001,Puti Widodo
CUS 3002,Puti Wulan Tampubolon
CUS 3003,"Puti Yuliana Anggraini, M.Kom."
CUS 3004,"Puti Yuni Utama, S.Ked"
CUS 3005,Puti Yunita Purnawati
CUS 3006,Puti Zelaya Rajasa
CUS 3007,Puti Zizi Maryati
CUS 3008,"Puti Zizi Yolanda, M.Farm"
CUS 3009,Putri Firmansyah
CUS 3010,Putri Hartati
CUS 3011,Putri Nababan
CUS 3012,"Putri Padmasari, S.Pd"
CUS 3013,Putri Permadi
CUS 3014,Putri Pradipta
CUS 3015,Putri Prasetya
CUS 3016,"Putri Wasita, S.IP"
CUS 3017,"Putri Yuliarti, S.Pd"
CUS 3018,Putu Megantara
CUS 3019,"Putu Rahayu, S.Kom"
CUS 3020,Qori Farida
CUS 3021,Qori Mangunsong
CUS 3022,Qori Melani
CUS 3023,Qori Saefullah
CUS 3024,Queen Laksmiwati
CUS 3025,Queen Mardhiyah
CUS 3026,Queen Najmudin
CUS 3027,"Queen Prakasa, M.TI."
CUS 3028,Queen Riyanti
CUS 3029,"Queen Saefullah, M.TI."
CUS 3030,Queen Wulandari
CUS 3031,"R. Adika Suwarno, S.Farm"
CUS 3032,R. Aisyah Hardiansyah
CUS 3033,R. Akarsana Sinaga
CUS 3034,R. Ami Mardhiyah
CUS 3035,"R. Ami Permadi, M.Farm"
CUS 3036,"R. Anastasia Anggriawan, S.Psi"
CUS 3037,R. Anastasia Sitompul
CUS 3038,"R. Atma Farida, S.Farm"
CUS 3039,R. Atma Uwais
CUS 3040,R. Azalea Hakim
CUS 3041,"R. Baktiono Adriansyah, S.Kom"
CUS 3042,"R. Bala Anggriawan, M.Kom."
CUS 3043,"R. Bella Purwanti, M.M."
CUS 3044,R. Betania Iswahyudi
CUS 3045,R. Cakrawangsa Hutapea
CUS 3046,"R. Cakrawangsa Nuraini, S.Psi"
CUS 3047,R. Calista Haryanto
CUS 3048,"R. Capa Dabukke, M.Farm"
CUS 3049,R. Cinta Oktaviani
CUS 3050,R. Dalima Suartini
CUS 3051,"R. Elvina Puspasari, S.Kom"
CUS 3052,"R. Farhunnisa Latupono, S.Sos"
CUS 3053,R. Fathonah Manullang
CUS 3054,"R. Gading Saputra, M.Pd"
CUS 3055,R. Gandi Hasanah
CUS 3056,"R. Gangsa Habibi, M.Kom."
CUS 3057,R. Gilda Sihotang
CUS 3058,"R. Gina Pratiwi, S.IP"
CUS 3059,R. Halima Wahyuni
CUS 3060,"R. Halima Yolanda, S.T."
CUS 3061,"R. Hamima Melani, S.Pt"
CUS 3062,"R. Harsana Habibi, S.Sos"
CUS 3063,R. Hendra Hutasoit
CUS 3064,R. Hesti Agustina
CUS 3065,R. Hilda Marbun
CUS 3066,"R. Hilda Nasyiah, S.H."
CUS 3067,"R. Humaira Budiman, S.Farm"
CUS 3068,"R. Ida Thamrin, M.Pd"
CUS 3069,R. Ika Hariyah
CUS 3070,"R. Ilsa Hutapea, S.T."
CUS 3071,R. Indra Mustofa
CUS 3072,"R. Jail Wibowo, S.Gz"
CUS 3073,R. Jarwadi Namaga
CUS 3074,R. Jasmani Gunawan
CUS 3075,R. Kalim Maulana
CUS 3076,"R. Kartika Melani, M.TI."
CUS 3077,"R. Kasusra Pudjiastuti, S.IP"
CUS 3078,"R. Kurnia Mardhiyah, M.Farm"
CUS 3079,R. Laras Januar
CUS 3080,R. Lukita Sihombing
CUS 3081,R. Malik Mandasari
CUS 3082,R. Maria Aryani
CUS 3083,R. Maryadi Hutasoit
CUS 3084,"R. Murti Hidayanto, S.Psi"
CUS 3085,R. Mustika Habibi
CUS 3086,R. Novi Prasasta
CUS 3087,"R. Nugraha Usamah, S.T."
CUS 3088,R. Ophelia Melani
CUS 3089,R. Opung Hutagalung
CUS 3090,"R. Paiman Mansur, S.Sos"
CUS 3091,"R. Panca Natsir, S.E."
CUS 3092,R. Perkasa Andriani
CUS 3093,R. Prasetyo Mandasari
CUS 3094,"R. Putri Winarno, S.I.Kom"
CUS 3095,"R. Putu Januar, S.IP"
CUS 3096,R. Rachel Lailasari
CUS 3097,"R. Raden Suryatmi, M.M."
CUS 3098,"R. Ratna Dongoran, M.Pd"
CUS 3099,"R. Rendy Habibi, S.E."
CUS 3100,"R. Rina Rahayu, S.Gz"
CUS 3101,"R. Sabar Rahmawati, M.Kom."
CUS 3102,R. Salsabila Utama
CUS 3103,"R. Setya Salahudin, M.Pd"
CUS 3104,R. Suci Aryani
CUS 3105,R. Tantri Tarihoran
CUS 3106,R. Uli Anggriawan
CUS 3107,R. Ulya Hutagalung
CUS 3108,"R. Umaya Ardianto, S.H."
CUS 3109,R. Usyi Sitompul
CUS 3110,R. Vicky Wasita
CUS 3111,"R. Victoria Hartati, S.E.I"
CUS 3112,"R. Vinsen Rajasa, M.Ak"
CUS 3113,R. Warsita Suryono
CUS 3114,"R. Yono Jailani, S.Kom"
CUS 3115,R. Zahra Rajasa
CUS 3116,R.A. Ajeng Hutasoit
CUS 3117,R.A. Almira Rahmawati
CUS 3118,R.A. Anastasia Usamah
CUS 3119,R.A. Anita Nababan
CUS 3120,R.A. Ayu Farida
CUS 3121,"R.A. Belinda Manullang, M.TI."
CUS 3122,R.A. Cindy Farida
CUS 3123,"R.A. Cinta Irawan, S.E."
CUS 3124,R.A. Clara Setiawan
CUS 3125,R.A. Cornelia Andriani
CUS 3126,"R.A. Cornelia Samosir, M.Farm"
CUS 3127,R.A. Dewi Usamah
CUS 3128,"R.A. Dian Anggraini, S.E.I"
CUS 3129,"R.A. Dinda Firmansyah, M.Farm"
CUS 3130,R.A. Dinda Latupono
CUS 3131,"R.A. Eli Pratama, S.T."
CUS 3132,"R.A. Ella Astuti, S.T."
CUS 3133,"R.A. Endah Simanjuntak, S.Sos"
CUS 3134,R.A. Gilda Mustofa
CUS 3135,"R.A. Gina Sihombing, S.Psi"
CUS 3136,"R.A. Halima Fujiati, M.Farm"
CUS 3137,"R.A. Halima Gunarto, S.Pd"
CUS 3138,R.A. Hamima Lazuardi
CUS 3139,R.A. Hesti Pratiwi
CUS 3140,R.A. Humaira Agustina
CUS 3141,"R.A. Ida Irawan, S.Pd"
CUS 3142,R.A. Ida Kusumo
CUS 3143,R.A. Ika Sihombing
CUS 3144,R.A. Jelita Susanti
CUS 3145,"R.A. Jessica Thamrin, S.E.I"
CUS 3146,"R.A. Kani Handayani, S.Psi"
CUS 3147,"R.A. Kania Hutapea, S.Gz"
CUS 3148,R.A. Karimah Saputra
CUS 3149,"R.A. Kiandra Mangunsong, S.I.Kom"
CUS 3150,"R.A. Lala Sinaga, M.Pd"
CUS 3151,R.A. Lalita Mansur
CUS 3152,R.A. Lidya Maheswara
CUS 3153,"R.A. Lidya Yolanda, S.Pt"
CUS 3154,R.A. Lintang Maulana
CUS 3155,R.A. Mila Tarihoran
CUS 3156,R.A. Mutia Widiastuti
CUS 3157,R.A. Natalia Pradana
CUS 3158,"R.A. Natalia Wahyuni, S.IP"
CUS 3159,R.A. Padmi Santoso
CUS 3160,"R.A. Puput Uyainah, S.Pt"
CUS 3161,R.A. Qori Mardhiyah
CUS 3162,R.A. Qori Pratiwi
CUS 3163,"R.A. Qori Winarno, S.Psi"
CUS 3164,R.A. Rahayu Hidayat
CUS 3165,R.A. Rina Laksmiwati
CUS 3166,R.A. Sadina Padmasari
CUS 3167,R.A. Salsabila Uyainah
CUS 3168,R.A. Salwa Wibisono
CUS 3169,R.A. Sarah Saputra
CUS 3170,"R.A. Septi Tamba, S.E."
CUS 3171,"R.A. Shakila Thamrin, S.Sos"
CUS 3172,"R.A. Suci Haryanti, S.Psi"
CUS 3173,R.A. Tami Kuswandari
CUS 3174,"R.A. Titi Kuswandari, S.E.I"
CUS 3175,R.A. Titi Siregar
CUS 3176,R.A. Unjani Nainggolan
CUS 3177,R.A. Usyi Purwanti
CUS 3178,"R.A. Vivi Jailani, M.Farm"
CUS 3179,"R.A. Yulia Nugroho, S.E."
CUS 3180,R.A. Zalindra Wahyudin
CUS 3181,"R.A. Zulaikha Mustofa, M.Kom."
CUS 3182,"R.M. Arta Pradana, M.Kom."
CUS 3183,R.M. Arta Salahudin
CUS 3184,R.M. Aslijan Rahimah
CUS 3185,"R.M. Asmadi Zulkarnain, S.Pt"
CUS 3186,"R.M. Asmuni Kusmawati, S.Psi"
CUS 3187,R.M. Asmuni Purwanti
CUS 3188,R.M. Aswani Hastuti
CUS 3189,"R.M. Baktiono Nashiruddin, S.Pd"
CUS 3190,R.M. Bancar Narpati
CUS 3191,R.M. Cahyanto Wulandari
CUS 3192,R.M. Candrakanta Hidayat
CUS 3193,R.M. Capa Irawan
CUS 3194,R.M. Caturangga Hassanah
CUS 3195,"R.M. Cawuk Gunarto, S.Pd"
CUS 3196,"R.M. Dagel Waskita, S.Pt"
CUS 3197,R.M. Damu Kurniawan
CUS 3198,R.M. Danu Pradipta
CUS 3199,R.M. Darimin Laksmiwati
CUS 3200,R.M. Daruna Kuswoyo
CUS 3201,"R.M. Dimaz Wahyuni, S.Sos"
CUS 3202,R.M. Dwi Januar
CUS 3203,R.M. Edi Tampubolon
CUS 3204,"R.M. Elon Uwais, S.Pd"
CUS 3205,"R.M. Emil Tamba, S.I.Kom"
CUS 3206,"R.M. Estiawan Setiawan, S.Psi"
CUS 3207,"R.M. Galar Winarsih, S.Farm"
CUS 3208,"R.M. Galih Pudjiastuti, S.H."
CUS 3209,"R.M. Galih Saptono, M.M."
CUS 3210,R.M. Galur Thamrin
CUS 3211,"R.M. Gangsar Prakasa, S.Pd"
CUS 3212,R.M. Hardi Hariyah
CUS 3213,"R.M. Harimurti Laksita, S.Pt"
CUS 3214,"R.M. Harjasa Mandala, S.I.Kom"
CUS 3215,R.M. Ibrani Farida
CUS 3216,"R.M. Ilyas Samosir, S.Ked"
CUS 3217,"R.M. Irfan Halim, S.Psi"
CUS 3218,R.M. Ismail Nuraini
CUS 3219,"R.M. Jarwadi Simanjuntak, S.E.I"
CUS 3220,R.M. Johan Mardhiyah
CUS 3221,R.M. Jono Prasetya
CUS 3222,R.M. Kuncara Sihombing
CUS 3223,"R.M. Liman Rahayu, S.Psi"
CUS 3224,R.M. Mahmud Suryatmi
CUS 3225,R.M. Martana Andriani
CUS 3226,"R.M. Mulyanto Handayani, M.Kom."
CUS 3227,R.M. Mumpuni Agustina
CUS 3228,R.M. Mustika Halimah
CUS 3229,R.M. Naradi Sihotang
CUS 3230,"R.M. Nasab Waluyo, S.Pd"
CUS 3231,"R.M. Opung Napitupulu, S.Ked"
CUS 3232,"R.M. Panji Januar, S.Kom"
CUS 3233,R.M. Panji Siregar
CUS 3234,R.M. Purwadi Jailani
CUS 3235,R.M. Rizki Salahudin
CUS 3236,"R.M. Tasnim Purnawati, S.E.I"
CUS 3237,R.M. Taufan Hidayanto
CUS 3238,"R.M. Taufan Mahendra, M.Pd"
CUS 3239,R.M. Upik Zulkarnain
CUS 3240,Rachel Irawan
CUS 3241,Rachel Latupono
CUS 3242,Rachel Prasasta
CUS 3243,Rachel Pratama
CUS 3244,"Rachel Wacana, M.Kom."
CUS 3245,Raden Anggriawan
CUS 3246,Raden Haryanto
CUS 3247,Raden Laksmiwati
CUS 3248,Raden Novitasari
CUS 3249,"Raden Nuraini, S.I.Kom"
CUS 3250,Raden Suryatmi
CUS 3251,Raden Wibisono
CUS 3252,"Radika Ardianto, S.I.Kom"
CUS 3253,Radika Sihombing
CUS 3254,Radika Sitompul
CUS 3255,Radit Pradana
CUS 3256,"Raditya Jailani, S.Psi"
CUS 3257,"Raditya Namaga, S.Ked"
CUS 3258,Raditya Nasyiah
CUS 3259,Raditya Nurdiyanti
CUS 3260,Raditya Rahmawati
CUS 3261,Rafi Padmasari
CUS 3262,"Rafi Sitorus, S.E."
CUS 3263,"Rafi Suwarno, S.Sos"
CUS 3264,Rafid Hardiansyah
CUS 3265,Rafid Prasetya
CUS 3266,Rafid Widodo
CUS 3267,Raharja Dongoran
CUS 3268,Raharja Nainggolan
CUS 3269,Raharja Permadi
CUS 3270,Raharja Pranowo
CUS 3271,Raharja Purnawati
CUS 3272,"Rahayu Halim, S.Kom"
CUS 3273,"Rahayu Nababan, S.Psi"
CUS 3274,"Rahayu Nainggolan, M.Kom."
CUS 3275,Rahayu Sinaga
CUS 3276,"Rahayu Wacana, M.M."
CUS 3277,Rahman Aryani
CUS 3278,"Rahman Manullang, M.Ak"
CUS 3279,Rahman Susanti
CUS 3280,Rahmat Hasanah
CUS 3281,"Rahmat Mustofa, S.Farm"
CUS 3282,Rahmat Pradipta
CUS 3283,Rahmat Usada
CUS 3284,Rahmat Yulianti
CUS 3285,Rahmi Damanik
CUS 3286,Rahmi Hasanah
CUS 3287,Rahmi Irawan
CUS 3288,"Rahmi Irawan, M.Farm"
CUS 3289,"Rahmi Mangunsong, M.M."
CUS 3290,Rahmi Permadi
CUS 3291,Rahmi Prabowo
CUS 3292,Rahmi Purwanti
CUS 3293,Rahmi Puspita
CUS 3294,Rahmi Sihombing
CUS 3295,Rahmi Simanjuntak
CUS 3296,Rahmi Tampubolon
CUS 3297,Rahmi Waluyo
CUS 3298,Rahmi Wasita
CUS 3299,Rahmi Wastuti
CUS 3300,Raihan Prayoga
CUS 3301,Raihan Sihotang
CUS 3302,"Raina Agustina, S.Farm"
CUS 3303,Raina Hartati
CUS 3304,Raina Lestari
CUS 3305,Raina Marpaung
CUS 3306,Raina Nugroho
CUS 3307,Raina Padmasari
CUS 3308,Raina Pradipta
CUS 3309,Raina Pudjiastuti
CUS 3310,"Raisa Habibi, M.Kom."
CUS 3311,Raisa Mardhiyah
CUS 3312,Raisa Nasyiah
CUS 3313,Raisa Nugroho
CUS 3314,Raisa Prasasta
CUS 3315,"Raisa Situmorang, M.Pd"
CUS 3316,Rama Hastuti
CUS 3317,Rama Nuraini
CUS 3318,"Rangga Hariyah, S.Ked"
CUS 3319,Rangga Kuswoyo
CUS 3320,"Rangga Lailasari, S.T."
CUS 3321,Ratih Narpati
CUS 3322,Ratih Oktaviani
CUS 3323,Ratih Padmasari
CUS 3324,Ratih Putra
CUS 3325,Ratih Saefullah
CUS 3326,"Ratih Sihotang, M.Farm"
CUS 3327,Ratih Uwais
CUS 3328,Ratih Zulkarnain
CUS 3329,Ratna Andriani
CUS 3330,"Ratna Farida, S.E.I"
CUS 3331,"Ratna Gunawan, S.T."
CUS 3332,"Ratna Lestari, S.E."
CUS 3333,Ratna Mahendra
CUS 3334,Ratna Marbun
CUS 3335,"Ratna Usamah, S.IP"
CUS 3336,Reksa Halim
CUS 3337,Reksa Hidayanto
CUS 3338,Reksa Hutapea
CUS 3339,"Reksa Lazuardi, M.TI."
CUS 3340,Rendy Natsir
CUS 3341,Rendy Wahyudin
CUS 3342,Rendy Waluyo
CUS 3343,Respati Jailani
CUS 3344,Respati Marbun
CUS 3345,"Respati Safitri, M.M."
CUS 3346,Respati Wacana
CUS 3347,"Respati Waskita, S.Sos"
CUS 3348,Restu Hasanah
CUS 3349,Restu Irawan
CUS 3350,Restu Novitasari
CUS 3351,Restu Pertiwi
CUS 3352,Restu Sitompul
CUS 3353,Restu Thamrin
CUS 3354,Reza Nababan
CUS 3355,Reza Nugroho
CUS 3356,Ridwan Hakim
CUS 3357,Ridwan Melani
CUS 3358,Rika Aryani
CUS 3359,Rika Hakim
CUS 3360,Rika Najmudin
CUS 3361,Rika Purnawati
CUS 3362,"Rika Rajata, S.Sos"
CUS 3363,Rina Farida
CUS 3364,Rina Mandala
CUS 3365,"Rina Mardhiyah, M.Kom."
CUS 3366,Rina Maulana
CUS 3367,"Rina Megantara, S.Ked"
CUS 3368,Rina Salahudin
CUS 3369,Rina Saragih
CUS 3370,Rina Sitompul
CUS 3371,Rina Utama
CUS 3372,Rina Wahyuni
CUS 3373,Rina Winarsih
CUS 3374,Rini Najmudin
CUS 3375,"Rini Nurdiyanti, M.TI."
CUS 3376,Rini Pradana
CUS 3377,Rini Puspasari
CUS 3378,Rini Yuliarti
CUS 3379,Rizki Mahendra
CUS 3380,"Rosman Fujiati, M.M."
CUS 3381,Rosman Waluyo
CUS 3382,Rosman Wastuti
CUS 3383,Rosman Winarno
CUS 3384,Rudi Januar
CUS 3385,Rudi Prayoga
CUS 3386,Rusman Fujiati
CUS 3387,Rusman Samosir
CUS 3388,Rusman Sihombing
CUS 3389,Saadat Firgantoro
CUS 3390,Saadat Laksita
CUS 3391,"Saadat Susanti, M.Farm"
CUS 3392,"Sabar Gunarto, S.Gz"
CUS 3393,Sabar Halim
CUS 3394,Sabar Pudjiastuti
CUS 3395,Sabar Sirait
CUS 3396,Sabar Usada
CUS 3397,Sabri Firgantoro
CUS 3398,Sabri Gunawan
CUS 3399,Sabri Tarihoran
CUS 3400,Sabrina Hakim
CUS 3401,Sabrina Hutagalung
CUS 3402,Sabrina Nababan
CUS 3403,Sabrina Prabowo
CUS 3404,Sabrina Pudjiastuti
CUS 3405,Sabrina Sudiati
CUS 3406,Sabrina Yuliarti
CUS 3407,Sadina Hutagalung
CUS 3408,Sadina Kuswoyo
CUS 3409,Sadina Tamba
CUS 3410,Sadina Uyainah
CUS 3411,"Sadina Yulianti, M.Pd"
CUS 3412,Safina Agustina
CUS 3413,Safina Laksmiwati
CUS 3414,Safina Rahimah
CUS 3415,"Safina Wibisono, S.Ked"
CUS 3416,Safina Yuniar
CUS 3417,Saiful Mansur
CUS 3418,Saiful Pradana
CUS 3419,Saiful Prastuti
CUS 3420,Saiful Pratiwi
CUS 3421,Saiful Wibowo
CUS 3422,Saiful Wijayanti
CUS 3423,Saka Widodo
CUS 3424,Sakti Utama
CUS 3425,Sakura Kurniawan
CUS 3426,Sakura Mahendra
CUS 3427,Sakura Nababan
CUS 3428,Sakura Siregar
CUS 3429,"Sakura Siregar, S.Sos"
CUS 3430,Sakura Suryatmi
CUS 3431,Sakura Tampubolon
CUS 3432,Sakura Usamah
CUS 3433,Sakura Utami
CUS 3434,Sakura Winarno
CUS 3435,Salimah Agustina
CUS 3436,Salimah Halimah
CUS 3437,Salimah Maryati
CUS 3438,Salimah Nurdiyanti
CUS 3439,Salimah Pratama
CUS 3440,Salimah Usada
CUS 3441,"Salimah Utami, S.E.I"
CUS 3442,Salimah Uwais
CUS 3443,Salman Budiyanto
CUS 3444,Salman Purwanti
CUS 3445,Salman Sihombing
CUS 3446,Salsabila Pradipta
CUS 3447,Salsabila Prasetyo
CUS 3448,Salsabila Samosir
CUS 3449,Salsabila Sihotang
CUS 3450,Salsabila Simanjuntak
CUS 3451,Salwa Anggraini
CUS 3452,Salwa Gunawan
CUS 3453,Salwa Nasyiah
CUS 3454,Salwa Pranowo
CUS 3455,Salwa Riyanti
CUS 3456,Salwa Simanjuntak
CUS 3457,Salwa Sitorus
CUS 3458,Salwa Winarsih
CUS 3459,Samiah Pangestu
CUS 3460,"Samiah Saptono, S.Gz"
CUS 3461,Samsul Mandala
CUS 3462,Samsul Marpaung
CUS 3463,"Samsul Usada, S.Kom"
CUS 3464,"Sarah Halim, S.Ked"
CUS 3465,Sarah Hasanah
CUS 3466,Sarah Hutagalung
CUS 3467,Sarah Laksmiwati
CUS 3468,Sarah Mandala
CUS 3469,Sarah Mardhiyah
CUS 3470,Sarah Puspasari
CUS 3471,Sarah Sihombing
CUS 3472,Sarah Wulandari
CUS 3473,Sari Hidayat
CUS 3474,"Sari Pratiwi, S.Kom"
CUS 3475,Sari Widiastuti
CUS 3476,Satya Puspita
CUS 3477,Satya Saragih
CUS 3478,Satya Sihombing
CUS 3479,"Septi Farida, S.E.I"
CUS 3480,Septi Pertiwi
CUS 3481,Septi Purwanti
CUS 3482,Septi Sitorus
CUS 3483,Setya Agustina
CUS 3484,Shakila Hartati
CUS 3485,Shakila Hidayat
CUS 3486,Shakila Permata
CUS 3487,Shakila Prasetya
CUS 3488,Shakila Rahmawati
CUS 3489,Shakila Sihotang
CUS 3490,"Shakila Sinaga, S.E.I"
CUS 3491,Shakila Tarihoran
CUS 3492,Shakila Usamah
CUS 3493,Shania Andriani
CUS 3494,"Shania Padmasari, S.Kom"
CUS 3495,Shania Permadi
CUS 3496,Shania Rajata
CUS 3497,"Shania Wibowo, S.E.I"
CUS 3498,Sidiq Halimah
CUS 3499,Sidiq Haryanti
CUS 3500,Sidiq Hidayat
CUS 3501,Sidiq Kuswandari
CUS 3502,Sidiq Mansur
CUS 3503,Sidiq Santoso
CUS 3504,Silvia Prayoga
CUS 3505,Silvia Sihotang
CUS 3506,Silvia Tamba
CUS 3507,Simon Anggraini
CUS 3508,Simon Nainggolan
CUS 3509,Simon Prasasta
CUS 3510,Simon Tampubolon
CUS 3511,"Simon Wahyuni, S.Pt"
CUS 3512,Siska Halim
CUS 3513,Siska Sirait
CUS 3514,Siska Widiastuti
CUS 3515,Siti Aryani
CUS 3516,"Siti Fujiati, S.E.I"
CUS 3517,Siti Handayani
CUS 3518,"Siti Hardiansyah, S.T."
CUS 3519,Siti Lestari
CUS 3520,Siti Nainggolan
CUS 3521,"Siti Nuraini, S.Gz"
CUS 3522,Siti Tamba
CUS 3523,Siti Utami
CUS 3524,Slamet Oktaviani
CUS 3525,Slamet Prasasta
CUS 3526,Slamet Safitri
CUS 3527,Slamet Widiastuti
CUS 3528,Soleh Dabukke
CUS 3529,Suci Anggraini
CUS 3530,Suci Kuswandari
CUS 3531,Suci Laksita
CUS 3532,"Suci Marbun, M.Farm"
CUS 3533,Suci Permadi
CUS 3534,Suci Saragih
CUS 3535,Suci Suartini
CUS 3536,Surya Hariyah
CUS 3537,Surya Wahyuni
CUS 3538,Sutan Adiarja Tamba
CUS 3539,"Sutan Aris Nasyiah, S.Farm"
CUS 3540,Sutan Aslijan Maryati
CUS 3541,"Sutan Balangga Budiyanto, S.Kom"
CUS 3542,Sutan Daliono Pradana
CUS 3543,"Sutan Drajat Habibi, M.M."
CUS 3544,Sutan Eluh Mulyani
CUS 3545,"Sutan Erik Pangestu, S.T."
CUS 3546,Sutan Gadang Januar
CUS 3547,Sutan Galuh Hakim
CUS 3548,"Sutan Gambira Yulianti, S.IP"
CUS 3549,"Sutan Ganda Prasasta, S.T."
CUS 3550,Sutan Garang Rahmawati
CUS 3551,Sutan Hadi Zulaika
CUS 3552,Sutan Harimurti Saragih
CUS 3553,Sutan Ivan Wibisono
CUS 3554,"Sutan Jagaraga Mahendra, S.H."
CUS 3555,"Sutan Jagaraga Nasyidah, S.H."
CUS 3556,Sutan Kemal Prakasa
CUS 3557,Sutan Kenzie Rajata
CUS 3558,"Sutan Lukman Pradana, S.Pt"
CUS 3559,"Sutan Lulut Saragih, M.TI."
CUS 3560,Sutan Maman Yuniar
CUS 3561,"Sutan Margana Palastri, S.Gz"
CUS 3562,"Sutan Maryanto Yuniar, S.Pt"
CUS 3563,Sutan Mumpuni Hasanah
CUS 3564,Sutan Nasrullah Damanik
CUS 3565,Sutan Nugraha Utama
CUS 3566,"Sutan Oman Melani, S.IP"
CUS 3567,"Sutan Pranata Aryani, S.Farm"
CUS 3568,"Sutan Pranata Waskita, S.IP"
CUS 3569,Sutan Prima Prastuti
CUS 3570,Sutan Purwa Saputra
CUS 3571,"Sutan Soleh Usamah, S.Kom"
CUS 3572,"Sutan Virman Saefullah, S.Pt"
CUS 3573,Sutan Wakiman Mayasari
CUS 3574,"Sutan Wardaya Widodo, S.I.Kom"
CUS 3575,Sutan Wawan Hidayanto
CUS 3576,"Sutan Yahya Setiawan, M.Farm"
CUS 3577,Sutan Yono Hutapea
CUS 3578,"Sutan Yosef Thamrin, M.TI."
CUS 3579,Syahrini Hartati
CUS 3580,Syahrini Kuswoyo
CUS 3581,Syahrini Mustofa
CUS 3582,"Syahrini Prakasa, S.H."
CUS 3583,Syahrini Waskita
CUS 3584,Syahrini Widodo
CUS 3585,"T. Asmadi Pratiwi, S.Kom"
CUS 3586,"T. Bahuwarna Yuniar, M.M."
CUS 3587,T. Cayadi Mandala
CUS 3588,T. Dalimin Mustofa
CUS 3589,"T. Darimin Waluyo, S.I.Kom"
CUS 3590,"T. Digdaya Nasyiah, S.Gz"
CUS 3591,T. Edi Melani
CUS 3592,T. Emin Farida
CUS 3593,T. Gading Mustofa
CUS 3594,"T. Galar Susanti, S.Kom"
CUS 3595,"T. Garang Suryatmi, S.T."
CUS 3596,T. Harjaya Wasita
CUS 3597,"T. Harjo Thamrin, S.IP"
CUS 3598,T. Imam Aryani
CUS 3599,"T. Irwan Situmorang, S.Ked"
CUS 3600,T. Jabal Prasasta
CUS 3601,"T. Jais Yolanda, S.Ked"
CUS 3602,"T. Jaka Sihotang, S.H."
CUS 3603,"T. Jaya Ardianto, S.Farm"
CUS 3604,"T. Kairav Salahudin, M.Ak"
CUS 3605,"T. Kamidin Latupono, S.Gz"
CUS 3606,T. Kenes Hakim
CUS 3607,"T. Luis Dabukke, M.TI."
CUS 3608,T. Najib Haryanto
CUS 3609,T. Nardi Utami
CUS 3610,"T. Niyaga Hartati, M.Ak"
CUS 3611,"T. Prabowo Napitupulu, S.Farm"
CUS 3612,"T. Prayoga Putra, S.Gz"
CUS 3613,T. Raditya Tarihoran
CUS 3614,"T. Rafi Pranowo, S.Ked"
CUS 3615,T. Rosman Sinaga
CUS 3616,"T. Taufan Hutagalung, S.Ked"
CUS 3617,"T. Tirta Purnawati, M.M."
CUS 3618,"T. Tri Hutapea, M.Farm"
CUS 3619,"T. Vero Suartini, S.Ked"
CUS 3620,T. Wadi Nababan
CUS 3621,Talia Ardianto
CUS 3622,Talia Hardiansyah
CUS 3623,Talia Hartati
CUS 3624,Talia Hastuti
CUS 3625,Talia Nashiruddin
CUS 3626,Tami Hutasoit
CUS 3627,"Tami Nainggolan, S.T."
CUS 3628,Tami Nugroho
CUS 3629,"Tami Prasetya, S.Pd"
CUS 3630,Tami Safitri
CUS 3631,Tami Siregar
CUS 3632,Tania Padmasari
CUS 3633,"Tania Yulianti, M.Ak"
CUS 3634,Tantri Maulana
CUS 3635,Tantri Puspasari
CUS 3636,"Tantri Saputra, M.Ak"
CUS 3637,Tari Anggriawan
CUS 3638,Tari Firgantoro
CUS 3639,Tari Mayasari
CUS 3640,Tari Wijayanti
CUS 3641,"Tari Wulandari, S.Psi"
CUS 3642,"Tasdik Haryanto, S.Kom"
CUS 3643,Tasdik Hasanah
CUS 3644,Tasdik Marbun
CUS 3645,"Tasdik Oktaviani, S.Kom"
CUS 3646,Tasdik Prakasa
CUS 3647,"Tasdik Putra, M.Ak"
CUS 3648,"Tasdik Sitorus, S.H."
CUS 3649,Tasdik Wasita
CUS 3650,Tasdik Widodo
CUS 3651,Tasdik Wijayanti
CUS 3652,Tasnim Puspasari
CUS 3653,Taswir Handayani
CUS 3654,Taswir Hidayat
CUS 3655,Taufan Hutagalung
CUS 3656,Taufik Permata
CUS 3657,"Taufik Siregar, S.E.I"
CUS 3658,Taufik Sitorus
CUS 3659,Teddy Kurniawan
CUS 3660,"Teddy Usamah, S.Kom"
CUS 3661,Teddy Wastuti
CUS 3662,Teddy Yolanda
CUS 3663,Tedi Hastuti
CUS 3664,Teguh Budiyanto
CUS 3665,Teguh Fujiati
CUS 3666,Teguh Latupono
CUS 3667,Teguh Mansur
CUS 3668,Teguh Nainggolan
CUS 3669,Teguh Zulkarnain
CUS 3670,"Tgk. Agnes Habibi, M.Pd"
CUS 3671,"Tgk. Aisyah Budiyanto, S.IP"
CUS 3672,Tgk. Ajimat Marpaung
CUS 3673,Tgk. Alika Wasita
CUS 3674,Tgk. Almira Hidayat
CUS 3675,"Tgk. Anita Melani, S.IP"
CUS 3676,"Tgk. Bahuraksa Nasyiah, S.Gz"
CUS 3677,"Tgk. Cahya Suryono, S.Psi"
CUS 3678,Tgk. Cakrabirawa Hutasoit
CUS 3679,Tgk. Calista Hakim
CUS 3680,Tgk. Capa Wibisono
CUS 3681,Tgk. Cawisadi Situmorang
CUS 3682,Tgk. Chandra Manullang
CUS 3683,"Tgk. Cinta Natsir, S.E."
CUS 3684,"Tgk. Diana Thamrin, S.Sos"
CUS 3685,Tgk. Dimaz Wijaya
CUS 3686,"Tgk. Elma Prasasta, S.E."
CUS 3687,Tgk. Elvina Anggriawan
CUS 3688,"Tgk. Elvina Suryatmi, S.Psi"
CUS 3689,"Tgk. Eva Mandala, M.Pd"
CUS 3690,"Tgk. Fitria Suwarno, S.H."
CUS 3691,"Tgk. Gaiman Wulandari, S.Sos"
CUS 3692,"Tgk. Galak Iswahyudi, S.Pt"
CUS 3693,Tgk. Ganda Hidayanto
CUS 3694,Tgk. Gandi Maryati
CUS 3695,"Tgk. Ganep Nasyidah, S.E."
CUS 3696,"Tgk. Gantar Jailani, S.Gz"
CUS 3697,"Tgk. Garda Usada, S.Pt"
CUS 3698,Tgk. Gawati Usada
CUS 3699,Tgk. Hana Rahmawati
CUS 3700,Tgk. Harja Marpaung
CUS 3701,Tgk. Hesti Pratiwi
CUS 3702,"Tgk. Hilda Rahayu, S.Pt"
CUS 3703,"Tgk. Humaira Prastuti, M.TI."
CUS 3704,"Tgk. Icha Zulkarnain, S.Sos"
CUS 3705,"Tgk. Ida Hakim, S.Psi"
CUS 3706,"Tgk. Ika Budiyanto, M.Ak"
CUS 3707,"Tgk. Ina Anggriawan, M.Pd"
CUS 3708,Tgk. Intan Uwais
CUS 3709,Tgk. Irwan Kusumo
CUS 3710,Tgk. Ivan Hasanah
CUS 3711,Tgk. Jaeman Riyanti
CUS 3712,"Tgk. Jagaraga Wasita, S.H."
CUS 3713,"Tgk. Jarwa Suwarno, S.Pd"
CUS 3714,Tgk. Jelita Widiastuti
CUS 3715,"Tgk. Johan Latupono, S.Ked"
CUS 3716,"Tgk. Julia Saputra, M.Ak"
CUS 3717,Tgk. Kajen Santoso
CUS 3718,"Tgk. Kamila Hartati, S.Gz"
CUS 3719,"Tgk. Kania Januar, M.Kom."
CUS 3720,"Tgk. Kania Lazuardi, S.E."
CUS 3721,"Tgk. Karen Habibi, S.E.I"
CUS 3722,Tgk. Kartika Pratama
CUS 3723,Tgk. Kasiyah Aryani
CUS 3724,"Tgk. Kayla Sinaga, S.Ked"
CUS 3725,Tgk. Laila Wijayanti
CUS 3726,Tgk. Lasmono Thamrin
CUS 3727,"Tgk. Lintang Saefullah, S.IP"
CUS 3728,"Tgk. Makuta Aryani, S.E."
CUS 3729,"Tgk. Mala Anggriawan, S.Ked"
CUS 3730,"Tgk. Manah Kusumo, S.H."
CUS 3731,Tgk. Maria Latupono
CUS 3732,Tgk. Maya Laksita
CUS 3733,"Tgk. Muhammad Saefullah, M.Farm"
CUS 3734,"Tgk. Najwa Permadi, S.E."
CUS 3735,"Tgk. Padma Permadi, S.Pd"
CUS 3736,"Tgk. Pandu Safitri, S.Gz"
CUS 3737,Tgk. Panji Sirait
CUS 3738,"Tgk. Puput Pratama, S.Sos"
CUS 3739,"Tgk. Putri Damanik, S.Ked"
CUS 3740,Tgk. Putri Halim
CUS 3741,"Tgk. Putri Rajasa, M.TI."
CUS 3742,Tgk. Rachel Namaga
CUS 3743,"Tgk. Rahayu Samosir, S.I.Kom"
CUS 3744,Tgk. Saiful Hariyah
CUS 3745,Tgk. Salimah Rahayu
CUS 3746,Tgk. Salsabila Riyanti
CUS 3747,Tgk. Septi Tarihoran
CUS 3748,"Tgk. Shania Jailani, S.Ked"
CUS 3749,"Tgk. Silvia Habibi, S.E."
CUS 3750,"Tgk. Talia Zulkarnain, S.T."
CUS 3751,"Tgk. Tami Hutagalung, M.Ak"
CUS 3752,"Tgk. Tantri Wijayanti, S.E.I"
CUS 3753,"Tgk. Tari Susanti, M.Farm"
CUS 3754,"Tgk. Umi Hartati, M.Kom."
CUS 3755,"Tgk. Unjani Kuswoyo, S.Pt"
CUS 3756,"Tgk. Unjani Widodo, S.Farm"
CUS 3757,Tgk. Vivi Pertiwi
CUS 3758,Tgk. Wawan Maheswara
CUS 3759,"Tgk. Winda Puspasari, S.Farm"
CUS 3760,Tgk. Wisnu Putra
CUS 3761,"Tgk. Yahya Suryatmi, S.Sos"
CUS 3762,Tgk. Yance Puspita
CUS 3763,"Tgk. Yuni Hassanah, S.Pd"
CUS 3764,"Tgk. Yuni Pranowo, M.Pd"
CUS 3765,"Tgk. Yuni Sihombing, S.Farm"
CUS 3766,"Tgk. Yusuf Narpati, M.Ak"
CUS 3767,Tgk. Zaenab Natsir
CUS 3768,"Tgk. Zaenab Sihotang, S.Pt"
CUS 3769,"Tgk. Zahra Wulandari, S.H."
CUS 3770,Tgk. Zizi Mayasari
CUS 3771,Tgk. Zizi Utama
CUS 3772,Tgk. Zulaikha Habibi
CUS 3773,Tiara Halimah
CUS 3774,Tiara Hartati
CUS 3775,Tiara Januar
CUS 3776,Tiara Mayasari
CUS 3777,Tiara Mustofa
CUS 3778,Timbul Kuswoyo
CUS 3779,Timbul Laksmiwati
CUS 3780,"Timbul Utama, S.E."
CUS 3781,Tina Kurniawan
CUS 3782,Tina Nababan
CUS 3783,Tina Padmasari
CUS 3784,Tina Palastri
CUS 3785,"Tina Rahmawati, S.Gz"
CUS 3786,Tina Uwais
CUS 3787,Tira Dongoran
CUS 3788,Tira Kurniawan
CUS 3789,Tira Najmudin
CUS 3790,"Tira Prabowo, S.Sos"
CUS 3791,Tira Rahmawati
CUS 3792,Tira Simbolon
CUS 3793,Tira Thamrin
CUS 3794,Tirta Putra
CUS 3795,Tirta Uyainah
CUS 3796,Tirtayasa Anggraini
CUS 3797,"Tirtayasa Hasanah, M.Kom."
CUS 3798,"Tirtayasa Pratiwi, S.Pd"
CUS 3799,"Tirtayasa Sihotang, S.Kom"
CUS 3800,Titi Hutasoit
CUS 3801,Titi Januar
CUS 3802,Titi Maheswara
CUS 3803,Titi Nasyidah
CUS 3804,"Titi Pratiwi, M.Pd"
CUS 3805,"Titi Purnawati, S.Sos"
CUS 3806,Titin Budiman
CUS 3807,Titin Damanik
CUS 3808,Titin Natsir
CUS 3809,Titin Nurdiyanti
CUS 3810,Titin Prasasta
CUS 3811,Titin Usamah
CUS 3812,Tomi Adriansyah
CUS 3813,Tomi Kusmawati
CUS 3814,Tomi Puspasari
CUS 3815,"Tomi Winarsih, M.M."
CUS 3816,Tri Prakasa
CUS 3817,"Tri Pranowo, S.Pt"
CUS 3818,Tri Prasetyo
CUS 3819,Tri Rajata
CUS 3820,"Tri Samosir, S.Kom"
CUS 3821,"Tri Santoso, S.E.I"
CUS 3822,Tri Wasita
CUS 3823,"Tugiman Firmansyah, S.I.Kom"
CUS 3824,Tugiman Pratama
CUS 3825,Uchita Anggriawan
CUS 3826,Uchita Aryani
CUS 3827,Uchita Firmansyah
CUS 3828,"Uchita Haryanti, M.Pd"
CUS 3829,Uchita Irawan
CUS 3830,Uchita Permadi
CUS 3831,Uchita Sitorus
CUS 3832,"Uchita Tarihoran, M.M."
CUS 3833,Uda Handayani
CUS 3834,Uda Irawan
CUS 3835,Uda Permata
CUS 3836,Uda Tarihoran
CUS 3837,Uda Usada
CUS 3838,Uli Anggriawan
CUS 3839,Uli Hutasoit
CUS 3840,Uli Nashiruddin
CUS 3841,Ulva Budiyanto
CUS 3842,Ulva Fujiati
CUS 3843,Ulva Mardhiyah
CUS 3844,Ulva Marpaung
CUS 3845,Ulva Samosir
CUS 3846,Ulva Sirait
CUS 3847,Ulva Widodo
CUS 3848,Ulva Wijaya
CUS 3849,Ulya Habibi
CUS 3850,Ulya Hariyah
CUS 3851,Ulya Pudjiastuti
CUS 3852,Umar Pangestu
CUS 3853,Umay Laksita
CUS 3854,"Umay Mahendra, S.T."
CUS 3855,Umay Maheswara
CUS 3856,Umay Palastri
CUS 3857,Umay Purnawati
CUS 3858,"Umay Wibisono, M.M."
CUS 3859,"Umaya Hassanah, S.H."
CUS 3860,Umaya Napitupulu
CUS 3861,Umaya Oktaviani
CUS 3862,Umi Kuswandari
CUS 3863,"Umi Marpaung, S.Pt"
CUS 3864,Umi Najmudin
CUS 3865,Umi Nuraini
CUS 3866,Umi Wahyuni
CUS 3867,"Umi Winarsih, S.Ked"
CUS 3868,"Unggul Tamba, S.Psi"
CUS 3869,Unggul Uyainah
CUS 3870,Unjani Anggriawan
CUS 3871,Unjani Gunarto
CUS 3872,Unjani Haryanto
CUS 3873,Unjani Mandala
CUS 3874,Unjani Simbolon
CUS 3875,Unjani Sinaga
CUS 3876,Unjani Waskita
CUS 3877,Unjani Wibisono
CUS 3878,Unjani Yuniar
CUS 3879,Usman Marbun
CUS 3880,Usman Riyanti
CUS 3881,Usman Tarihoran
CUS 3882,Usyi Lestari
CUS 3883,Usyi Nashiruddin
CUS 3884,Usyi Nasyiah
CUS 3885,Usyi Prasasta
CUS 3886,"Usyi Rajata, M.TI."
CUS 3887,Usyi Siregar
CUS 3888,Usyi Usamah
CUS 3889,Usyi Widodo
CUS 3890,Usyi Wulandari
CUS 3891,Utama Firgantoro
CUS 3892,Utama Nugroho
CUS 3893,Vanesa Kuswandari
CUS 3894,"Vanesa Laksita, S.Kom"
CUS 3895,Vanesa Saefullah
CUS 3896,Vanesa Samosir
CUS 3897,Vanesa Saputra
CUS 3898,"Vanesa Sihotang, S.Pt"
CUS 3899,Vanesa Uyainah
CUS 3900,Vanya Mansur
CUS 3901,Vanya Mulyani
CUS 3902,"Vanya Purwanti, S.Pd"
CUS 3903,Vanya Siregar
CUS 3904,Vanya Uwais
CUS 3905,Vega Dabukke
CUS 3906,Vega Maheswara
CUS 3907,Vega Tarihoran
CUS 3908,Vega Widiastuti
CUS 3909,"Vera Haryanti, M.Kom."
CUS 3910,Vera Hasanah
CUS 3911,Vera Hidayat
CUS 3912,Vera Kurniawan
CUS 3913,Vera Sihombing
CUS 3914,"Vera Sihombing, S.Ked"
CUS 3915,Vera Suwarno
CUS 3916,Vera Wasita
CUS 3917,Vero Mansur
CUS 3918,Vero Sihotang
CUS 3919,Vicky Dabukke
CUS 3920,"Vicky Lailasari, M.Farm"
CUS 3921,"Vicky Marbun, M.Farm"
CUS 3922,"Vicky Pradana, S.Gz"
CUS 3923,Vicky Puspasari
CUS 3924,Vicky Saragih
CUS 3925,Vicky Sihombing
CUS 3926,Vicky Waluyo
CUS 3927,"Victoria Andriani, M.Farm"
CUS 3928,Victoria Hidayanto
CUS 3929,Victoria Prasasta
CUS 3930,Victoria Suryatmi
CUS 3931,Victoria Utama
CUS 3932,"Victoria Wahyuni, S.E.I"
CUS 3933,"Victoria Wulandari, M.Kom."
CUS 3934,"Viktor Hassanah, S.IP"
CUS 3935,Viktor Melani
CUS 3936,Viktor Novitasari
CUS 3937,Viktor Suryatmi
CUS 3938,"Viktor Wastuti, S.Psi"
CUS 3939,Viman Hassanah
CUS 3940,Viman Pradipta
CUS 3941,Vino Aryani
CUS 3942,Vino Prastuti
CUS 3943,Vino Waskita
CUS 3944,Vino Wijayanti
CUS 3945,Vinsen Mangunsong
CUS 3946,Vinsen Narpati
CUS 3947,Violet Maheswara
CUS 3948,"Violet Napitupulu, S.Gz"
CUS 3949,Virman Sudiati
CUS 3950,Vivi Aryani
CUS 3951,Vivi Lazuardi
CUS 3952,Vivi Megantara
CUS 3953,Vivi Najmudin
CUS 3954,"Vivi Nashiruddin, S.E.I"
CUS 3955,Vivi Pratiwi
CUS 3956,Vivi Rahimah
CUS 3957,Vivi Uwais
CUS 3958,"Vivi Uyainah, M.Farm"
CUS 3959,Vivi Wijaya
CUS 3960,"Vivi Winarno, M.Pd"
CUS 3961,Wadi Manullang
CUS 3962,Wadi Namaga
CUS 3963,Wadi Setiawan
CUS 3964,"Wadi Tarihoran, S.Farm"
CUS 3965,Wage Nugroho
CUS 3966,"Wage Winarno, S.I.Kom"
CUS 3967,"Wage Wulandari, S.E."
CUS 3968,Wage Yuliarti
CUS 3969,Wahyu Hidayat
CUS 3970,Wahyu Mulyani
CUS 3971,Wahyu Mustofa
CUS 3972,Wahyu Prasetya
CUS 3973,Wahyu Wacana
CUS 3974,Wakiman Andriani
CUS 3975,Wakiman Hakim
CUS 3976,Wakiman Manullang
CUS 3977,Wakiman Puspasari
CUS 3978,Wakiman Wastuti
CUS 3979,Waluyo Firgantoro
CUS 3980,"Waluyo Sudiati, M.M."
CUS 3981,Wani Haryanti
CUS 3982,Wani Hutapea
CUS 3983,Wani Pangestu
CUS 3984,Wani Prakasa
CUS 3985,Wani Uwais
CUS 3986,"Wani Wasita, S.T."
CUS 3987,Wani Waskita
CUS 3988,Wani Yuliarti
CUS 3989,Wardaya Handayani
CUS 3990,Wardaya Situmorang
CUS 3991,Wardaya Wacana
CUS 3992,Wardi Purwanti
CUS 3993,Wardi Wibowo
CUS 3994,"Warji Iswahyudi, M.TI."
CUS 3995,Warji Lazuardi
CUS 3996,"Warji Lazuardi, M.Kom."
CUS 3997,Warji Mangunsong
CUS 3998,Warji Nababan
CUS 3999,Warji Napitupulu
CUS 4000,Warji Prastuti
CUS 4001,Warji Rahayu
CUS 4002,Warji Siregar
CUS 4003,Warji Tamba
CUS 4004,Warsa Laksmiwati
CUS 4005,Warsa Sihombing
CUS 4006,Warsa Wulandari
CUS 4007,Warta Lazuardi
CUS 4008,Warta Rahimah
CUS 4009,Wasis Andriani
CUS 4010,"Wasis Haryanti, S.IP"
CUS 4011,Wasis Novitasari
CUS 4012,"Wawan Hassanah, S.E."
CUS 4013,Widya Laksmiwati
CUS 4014,Widya Melani
CUS 4015,Widya Napitupulu
CUS 4016,Widya Nurdiyanti
CUS 4017,Widya Prasasta
CUS 4018,Widya Ramadan
CUS 4019,"Widya Safitri, S.Farm"
CUS 4020,Widya Simanjuntak
CUS 4021,Widya Tamba
CUS 4022,Widya Usada
CUS 4023,Widya Usamah
CUS 4024,"Widya Widiastuti, M.Pd"
CUS 4025,Widya Zulkarnain
CUS 4026,"Winda Lestari, M.Pd"
CUS 4027,Winda Maryadi
CUS 4028,Winda Sihombing
CUS 4029,Winda Uwais
CUS 4030,Winda Zulaika
CUS 4031,Wirda Firgantoro
CUS 4032,Wirda Hutagalung
CUS 4033,Wirda Januar
CUS 4034,"Wirda Prasetyo, S.Farm"
CUS 4035,"Wirda Samosir, S.Farm"
CUS 4036,Wirda Setiawan
CUS 4037,Wirda Simanjuntak
CUS 4038,Wisnu Haryanti
CUS 4039,Wisnu Hassanah
CUS 4040,Wisnu Hutagalung
CUS 4041,Wisnu Mardhiyah
CUS 4042,"Wisnu Melani, S.Psi"
CUS 4043,Wisnu Wulandari
CUS 4044,Wulan Firmansyah
CUS 4045,"Wulan Hutapea, M.Farm"
CUS 4046,Wulan Novitasari
CUS 4047,"Wulan Pradipta, S.Pd"
CUS 4048,"Wulan Pradipta, S.Pt"
CUS 4049,Wulan Suartini
CUS 4050,Xanana Hartati
CUS 4051,Xanana Mustofa
CUS 4052,Xanana Susanti
CUS 4053,Xanana Waluyo
CUS 4054,"Yahya Prasasta, S.I.Kom"
CUS 4055,"Yahya Zulaika, S.Sos"
CUS 4056,Yance Gunawan
CUS 4057,Yance Hakim
CUS 4058,Yance Hidayat
CUS 4059,Yance Kuswandari
CUS 4060,"Yance Maheswara, S.H."
CUS 4061,Yance Mustofa
CUS 4062,Yance Pertiwi
CUS 4063,Yance Ramadan
CUS 4064,Yance Utama
CUS 4065,Yance Utami
CUS 4066,Yani Adriansyah
CUS 4067,Yani Firgantoro
CUS 4068,Yani Firmansyah
CUS 4069,Yani Gunarto
CUS 4070,Yani Najmudin
CUS 4071,Yani Prastuti
CUS 4072,Yani Purwanti
CUS 4073,Yani Sinaga
CUS 4074,Yani Zulaika
CUS 4075,"Yessi Dongoran, M.Pd"
CUS 4076,Yessi Gunarto
CUS 4077,Yessi Hutapea
CUS 4078,Yessi Novitasari
CUS 4079,Yessi Putra
CUS 4080,"Yessi Saefullah, S.Pt"
CUS 4081,Yessi Sitorus
CUS 4082,"Yessi Widodo, M.Pd"
CUS 4083,Yessi Wijayanti
CUS 4084,Yoga Firgantoro
CUS 4085,"Yoga Nashiruddin, S.IP"
CUS 4086,Yono Nasyiah
CUS 4087,Yono Tamba
CUS 4088,Yosef Nasyiah
CUS 4089,"Yosef Ramadan, S.Farm"
CUS 4090,"Yosef Sitompul, M.Ak"
CUS 4091,Yosef Widiastuti
CUS 4092,"Yosef Yuniar, S.H."
CUS 4093,"Yulia Mangunsong, M.Ak"
CUS 4094,Yulia Permadi
CUS 4095,Yulia Rahayu
CUS 4096,Yulia Salahudin
CUS 4097,Yuliana Firgantoro
CUS 4098,Yuliana Hakim
CUS 4099,Yuliana Kusmawati
CUS 4100,"Yuliana Maryadi, M.TI."
CUS 4101,Yuliana Nuraini
CUS 4102,Yuliana Sihombing
CUS 4103,Yuni Hardiansyah
CUS 4104,Yuni Natsir
CUS 4105,Yuni Nugroho
CUS 4106,Yuni Riyanti
CUS 4107,Yunita Gunarto
CUS 4108,Yunita Hakim
CUS 4109,Yunita Hassanah
CUS 4110,"Yunita Lestari, M.Ak"
CUS 4111,Yunita Maryadi
CUS 4112,Yunita Mustofa
CUS 4113,Yunita Nashiruddin
CUS 4114,Yunita Situmorang
CUS 4115,Yusuf Yuniar
CUS 4116,Zaenab Ardianto
CUS 4117,Zaenab Maulana
CUS 4118,Zaenab Nainggolan
CUS 4119,Zaenab Utama
CUS 4120,Zaenab Wijaya
CUS 4121,Zahra Hastuti
CUS 4122,Zahra Mulyani
CUS 4123,Zahra Pudjiastuti
CUS 4124,Zahra Setiawan
CUS 4125,Zahra Sitompul
CUS 4126,"Zahra Suartini, M.M."
CUS 4127,Zahra Wahyudin
CUS 4128,"Zalindra Habibi, S.Pd"
CUS 4129,Zalindra Hidayanto
CUS 4130,Zalindra Maulana
CUS 4131,Zalindra Napitupulu
CUS 4132,Zalindra Riyanti
CUS 4133,Zalindra Tarihoran
CUS 4134,Zamira Adriansyah
CUS 4135,Zamira Marbun
CUS 4136,Zamira Melani
CUS 4137,Zamira Prasetya
CUS 4138,Zamira Saputra
CUS 4139,Zamira Waskita
CUS 4140,Zamira Widodo
CUS 4141,Zamira Winarno
CUS 4142,"Zelaya Dabukke, S.Farm"
CUS 4143,Zelaya Hartati
CUS 4144,Zelaya Laksita
CUS 4145,Zelaya Lazuardi
CUS 4146,Zelaya Nurdiyanti
CUS 4147,Zelaya Sihotang
CUS 4148,"Zelaya Sitompul, M.Kom."
CUS 4149,Zelaya Uyainah
CUS 4150,Zelda Aryani
CUS 4151,"Zelda Mustofa, S.I.Kom"
CUS 4152,Zelda Nugroho
CUS 4153,Zelda Pranowo
CUS 4154,Zelda Prastuti
CUS 4155,Zelda Prayoga
CUS 4156,Zelda Sirait
CUS 4157,"Zelda Wastuti, S.IP"
CUS 4158,Zizi Najmudin
CUS 4159,Zizi Prabowo
CUS 4160,Zizi Uyainah
CUS 4161,Zizi Waskita
CUS 4162,Zizi Wastuti
CUS 4163,Zizi Widodo
CUS 4164,Zulaikha Dongoran
CUS 4165,Zulaikha Irawan
CUS 4166,Zulaikha Jailani
CUS 4167,Zulaikha Prakasa
CUS 4168,Zulaikha Prasasta
CUS 4169,Zulaikha Simbolon
CUS 4170,"Zulaikha Thamrin, S.I.Kom"
CUS 4171,Zulaikha Wasita
CUS 4172,Zulaikha Wibowo
CUS 4173,"Zulaikha Widodo, S.E.I"
CUS 4174,Zulaikha Wijaya
CUS 4175,Zulaikha Zulaika
CUS 4176,"Zulfa Hakim, S.H."
CUS 4177,Zulfa Hutapea
CUS 4178,Zulfa Mulyani
CUS 4179,Zulfa Pradipta
CUS 4180,Zulfa Pudjiastuti
CUS 4181,"Zulfa Purwanti, M.Pd"
CUS 4182,Zulfa Salahudin
CUS 4183,Zulfa Santoso
CUS 4184,"Zulfa Sihombing, S.Ked"
CUS 4185,Zulfa Wahyudin
