RES000001,18:35:15,8,1186000,9488000,CUS 1939,KMR 003,MP 06,ST 003,LOK 009,CI 0459,CO 0001
RES000002,18:49:41,7,632000,4424000,CUS 2945,KMR 001,MP 01,ST 003,LOK 012,CI 0667,CO 0674
RES000003,10:31:16,4,1293000,5172000,CUS 1726,KMR 003,MP 02,ST 004,LOK 012,CI 0836,CO 0843
RES000004,11:02:33,2,318000,636000,CUS 2841,KMR 002,MP 03,ST 003,LOK 011,CI 0477,CO 0481
RES000005,05:18:43,7,1095000,7665000,CUS 2767,KMR 003,MP 06,ST 004,LOK 005,CI 0044,CO 0051
RES000006,11:28:12,2,448000,896000,CUS 0295,KMR 004,MP 06,ST 004,LOK 004,CI 0335,CO 0336
RES000007,02:42:55,9,614000,5526000,CUS 1934,KMR 001,MP 04,ST 003,LOK 005,CI 0286,CO 0293
RES000008,18:58:50,9,582000,5238000,CUS 1262,KMR 001,MP 03,ST 004,LOK 005,CI 0194,CO 0204
RES000009,11:55:42,6,657000,3942000,CUS 1681,KMR 001,MP 02,ST 004,LOK 002,CI 0037,CO 0043
RES000010,15:21:44,9,1251000,11259000,CUS 2936,KMR 003,MP 03,ST 004,LOK 002,CI 0896,CO 0906
RES000011,22:08:54,6,663000,3978000,CUS 1980,KMR 001,MP 06,ST 003,LOK 008,CI 0173,CO 0181
RES000012,10:34:56,6,567000,3402000,CUS 0836,KMR 001,MP 05,ST 002,LOK 001,CI 0742,CO 0751
RES000013,10:05:48,5,333000,1665000,CUS 2296,KMR 002,MP 03,ST 003,LOK 002,CI 0762,CO 0769
RES000014,18:46:29,2,355000,710000,CUS 1220,KMR 002,MP 02,ST 003,LOK 017,CI 0585,CO 0588
RES000015,01:15:01,4,487000,1948000,CUS 1724,KMR 004,MP 06,ST 004,LOK 012,CI 0131,CO 0135
RES000016,05:01:23,6,576000,3456000,CUS 0443,KMR 001,MP 05,ST 001,LOK 020,CI 0590,CO 0596
RES000017,18:45:32,9,415000,3735000,CUS 0924,KMR 004,MP 02,ST 003,LOK 008,CI 0513,CO 0523
RES000018,18:26:17,1,441000,441000,CUS 3740,KMR 004,MP 02,ST 003,LOK 018,CI 0363,CO 0363
RES000019,04:34:25,4,592000,2368000,CUS 1127,KMR 001,MP 01,ST 003,LOK 003,CI 0699,CO 0705
RES000020,14:46:06,8,620000,4960000,CUS 0665,KMR 001,MP 01,ST 004,LOK 017,CI 0963,CO 0974
RES000021,15:43:45,5,1214000,6070000,CUS 3786,KMR 003,MP 05,ST 004,LOK 009,CI 0742,CO 0750
RES000022,18:04:13,4,425000,1700000,CUS 2949,KMR 004,MP 03,ST 004,LOK 016,CI 1049,CO 1056
RES000023,04:25:27,5,1217000,6085000,CUS 3196,KMR 003,MP 06,ST 003,LOK 020,CI 0531,CO 0537
RES000024,01:57:59,1,449000,449000,CUS 0690,KMR 004,MP 02,ST 002,LOK 011,CI 0262,CO 0261
RES000025,06:19:52,1,507000,507000,CUS 2220,KMR 004,MP 06,ST 004,LOK 006,CI 1000,CO 1004
RES000026,07:04:15,8,575000,4600000,CUS 2075,KMR 001,MP 03,ST 004,LOK 019,CI 0733,CO 0744
RES000027,13:54:57,8,398000,3184000,CUS 3567,KMR 002,MP 06,ST 004,LOK 006,CI 0756,CO 0766
RES000028,08:41:39,5,1091000,5455000,CUS 2887,KMR 003,MP 06,ST 003,LOK 009,CI 0890,CO 0896
RES000029,18:12:18,3,616000,1848000,CUS 1069,KMR 001,MP 04,ST 002,LOK 007,CI 0191,CO 0195
RES000030,07:25:36,9,331000,2979000,CUS 2788,KMR 002,MP 05,ST 004,LOK 001,CI 0376,CO 0386
RES000031,20:38:41,8,639000,5112000,CUS 2463,KMR 001,MP 06,ST 004,LOK 019,CI 0773,CO 0784
RES000032,20:45:03,9,383000,3447000,CUS 1507,KMR 002,MP 01,ST 004,LOK 001,CI 1005,CO 1017
RES000033,02:38:46,3,634000,1902000,CUS 0184,KMR 001,MP 06,ST 002,LOK 013,CI 0631,CO 0634
RES000034,03:43:57,4,337000,1348000,CUS 1653,KMR 002,MP 06,ST 004,LOK 011,CI 0281,CO 0283
RES000035,01:25:02,2,371000,742000,CUS 1648,KMR 002,MP 05,ST 002,LOK 009,CI 0989,CO 0994
RES000036,23:40:48,7,1297000,9079000,CUS 4148,KMR 003,MP 04,ST 003,LOK 006,CI 1053,CO 1063
RES000037,21:34:56,8,1340000,10720000,CUS 2129,KMR 003,MP 06,ST 004,LOK 018,CI 0581,CO 0589
RES000038,20:56:58,9,369000,3321000,CUS 3828,KMR 002,MP 01,ST 004,LOK 004,CI 0727,CO 0739
RES000039,10:42:32,7,1357000,9499000,CUS 1813,KMR 003,MP 06,ST 003,LOK 016,CI 1063,CO 1072
RES000040,20:36:35,9,670000,6030000,CUS 0164,KMR 001,MP 06,ST 003,LOK 005,CI 0204,CO 0212
RES000041,15:55:59,3,1339000,4017000,CUS 3707,KMR 003,MP 04,ST 003,LOK 017,CI 0369,CO 0372
RES000042,13:29:02,7,386000,2702000,CUS 0093,KMR 002,MP 05,ST 002,LOK 017,CI 0184,CO 0192
RES000043,12:05:21,2,432000,864000,CUS 3166,KMR 004,MP 06,ST 003,LOK 004,CI 0825,CO 0831
RES000044,16:32:28,9,323000,2907000,CUS 2132,KMR 002,MP 01,ST 003,LOK 004,CI 0066,CO 0075
RES000045,05:34:01,6,1157000,6942000,CUS 0881,KMR 003,MP 01,ST 002,LOK 008,CI 0939,CO 0948
RES000046,23:24:11,7,361000,2527000,CUS 1941,KMR 002,MP 03,ST 004,LOK 005,CI 0912,CO 0921
RES000047,00:59:09,1,1291000,1291000,CUS 1240,KMR 003,MP 03,ST 003,LOK 005,CI 0838,CO 0842
RES000048,04:15:03,7,380000,2660000,CUS 3780,KMR 002,MP 03,ST 002,LOK 003,CI 0855,CO 0864
RES000049,04:51:31,6,329000,1974000,CUS 0820,KMR 002,MP 06,ST 001,LOK 012,CI 0510,CO 0517
RES000050,20:04:32,4,1199000,4796000,CUS 3717,KMR 003,MP 06,ST 001,LOK 008,CI 0965,CO 0972
RES000051,23:39:18,9,559000,5031000,CUS 0381,KMR 001,MP 02,ST 002,LOK 014,CI 0186,CO 0196
RES000052,16:16:53,9,1217000,10953000,CUS 1861,KMR 003,MP 01,ST 004,LOK 010,CI 0287,CO 0294
RES000053,23:50:09,7,494000,3458000,CUS 0119,KMR 004,MP 01,ST 003,LOK 020,CI 0597,CO 0604
RES000054,09:17:28,2,1308000,2616000,CUS 0767,KMR 003,MP 06,ST 003,LOK 015,CI 0171,CO 0175
RES000055,18:41:05,5,460000,2300000,CUS 0515,KMR 004,MP 04,ST 003,LOK 004,CI 0059,CO 0064
RES000056,18:07:50,4,386000,1544000,CUS 4044,KMR 002,MP 02,ST 003,LOK 008,CI 0481,CO 0487
RES000057,12:55:50,5,571000,2855000,CUS 3370,KMR 001,MP 01,ST 003,LOK 011,CI 0417,CO 0424
RES000058,01:59:02,9,1353000,12177000,CUS 0847,KMR 003,MP 01,ST 003,LOK 003,CI 0200,CO 0209
RES000059,09:40:32,2,479000,958000,CUS 3480,KMR 004,MP 06,ST 003,LOK 003,CI 0983,CO 0988
RES000060,19:02:01,8,675000,5400000,CUS 1285,KMR 001,MP 03,ST 003,LOK 015,CI 0519,CO 0528
RES000061,05:19:10,6,1131000,6786000,CUS 2047,KMR 003,MP 04,ST 001,LOK 005,CI 0212,CO 0217
RES002108,09:55:55,2,508000,1016000,CUS 1373,KMR 004,MP 06,ST 002,LOK 005,CI 0750,CO 0754
RES000063,08:40:07,2,617000,1234000,CUS 1432,KMR 001,MP 01,ST 003,LOK 009,CI 0533,CO 0536
RES000064,22:21:23,8,1332000,10656000,CUS 3976,KMR 003,MP 04,ST 003,LOK 011,CI 0424,CO 0434
RES000065,17:54:04,1,505000,505000,CUS 0472,KMR 004,MP 06,ST 004,LOK 006,CI 0630,CO 0631
RES000066,14:09:44,9,1199000,10791000,CUS 1532,KMR 003,MP 01,ST 004,LOK 006,CI 0818,CO 0831
RES000067,12:46:16,8,669000,5352000,CUS 2152,KMR 001,MP 01,ST 004,LOK 015,CI 0440,CO 0450
RES000068,17:54:45,1,334000,334000,CUS 2025,KMR 002,MP 04,ST 001,LOK 007,CI 0013,CO 0013
RES000069,23:03:41,3,493000,1479000,CUS 0318,KMR 004,MP 01,ST 004,LOK 002,CI 0182,CO 0186
RES000070,02:32:31,4,584000,2336000,CUS 0379,KMR 001,MP 01,ST 003,LOK 018,CI 0296,CO 0298
RES000071,18:17:12,8,1196000,9568000,CUS 4038,KMR 003,MP 05,ST 002,LOK 014,CI 0571,CO 0579
RES000072,21:19:28,3,393000,1179000,CUS 0411,KMR 002,MP 05,ST 004,LOK 020,CI 0069,CO 0072
RES000073,08:16:17,3,482000,1446000,CUS 0959,KMR 004,MP 06,ST 004,LOK 017,CI 1026,CO 1032
RES000074,17:06:04,5,1325000,6625000,CUS 2692,KMR 003,MP 02,ST 003,LOK 007,CI 0310,CO 0313
RES000075,23:44:46,6,602000,3612000,CUS 0124,KMR 001,MP 03,ST 002,LOK 005,CI 0840,CO 0849
RES000076,12:05:31,5,501000,2505000,CUS 2679,KMR 004,MP 01,ST 003,LOK 011,CI 0123,CO 0128
RES000077,13:57:38,1,1096000,1096000,CUS 1601,KMR 003,MP 06,ST 004,LOK 019,CI 0069,CO 0070
RES000078,17:58:50,3,460000,1380000,CUS 0785,KMR 004,MP 04,ST 004,LOK 004,CI 0172,CO 0177
RES000079,10:51:22,4,645000,2580000,CUS 4108,KMR 001,MP 06,ST 003,LOK 011,CI 0742,CO 0749
RES000080,00:22:52,6,1114000,6684000,CUS 1763,KMR 003,MP 05,ST 004,LOK 014,CI 0975,CO 0984
RES000081,17:11:53,6,393000,2358000,CUS 0831,KMR 002,MP 06,ST 003,LOK 012,CI 0582,CO 0588
RES000082,04:15:01,7,484000,3388000,CUS 3388,KMR 004,MP 02,ST 003,LOK 012,CI 0923,CO 0932
RES000083,07:22:58,7,559000,3913000,CUS 0061,KMR 001,MP 01,ST 004,LOK 012,CI 0796,CO 0807
RES000084,05:17:55,9,358000,3222000,CUS 3979,KMR 002,MP 01,ST 002,LOK 019,CI 0100,CO 0109
RES000085,12:20:24,1,502000,502000,CUS 1774,KMR 004,MP 01,ST 003,LOK 007,CI 0820,CO 0825
RES000086,18:52:52,1,1306000,1306000,CUS 1904,KMR 003,MP 06,ST 002,LOK 010,CI 0667,CO 0669
RES000087,08:20:53,5,450000,2250000,CUS 2243,KMR 004,MP 04,ST 003,LOK 018,CI 0859,CO 0866
RES000088,14:05:52,8,1287000,10296000,CUS 3590,KMR 003,MP 05,ST 004,LOK 009,CI 0396,CO 0405
RES000089,09:00:41,6,564000,3384000,CUS 2732,KMR 001,MP 06,ST 004,LOK 012,CI 0780,CO 0789
RES000090,05:01:57,8,354000,2832000,CUS 1444,KMR 002,MP 06,ST 003,LOK 010,CI 0040,CO 0048
RES000091,15:53:07,3,354000,1062000,CUS 1585,KMR 002,MP 04,ST 002,LOK 005,CI 0901,CO 0905
RES000092,21:56:39,6,672000,4032000,CUS 0274,KMR 001,MP 06,ST 003,LOK 013,CI 0703,CO 0711
RES000093,21:34:30,2,478000,956000,CUS 1793,KMR 004,MP 02,ST 004,LOK 009,CI 0961,CO 0966
RES000094,21:00:44,6,544000,3264000,CUS 0198,KMR 001,MP 05,ST 003,LOK 006,CI 0152,CO 0159
RES000095,17:37:13,2,1195000,2390000,CUS 3069,KMR 003,MP 06,ST 004,LOK 004,CI 1007,CO 1012
RES000096,14:01:39,8,327000,2616000,CUS 3097,KMR 002,MP 01,ST 003,LOK 003,CI 0459,CO 0001
RES000097,18:09:49,4,328000,1312000,CUS 2790,KMR 002,MP 06,ST 004,LOK 001,CI 0699,CO 0705
RES000098,16:50:34,5,502000,2510000,CUS 0139,KMR 004,MP 03,ST 004,LOK 015,CI 0732,CO 0740
RES000099,12:37:15,7,616000,4312000,CUS 3183,KMR 001,MP 01,ST 003,LOK 013,CI 0627,CO 0634
RES000100,15:52:58,1,1359000,1359000,CUS 0650,KMR 003,MP 03,ST 003,LOK 005,CI 0449,CO 0452
RES000101,20:23:22,3,340000,1020000,CUS 1907,KMR 002,MP 02,ST 003,LOK 001,CI 0242,CO 0243
RES000102,04:25:25,6,592000,3552000,CUS 2290,KMR 001,MP 04,ST 004,LOK 008,CI 0367,CO 0372
RES000103,14:52:47,7,1308000,9156000,CUS 3292,KMR 003,MP 06,ST 002,LOK 020,CI 0990,CO 1000
RES000104,16:34:47,4,546000,2184000,CUS 0002,KMR 001,MP 01,ST 004,LOK 001,CI 0988,CO 0995
RES000105,12:55:21,8,660000,5280000,CUS 3859,KMR 001,MP 04,ST 003,LOK 001,CI 0118,CO 0126
RES000106,16:51:31,6,398000,2388000,CUS 3557,KMR 002,MP 05,ST 003,LOK 010,CI 0783,CO 0792
RES000107,01:33:16,5,456000,2280000,CUS 2649,KMR 004,MP 06,ST 003,LOK 005,CI 0715,CO 0723
RES000108,09:12:56,2,376000,752000,CUS 1405,KMR 002,MP 05,ST 002,LOK 014,CI 0976,CO 0981
RES000109,13:00:31,9,1164000,10476000,CUS 0617,KMR 003,MP 06,ST 002,LOK 002,CI 0055,CO 0064
RES000110,23:34:57,2,344000,688000,CUS 2566,KMR 002,MP 04,ST 004,LOK 005,CI 0252,CO 0252
RES000111,19:59:40,7,475000,3325000,CUS 0018,KMR 004,MP 03,ST 004,LOK 015,CI 1028,CO 1038
RES000112,21:43:16,5,1136000,5680000,CUS 0298,KMR 003,MP 06,ST 004,LOK 019,CI 0840,CO 0848
RES000113,22:05:46,9,595000,5355000,CUS 0139,KMR 001,MP 06,ST 003,LOK 016,CI 1037,CO 1049
RES000114,05:38:31,8,478000,3824000,CUS 3383,KMR 004,MP 06,ST 004,LOK 020,CI 0819,CO 0831
RES000115,22:35:34,3,441000,1323000,CUS 3128,KMR 004,MP 03,ST 001,LOK 015,CI 0852,CO 0857
RES000116,13:53:46,5,653000,3265000,CUS 1943,KMR 001,MP 06,ST 004,LOK 011,CI 0625,CO 0630
RES000117,10:46:10,8,451000,3608000,CUS 4146,KMR 004,MP 03,ST 004,LOK 008,CI 0309,CO 0315
RES000118,12:50:58,3,495000,1485000,CUS 3750,KMR 004,MP 06,ST 004,LOK 004,CI 0582,CO 0585
RES000119,08:22:22,2,630000,1260000,CUS 0139,KMR 001,MP 05,ST 002,LOK 003,CI 0232,CO 0233
RES000120,04:17:04,4,386000,1544000,CUS 2664,KMR 002,MP 04,ST 003,LOK 016,CI 0654,CO 0659
RES000121,02:23:58,9,453000,4077000,CUS 0979,KMR 004,MP 06,ST 004,LOK 006,CI 0668,CO 0678
RES000122,22:31:05,2,477000,954000,CUS 3503,KMR 004,MP 02,ST 004,LOK 020,CI 0758,CO 0762
RES000123,00:06:55,5,603000,3015000,CUS 0197,KMR 001,MP 03,ST 003,LOK 011,CI 0585,CO 0590
RES000124,05:47:23,7,487000,3409000,CUS 0553,KMR 004,MP 02,ST 002,LOK 018,CI 0381,CO 0389
RES000125,20:29:46,1,459000,459000,CUS 3104,KMR 004,MP 03,ST 004,LOK 012,CI 0339,CO 0339
RES000126,22:24:06,9,567000,5103000,CUS 1971,KMR 001,MP 03,ST 004,LOK 016,CI 0138,CO 0147
RES000127,06:28:17,5,422000,2110000,CUS 4066,KMR 004,MP 06,ST 004,LOK 013,CI 0611,CO 0616
RES000128,21:10:43,6,604000,3624000,CUS 4078,KMR 001,MP 06,ST 003,LOK 014,CI 0407,CO 0414
RES000129,16:29:45,5,566000,2830000,CUS 4090,KMR 001,MP 01,ST 004,LOK 010,CI 0069,CO 0074
RES000130,01:57:42,1,436000,436000,CUS 2906,KMR 004,MP 04,ST 004,LOK 006,CI 0719,CO 0723
RES000131,20:31:56,9,549000,4941000,CUS 4097,KMR 001,MP 04,ST 004,LOK 013,CI 0215,CO 0223
RES000132,03:36:37,3,684000,2052000,CUS 1654,KMR 001,MP 06,ST 002,LOK 016,CI 0355,CO 0356
RES000133,19:44:31,3,630000,1890000,CUS 1771,KMR 001,MP 02,ST 004,LOK 018,CI 0144,CO 0147
RES000134,11:27:39,4,359000,1436000,CUS 1298,KMR 002,MP 02,ST 003,LOK 009,CI 0232,CO 0235
RES000135,02:17:10,2,517000,1034000,CUS 0614,KMR 004,MP 05,ST 002,LOK 020,CI 0484,CO 0488
RES000136,22:17:01,6,1338000,8028000,CUS 1683,KMR 003,MP 05,ST 004,LOK 011,CI 0228,CO 0233
RES000137,05:14:42,5,638000,3190000,CUS 3640,KMR 001,MP 03,ST 003,LOK 015,CI 0180,CO 0186
RES004240,02:55:23,9,437000,3933000,CUS 0188,KMR 004,MP 03,ST 001,LOK 008,CI 0987,CO 0999
RES000139,17:13:26,5,478000,2390000,CUS 0040,KMR 004,MP 01,ST 004,LOK 015,CI 0386,CO 0392
RES000140,03:42:27,2,1243000,2486000,CUS 2385,KMR 003,MP 05,ST 003,LOK 019,CI 0715,CO 0720
RES000141,00:10:19,2,1241000,2482000,CUS 0228,KMR 003,MP 02,ST 004,LOK 017,CI 0585,CO 0588
RES000142,18:23:26,7,1168000,8176000,CUS 3726,KMR 003,MP 04,ST 004,LOK 010,CI 0554,CO 0561
RES000143,07:53:58,8,1326000,10608000,CUS 3825,KMR 003,MP 06,ST 002,LOK 009,CI 0165,CO 0174
RES000144,12:11:01,6,493000,2958000,CUS 1727,KMR 004,MP 05,ST 004,LOK 004,CI 1032,CO 1041
RES000145,16:04:35,2,1248000,2496000,CUS 3695,KMR 003,MP 06,ST 002,LOK 018,CI 0808,CO 0814
RES000146,09:34:34,1,410000,410000,CUS 3452,KMR 004,MP 01,ST 004,LOK 003,CI 0312,CO 0311
RES000147,20:04:13,6,1117000,6702000,CUS 1753,KMR 003,MP 01,ST 003,LOK 001,CI 0424,CO 0432
RES000148,11:28:00,9,317000,2853000,CUS 0781,KMR 002,MP 01,ST 003,LOK 005,CI 0264,CO 0271
RES000149,05:04:41,9,1269000,11421000,CUS 0920,KMR 003,MP 03,ST 003,LOK 005,CI 0682,CO 0693
RES000150,19:10:20,2,1313000,2626000,CUS 1702,KMR 003,MP 04,ST 003,LOK 008,CI 0817,CO 0823
RES000151,05:09:13,1,670000,670000,CUS 0533,KMR 001,MP 02,ST 004,LOK 010,CI 0449,CO 0452
RES000152,00:17:22,6,676000,4056000,CUS 4008,KMR 001,MP 06,ST 004,LOK 018,CI 0741,CO 0750
RES000153,23:49:44,2,1142000,2284000,CUS 0139,KMR 003,MP 06,ST 003,LOK 007,CI 0995,CO 1000
RES000154,15:33:15,3,1227000,3681000,CUS 1026,KMR 003,MP 05,ST 003,LOK 017,CI 0939,CO 0945
RES000155,05:08:01,5,582000,2910000,CUS 0634,KMR 001,MP 06,ST 004,LOK 014,CI 0472,CO 0478
RES000156,13:52:50,6,419000,2514000,CUS 2897,KMR 004,MP 06,ST 001,LOK 017,CI 0918,CO 0926
RES000157,03:41:29,7,1159000,8113000,CUS 4104,KMR 003,MP 02,ST 003,LOK 014,CI 0633,CO 0640
RES000158,01:34:47,8,499000,3992000,CUS 1349,KMR 004,MP 03,ST 004,LOK 019,CI 0491,CO 0500
RES000159,03:30:58,1,1222000,1222000,CUS 2781,KMR 003,MP 01,ST 002,LOK 017,CI 0851,CO 0854
RES000160,01:34:51,2,413000,826000,CUS 0139,KMR 004,MP 04,ST 001,LOK 004,CI 0813,CO 0819
RES000161,23:50:51,4,661000,2644000,CUS 1508,KMR 001,MP 05,ST 003,LOK 014,CI 0421,CO 0427
RES000162,09:15:11,4,447000,1788000,CUS 0139,KMR 004,MP 06,ST 003,LOK 016,CI 0428,CO 0434
RES000163,11:05:47,9,369000,3321000,CUS 2503,KMR 002,MP 04,ST 004,LOK 014,CI 0281,CO 0288
RES000164,14:37:44,6,470000,2820000,CUS 2875,KMR 004,MP 02,ST 003,LOK 018,CI 0667,CO 0673
RES000165,22:59:25,9,471000,4239000,CUS 3074,KMR 004,MP 03,ST 003,LOK 004,CI 0135,CO 0144
RES000166,02:17:57,5,1116000,5580000,CUS 0222,KMR 003,MP 02,ST 003,LOK 011,CI 0162,CO 0168
RES000167,13:43:51,4,670000,2680000,CUS 1643,KMR 001,MP 06,ST 004,LOK 013,CI 0833,CO 0841
RES000168,00:39:09,7,1336000,9352000,CUS 1160,KMR 003,MP 04,ST 002,LOK 014,CI 0523,CO 0531
RES000169,01:45:09,4,597000,2388000,CUS 0480,KMR 001,MP 06,ST 003,LOK 004,CI 0686,CO 0692
RES000170,09:07:06,9,1223000,11007000,CUS 1355,KMR 003,MP 02,ST 004,LOK 009,CI 0063,CO 0072
RES000171,07:33:36,1,352000,352000,CUS 1666,KMR 002,MP 06,ST 004,LOK 014,CI 0320,CO 0320
RES000172,23:43:03,9,398000,3582000,CUS 3070,KMR 002,MP 04,ST 004,LOK 006,CI 0551,CO 0560
RES000173,05:33:47,9,398000,3582000,CUS 2229,KMR 002,MP 05,ST 003,LOK 015,CI 0563,CO 0572
RES000174,19:13:17,6,350000,2100000,CUS 3320,KMR 002,MP 02,ST 003,LOK 015,CI 0823,CO 0833
RES000175,17:58:46,1,1241000,1241000,CUS 2542,KMR 003,MP 02,ST 004,LOK 015,CI 0633,CO 0634
RES000176,20:36:53,7,541000,3787000,CUS 0384,KMR 001,MP 05,ST 004,LOK 003,CI 0558,CO 0565
RES000177,15:20:30,9,646000,5814000,CUS 0217,KMR 001,MP 04,ST 004,LOK 014,CI 0591,CO 0600
RES000178,07:09:27,6,1253000,7518000,CUS 2474,KMR 003,MP 05,ST 003,LOK 019,CI 0604,CO 0610
RES000179,02:49:18,6,358000,2148000,CUS 0139,KMR 002,MP 06,ST 004,LOK 016,CI 0646,CO 0652
RES000180,08:32:52,5,333000,1665000,CUS 0139,KMR 002,MP 02,ST 004,LOK 012,CI 0601,CO 0606
RES000181,10:41:27,7,514000,3598000,CUS 1216,KMR 004,MP 03,ST 001,LOK 012,CI 0660,CO 0668
RES000182,15:18:15,9,392000,3528000,CUS 3375,KMR 002,MP 06,ST 004,LOK 004,CI 0281,CO 0288
RES000183,10:07:23,1,628000,628000,CUS 0194,KMR 001,MP 02,ST 001,LOK 020,CI 0573,CO 0574
RES000184,09:01:41,7,393000,2751000,CUS 3586,KMR 002,MP 03,ST 003,LOK 020,CI 0656,CO 0664
RES000185,23:34:59,9,1093000,9837000,CUS 0152,KMR 003,MP 02,ST 002,LOK 019,CI 0076,CO 0085
RES000503,02:48:01,5,1241000,6205000,CUS 3454,KMR 003,MP 05,ST 003,LOK 020,CI 0896,CO 0902
RES000187,05:39:26,2,578000,1156000,CUS 2151,KMR 001,MP 06,ST 001,LOK 014,CI 0072,CO 0074
RES000188,18:20:16,4,496000,1984000,CUS 1622,KMR 004,MP 01,ST 004,LOK 011,CI 0760,CO 0766
RES000189,01:40:23,2,656000,1312000,CUS 4002,KMR 001,MP 05,ST 001,LOK 019,CI 0134,CO 0136
RES000190,18:42:24,8,484000,3872000,CUS 0330,KMR 004,MP 01,ST 002,LOK 003,CI 0155,CO 0164
RES000191,18:44:16,1,385000,385000,CUS 0139,KMR 002,MP 06,ST 003,LOK 007,CI 0589,CO 0590
RES000192,13:24:28,3,316000,948000,CUS 2966,KMR 002,MP 03,ST 003,LOK 008,CI 0951,CO 0957
RES000193,12:09:44,1,630000,630000,CUS 0931,KMR 001,MP 05,ST 001,LOK 008,CI 0795,CO 0800
RES000194,07:11:33,7,1307000,9149000,CUS 4040,KMR 003,MP 04,ST 002,LOK 013,CI 0875,CO 0883
RES000195,03:19:28,7,318000,2226000,CUS 3156,KMR 002,MP 05,ST 004,LOK 011,CI 0945,CO 0955
RES000196,19:53:50,8,605000,4840000,CUS 0672,KMR 001,MP 03,ST 004,LOK 006,CI 0890,CO 0899
RES000197,05:46:41,1,671000,671000,CUS 0948,KMR 001,MP 03,ST 004,LOK 011,CI 0622,CO 0623
RES000198,21:24:16,6,513000,3078000,CUS 3206,KMR 004,MP 04,ST 004,LOK 008,CI 0900,CO 0907
RES000199,22:41:26,6,358000,2148000,CUS 0682,KMR 002,MP 03,ST 003,LOK 006,CI 0084,CO 0090
RES000200,19:44:51,3,587000,1761000,CUS 3550,KMR 001,MP 05,ST 003,LOK 015,CI 0400,CO 0404
RES000201,17:57:25,5,455000,2275000,CUS 0933,KMR 004,MP 03,ST 002,LOK 004,CI 0712,CO 0719
RES000202,22:54:46,7,343000,2401000,CUS 4022,KMR 002,MP 02,ST 004,LOK 018,CI 0618,CO 0625
RES000203,20:40:37,8,392000,3136000,CUS 1698,KMR 002,MP 04,ST 003,LOK 013,CI 0516,CO 0525
RES000204,17:57:31,3,458000,1374000,CUS 4143,KMR 004,MP 02,ST 003,LOK 011,CI 0982,CO 0988
RES000205,06:09:33,7,627000,4389000,CUS 2080,KMR 001,MP 04,ST 004,LOK 016,CI 0722,CO 0732
RES000206,23:29:38,6,1368000,8208000,CUS 1238,KMR 003,MP 06,ST 004,LOK 010,CI 0062,CO 0068
RES000207,09:42:45,1,650000,650000,CUS 0027,KMR 001,MP 04,ST 003,LOK 007,CI 0378,CO 0380
RES000208,12:52:51,5,1293000,6465000,CUS 2280,KMR 003,MP 03,ST 004,LOK 011,CI 0049,CO 0054
RES003985,20:02:08,2,385000,770000,CUS 0696,KMR 002,MP 05,ST 004,LOK 013,CI 0299,CO 0299
RES000210,18:25:17,4,686000,2744000,CUS 1900,KMR 001,MP 06,ST 004,LOK 011,CI 0839,CO 0846
RES000211,15:26:55,2,331000,662000,CUS 3680,KMR 002,MP 02,ST 002,LOK 018,CI 0302,CO 0302
RES000212,04:58:58,1,417000,417000,CUS 1780,KMR 004,MP 03,ST 003,LOK 006,CI 0800,CO 0805
RES000213,22:12:45,4,360000,1440000,CUS 0774,KMR 002,MP 06,ST 003,LOK 010,CI 0682,CO 0688
RES000214,08:20:10,5,1305000,6525000,CUS 2549,KMR 003,MP 06,ST 003,LOK 004,CI 0109,CO 0114
RES000215,00:05:30,2,498000,996000,CUS 0413,KMR 004,MP 06,ST 003,LOK 012,CI 0266,CO 0266
RES000216,07:12:45,5,329000,1645000,CUS 0719,KMR 002,MP 02,ST 003,LOK 003,CI 0830,CO 0839
RES000217,09:58:26,4,511000,2044000,CUS 2579,KMR 004,MP 06,ST 003,LOK 006,CI 0617,CO 0621
RES000218,11:40:32,5,594000,2970000,CUS 1647,KMR 001,MP 05,ST 003,LOK 001,CI 0631,CO 0636
RES000219,00:49:59,4,595000,2380000,CUS 0139,KMR 001,MP 04,ST 003,LOK 008,CI 0539,CO 0543
RES000220,08:21:43,1,1119000,1119000,CUS 2506,KMR 003,MP 02,ST 003,LOK 012,CI 0050,CO 0051
RES000221,14:59:13,2,482000,964000,CUS 1558,KMR 004,MP 03,ST 003,LOK 007,CI 1003,CO 1008
RES000222,21:48:07,7,334000,2338000,CUS 0033,KMR 002,MP 03,ST 004,LOK 002,CI 0804,CO 0815
RES000223,13:08:31,9,1227000,11043000,CUS 0403,KMR 003,MP 01,ST 003,LOK 019,CI 0088,CO 0097
RES000224,05:54:18,6,322000,1932000,CUS 0139,KMR 002,MP 05,ST 004,LOK 011,CI 0351,CO 0355
RES000225,12:48:44,3,626000,1878000,CUS 2628,KMR 001,MP 05,ST 004,LOK 004,CI 0053,CO 0056
RES000226,19:00:24,3,563000,1689000,CUS 1606,KMR 001,MP 06,ST 003,LOK 009,CI 0476,CO 0481
RES000227,01:53:54,6,427000,2562000,CUS 3546,KMR 004,MP 04,ST 004,LOK 010,CI 1003,CO 1012
RES000228,17:35:46,5,417000,2085000,CUS 1463,KMR 004,MP 02,ST 002,LOK 019,CI 0729,CO 0737
RES000229,05:55:34,9,560000,5040000,CUS 1208,KMR 001,MP 02,ST 003,LOK 011,CI 0895,CO 0905
RES000230,08:36:06,2,1352000,2704000,CUS 2209,KMR 003,MP 03,ST 003,LOK 010,CI 0956,CO 0961
RES000231,19:52:51,9,658000,5922000,CUS 3748,KMR 001,MP 06,ST 004,LOK 020,CI 0825,CO 0838
RES000232,18:11:06,2,1127000,2254000,CUS 0987,KMR 003,MP 04,ST 003,LOK 004,CI 0883,CO 0886
RES000233,06:14:12,4,645000,2580000,CUS 1324,KMR 001,MP 01,ST 002,LOK 002,CI 0487,CO 0493
RES000234,03:09:42,4,330000,1320000,CUS 0611,KMR 002,MP 05,ST 003,LOK 013,CI 0658,CO 0663
RES000235,15:42:32,5,688000,3440000,CUS 4103,KMR 001,MP 04,ST 001,LOK 018,CI 0694,CO 0701
RES000236,20:01:12,5,646000,3230000,CUS 0737,KMR 001,MP 05,ST 003,LOK 011,CI 0393,CO 0399
RES000237,01:49:11,3,1112000,3336000,CUS 2440,KMR 003,MP 05,ST 002,LOK 012,CI 0735,CO 0741
RES000238,11:31:02,9,673000,6057000,CUS 0798,KMR 001,MP 05,ST 003,LOK 001,CI 0677,CO 0687
RES000239,14:57:42,7,428000,2996000,CUS 2408,KMR 004,MP 03,ST 003,LOK 015,CI 0582,CO 0589
RES000240,22:47:23,5,1165000,5825000,CUS 2473,KMR 003,MP 05,ST 004,LOK 001,CI 0251,CO 0254
RES000241,23:12:10,7,476000,3332000,CUS 1502,KMR 004,MP 02,ST 003,LOK 013,CI 0930,CO 0940
RES000242,04:45:32,1,1197000,1197000,CUS 1365,KMR 003,MP 01,ST 003,LOK 002,CI 0059,CO 0060
RES000243,21:20:14,6,480000,2880000,CUS 3534,KMR 004,MP 06,ST 003,LOK 007,CI 0824,CO 0834
RES000244,21:06:53,2,509000,1018000,CUS 0445,KMR 004,MP 04,ST 003,LOK 012,CI 0170,CO 0174
RES000245,19:25:20,9,1349000,12141000,CUS 1765,KMR 003,MP 02,ST 001,LOK 017,CI 0433,CO 0444
RES000246,10:21:29,9,495000,4455000,CUS 3498,KMR 004,MP 03,ST 003,LOK 008,CI 0882,CO 0892
RES000247,04:29:28,2,361000,722000,CUS 0143,KMR 002,MP 03,ST 003,LOK 015,CI 0605,CO 0607
RES000248,11:29:57,7,421000,2947000,CUS 0181,KMR 004,MP 05,ST 002,LOK 003,CI 0399,CO 0407
RES000249,23:36:16,1,545000,545000,CUS 0461,KMR 001,MP 06,ST 004,LOK 016,CI 0133,CO 0134
RES000250,17:46:19,9,379000,3411000,CUS 0440,KMR 002,MP 06,ST 003,LOK 005,CI 0117,CO 0126
RES000251,03:55:13,3,1145000,3435000,CUS 2782,KMR 003,MP 01,ST 004,LOK 001,CI 0137,CO 0140
RES000252,22:17:07,6,1137000,6822000,CUS 0315,KMR 003,MP 06,ST 003,LOK 001,CI 0668,CO 0675
RES000253,07:47:45,1,1230000,1230000,CUS 3057,KMR 003,MP 01,ST 004,LOK 020,CI 0636,CO 0637
RES000254,06:20:36,3,487000,1461000,CUS 1299,KMR 004,MP 01,ST 004,LOK 005,CI 0887,CO 0891
RES000255,19:20:34,2,610000,1220000,CUS 3247,KMR 001,MP 04,ST 001,LOK 002,CI 1045,CO 1050
RES000256,16:18:13,3,490000,1470000,CUS 2321,KMR 004,MP 04,ST 004,LOK 011,CI 0958,CO 0964
RES000257,12:16:52,7,1275000,8925000,CUS 3059,KMR 003,MP 03,ST 003,LOK 016,CI 0385,CO 0393
RES000258,03:20:44,6,322000,1932000,CUS 3558,KMR 002,MP 02,ST 003,LOK 011,CI 0123,CO 0129
RES000259,03:21:26,4,1339000,5356000,CUS 1341,KMR 003,MP 05,ST 003,LOK 001,CI 0280,CO 0282
RES000260,15:35:05,8,1256000,10048000,CUS 3403,KMR 003,MP 06,ST 003,LOK 019,CI 0654,CO 0663
RES000261,18:13:50,8,491000,3928000,CUS 3970,KMR 004,MP 03,ST 004,LOK 010,CI 0572,CO 0580
RES000262,12:13:33,1,439000,439000,CUS 3448,KMR 004,MP 01,ST 004,LOK 016,CI 0145,CO 0146
RES000263,03:13:50,3,377000,1131000,CUS 1442,KMR 002,MP 04,ST 004,LOK 017,CI 0806,CO 0813
RES000264,13:59:22,2,1340000,2680000,CUS 2395,KMR 003,MP 01,ST 004,LOK 001,CI 0351,CO 0352
RES000265,04:43:02,6,446000,2676000,CUS 3451,KMR 004,MP 04,ST 003,LOK 009,CI 0811,CO 0821
RES000266,05:26:43,1,428000,428000,CUS 1217,KMR 004,MP 04,ST 003,LOK 002,CI 0172,CO 0175
RES000267,16:43:36,8,1254000,10032000,CUS 1509,KMR 003,MP 04,ST 003,LOK 013,CI 0759,CO 0769
RES000268,15:32:23,1,402000,402000,CUS 3314,KMR 002,MP 02,ST 004,LOK 014,CI 1053,CO 1057
RES000269,20:18:15,6,630000,3780000,CUS 3840,KMR 001,MP 01,ST 004,LOK 007,CI 0753,CO 0761
RES000270,09:56:07,3,332000,996000,CUS 0139,KMR 002,MP 04,ST 002,LOK 019,CI 0698,CO 0703
RES000271,13:19:35,8,509000,4072000,CUS 4025,KMR 004,MP 06,ST 004,LOK 017,CI 0431,CO 0441
RES000272,16:48:35,4,486000,1944000,CUS 3523,KMR 004,MP 06,ST 003,LOK 011,CI 0020,CO 0023
RES000273,14:02:56,6,1212000,7272000,CUS 2077,KMR 003,MP 04,ST 004,LOK 014,CI 0905,CO 0912
RES000274,11:36:33,6,1165000,6990000,CUS 2701,KMR 003,MP 02,ST 003,LOK 009,CI 0491,CO 0498
RES000275,04:11:47,1,382000,382000,CUS 3231,KMR 002,MP 02,ST 003,LOK 020,CI 0964,CO 0968
RES000276,23:02:43,2,1361000,2722000,CUS 3420,KMR 003,MP 06,ST 004,LOK 008,CI 0060,CO 0062
RES000277,07:58:13,7,512000,3584000,CUS 2409,KMR 004,MP 04,ST 003,LOK 004,CI 0616,CO 0623
RES000278,08:28:22,3,1278000,3834000,CUS 0534,KMR 003,MP 02,ST 004,LOK 019,CI 1028,CO 1034
RES000279,05:46:26,6,440000,2640000,CUS 0729,KMR 004,MP 04,ST 002,LOK 002,CI 1045,CO 1054
RES000280,16:03:01,4,326000,1304000,CUS 2530,KMR 002,MP 02,ST 004,LOK 018,CI 0346,CO 0349
RES000281,15:10:28,4,582000,2328000,CUS 0125,KMR 001,MP 03,ST 004,LOK 002,CI 0979,CO 0986
RES000282,20:24:43,9,1225000,11025000,CUS 2903,KMR 003,MP 03,ST 004,LOK 001,CI 0024,CO 0033
RES000283,02:59:39,1,439000,439000,CUS 0350,KMR 004,MP 02,ST 003,LOK 012,CI 0575,CO 0576
RES000284,17:14:53,9,462000,4158000,CUS 0752,KMR 004,MP 01,ST 004,LOK 016,CI 0911,CO 0922
RES000285,07:20:17,8,649000,5192000,CUS 0433,KMR 001,MP 01,ST 003,LOK 002,CI 0071,CO 0079
RES000286,15:23:35,8,1245000,9960000,CUS 0139,KMR 003,MP 04,ST 003,LOK 019,CI 0880,CO 0889
RES000287,02:52:17,3,363000,1089000,CUS 3528,KMR 002,MP 04,ST 001,LOK 020,CI 0162,CO 0166
RES000288,12:37:49,7,331000,2317000,CUS 2349,KMR 002,MP 05,ST 004,LOK 004,CI 0370,CO 0377
RES000289,14:19:42,2,682000,1364000,CUS 1170,KMR 001,MP 02,ST 003,LOK 004,CI 1005,CO 1010
RES000290,01:31:58,2,636000,1272000,CUS 0139,KMR 001,MP 06,ST 003,LOK 007,CI 0721,CO 0726
RES000291,07:13:08,4,580000,2320000,CUS 0420,KMR 001,MP 06,ST 003,LOK 020,CI 0935,CO 0942
RES000292,03:07:21,3,413000,1239000,CUS 2342,KMR 004,MP 01,ST 002,LOK 011,CI 0889,CO 0893
RES000293,14:37:27,6,352000,2112000,CUS 2007,KMR 002,MP 04,ST 004,LOK 016,CI 0304,CO 0308
RES000294,19:32:42,9,1350000,12150000,CUS 3433,KMR 003,MP 06,ST 003,LOK 017,CI 0947,CO 0959
RES000295,14:27:47,4,321000,1284000,CUS 4173,KMR 002,MP 02,ST 004,LOK 003,CI 0624,CO 0628
RES000296,11:27:08,9,1081000,9729000,CUS 2899,KMR 003,MP 04,ST 003,LOK 017,CI 0745,CO 0756
RES000297,03:29:00,6,394000,2364000,CUS 3475,KMR 002,MP 06,ST 004,LOK 001,CI 0527,CO 0534
RES000298,06:21:08,6,422000,2532000,CUS 3543,KMR 004,MP 05,ST 004,LOK 001,CI 0168,CO 0176
RES000978,03:56:06,6,349000,2094000,CUS 0139,KMR 002,MP 03,ST 003,LOK 003,CI 0885,CO 0892
RES000300,09:57:53,5,510000,2550000,CUS 1222,KMR 004,MP 02,ST 002,LOK 002,CI 0814,CO 0823
RES000301,07:26:39,2,483000,966000,CUS 1583,KMR 004,MP 02,ST 004,LOK 004,CI 0457,CO 0461
RES000302,14:20:22,2,1119000,2238000,CUS 1315,KMR 003,MP 05,ST 003,LOK 009,CI 0315,CO 0316
RES000303,12:12:40,5,545000,2725000,CUS 1918,KMR 001,MP 03,ST 003,LOK 008,CI 0471,CO 0477
RES000304,02:17:33,4,319000,1276000,CUS 2112,KMR 002,MP 04,ST 004,LOK 010,CI 0144,CO 0148
RES000305,08:35:33,3,323000,969000,CUS 2494,KMR 002,MP 04,ST 004,LOK 011,CI 0648,CO 0651
RES000306,02:01:49,8,487000,3896000,CUS 0230,KMR 004,MP 02,ST 004,LOK 006,CI 0668,CO 0677
RES000307,11:17:43,3,1271000,3813000,CUS 2548,KMR 003,MP 05,ST 003,LOK 015,CI 0122,CO 0125
RES000308,09:26:39,4,1175000,4700000,CUS 0329,KMR 003,MP 02,ST 004,LOK 016,CI 0734,CO 0741
RES000309,15:05:50,9,451000,4059000,CUS 3173,KMR 004,MP 01,ST 003,LOK 004,CI 0591,CO 0600
RES000310,08:17:59,6,619000,3714000,CUS 3443,KMR 001,MP 04,ST 003,LOK 001,CI 0919,CO 0927
RES000311,04:00:54,6,335000,2010000,CUS 1057,KMR 002,MP 02,ST 004,LOK 016,CI 0619,CO 0625
RES000312,00:10:50,2,606000,1212000,CUS 1933,KMR 001,MP 06,ST 003,LOK 013,CI 0150,CO 0152
RES000313,00:05:43,2,502000,1004000,CUS 3195,KMR 004,MP 04,ST 002,LOK 010,CI 0491,CO 0495
RES000314,23:29:05,5,636000,3180000,CUS 0331,KMR 001,MP 03,ST 002,LOK 011,CI 0172,CO 0179
RES000315,14:53:19,3,494000,1482000,CUS 2437,KMR 004,MP 03,ST 004,LOK 013,CI 0292,CO 0293
RES000316,17:21:25,3,337000,1011000,CUS 3476,KMR 002,MP 01,ST 001,LOK 007,CI 0322,CO 0324
RES004207,16:27:04,4,415000,1660000,CUS 3883,KMR 004,MP 01,ST 004,LOK 007,CI 0665,CO 0670
RES000318,11:12:00,1,619000,619000,CUS 2228,KMR 001,MP 06,ST 003,LOK 004,CI 0927,CO 0930
RES000319,14:29:45,5,431000,2155000,CUS 0517,KMR 004,MP 03,ST 003,LOK 018,CI 0425,CO 0432
RES000320,11:48:14,7,360000,2520000,CUS 0825,KMR 002,MP 05,ST 003,LOK 009,CI 1064,CO 1073
RES000321,22:37:35,4,461000,1844000,CUS 1111,KMR 004,MP 06,ST 004,LOK 006,CI 0042,CO 0046
RES000322,14:34:48,8,370000,2960000,CUS 0613,KMR 002,MP 03,ST 003,LOK 003,CI 0078,CO 0086
RES000323,13:34:34,6,325000,1950000,CUS 1673,KMR 002,MP 04,ST 004,LOK 014,CI 0091,CO 0097
RES000324,13:16:13,1,367000,367000,CUS 2123,KMR 002,MP 02,ST 004,LOK 014,CI 0423,CO 0426
RES000325,23:35:34,7,564000,3948000,CUS 2970,KMR 001,MP 06,ST 004,LOK 020,CI 0572,CO 0579
RES000326,02:50:17,3,1233000,3699000,CUS 3715,KMR 003,MP 01,ST 004,LOK 005,CI 0833,CO 0840
RES000327,07:21:44,1,671000,671000,CUS 3293,KMR 001,MP 02,ST 003,LOK 018,CI 0430,CO 0433
RES000329,13:09:18,7,672000,4704000,CUS 0050,KMR 001,MP 02,ST 003,LOK 001,CI 0109,CO 0116
RES000330,23:02:22,2,365000,730000,CUS 2260,KMR 002,MP 02,ST 003,LOK 018,CI 0944,CO 0949
RES000331,16:54:04,8,644000,5152000,CUS 3765,KMR 001,MP 06,ST 002,LOK 007,CI 0824,CO 0836
RES000332,08:46:15,2,487000,974000,CUS 3575,KMR 004,MP 04,ST 004,LOK 006,CI 0378,CO 0381
RES000333,21:46:25,4,318000,1272000,CUS 1993,KMR 002,MP 01,ST 003,LOK 016,CI 0428,CO 0434
RES000334,02:22:58,5,556000,2780000,CUS 3668,KMR 001,MP 04,ST 004,LOK 017,CI 0918,CO 0925
RES000335,07:05:07,2,653000,1306000,CUS 0966,KMR 001,MP 04,ST 004,LOK 011,CI 0307,CO 0307
RES000336,11:16:14,5,387000,1935000,CUS 2429,KMR 002,MP 02,ST 004,LOK 001,CI 1045,CO 1053
RES000337,21:33:40,9,638000,5742000,CUS 1738,KMR 001,MP 01,ST 003,LOK 004,CI 0081,CO 0090
RES000338,23:36:38,8,1168000,9344000,CUS 1051,KMR 003,MP 04,ST 004,LOK 009,CI 0381,CO 0390
RES000339,13:59:34,5,1254000,6270000,CUS 2326,KMR 003,MP 06,ST 004,LOK 018,CI 0739,CO 0747
RES000340,22:24:14,4,456000,1824000,CUS 2304,KMR 004,MP 01,ST 001,LOK 014,CI 0469,CO 0474
RES000341,19:54:33,5,398000,1990000,CUS 1635,KMR 002,MP 04,ST 004,LOK 012,CI 1060,CO 1067
RES002089,03:21:48,9,1349000,12141000,CUS 2974,KMR 003,MP 02,ST 003,LOK 013,CI 0728,CO 0740
RES000343,07:00:02,4,388000,1552000,CUS 3006,KMR 002,MP 03,ST 003,LOK 011,CI 0944,CO 0951
RES000344,22:42:56,4,572000,2288000,CUS 3010,KMR 001,MP 06,ST 003,LOK 009,CI 0788,CO 0795
RES000345,19:24:01,7,456000,3192000,CUS 2629,KMR 004,MP 05,ST 004,LOK 008,CI 0964,CO 0974
RES000346,02:57:00,2,425000,850000,CUS 1435,KMR 004,MP 06,ST 004,LOK 012,CI 0167,CO 0171
RES000347,23:00:46,8,640000,5120000,CUS 1619,KMR 001,MP 04,ST 002,LOK 009,CI 0077,CO 0085
RES000348,05:17:23,2,513000,1026000,CUS 1300,KMR 004,MP 01,ST 003,LOK 011,CI 0096,CO 0098
RES000349,14:02:16,4,678000,2712000,CUS 3580,KMR 001,MP 01,ST 004,LOK 018,CI 0780,CO 0787
RES000350,20:27:54,8,1307000,10456000,CUS 2000,KMR 003,MP 02,ST 004,LOK 015,CI 0045,CO 0053
RES000351,14:50:03,7,411000,2877000,CUS 2793,KMR 004,MP 05,ST 004,LOK 017,CI 0330,CO 0336
RES000352,14:19:08,7,583000,4081000,CUS 0322,KMR 001,MP 06,ST 003,LOK 007,CI 0813,CO 0824
RES000353,20:54:07,6,378000,2268000,CUS 1975,KMR 002,MP 06,ST 004,LOK 002,CI 0496,CO 0503
RES000354,05:18:53,2,1312000,2624000,CUS 1750,KMR 003,MP 06,ST 004,LOK 011,CI 0843,CO 0848
RES000355,14:07:44,6,588000,3528000,CUS 1580,KMR 001,MP 06,ST 003,LOK 012,CI 0285,CO 0289
RES000356,12:13:53,1,1123000,1123000,CUS 2084,KMR 003,MP 03,ST 002,LOK 016,CI 0445,CO 0448
RES004426,09:52:45,6,596000,3576000,CUS 3027,KMR 001,MP 06,ST 004,LOK 006,CI 0146,CO 0152
RES000358,17:42:37,2,1099000,2198000,CUS 2271,KMR 003,MP 06,ST 004,LOK 013,CI 0410,CO 0414
RES000359,10:31:03,7,1150000,8050000,CUS 0208,KMR 003,MP 04,ST 003,LOK 003,CI 0890,CO 0898
RES000360,08:19:58,9,498000,4482000,CUS 1296,KMR 004,MP 06,ST 004,LOK 018,CI 0649,CO 0658
RES000361,14:08:20,8,496000,3968000,CUS 1345,KMR 004,MP 03,ST 004,LOK 020,CI 0108,CO 0116
RES000362,22:17:40,9,338000,3042000,CUS 4102,KMR 002,MP 05,ST 002,LOK 016,CI 1008,CO 1020
RES000363,00:29:20,9,1242000,11178000,CUS 3763,KMR 003,MP 02,ST 004,LOK 007,CI 0237,CO 0244
RES000364,10:18:01,3,459000,1377000,CUS 3553,KMR 004,MP 04,ST 004,LOK 005,CI 0645,CO 0648
RES000365,22:06:32,4,392000,1568000,CUS 3439,KMR 002,MP 02,ST 003,LOK 008,CI 0198,CO 0203
RES000366,14:15:57,7,610000,4270000,CUS 0267,KMR 001,MP 03,ST 002,LOK 002,CI 0409,CO 0418
RES000367,06:59:14,2,421000,842000,CUS 1394,KMR 004,MP 06,ST 002,LOK 017,CI 0915,CO 0919
RES000368,14:23:49,5,1306000,6530000,CUS 3889,KMR 003,MP 04,ST 004,LOK 016,CI 0787,CO 0795
RES000369,07:45:40,3,342000,1026000,CUS 2106,KMR 002,MP 05,ST 002,LOK 010,CI 0133,CO 0136
RES003494,17:38:38,1,672000,672000,CUS 2558,KMR 001,MP 04,ST 004,LOK 001,CI 0439,CO 0442
RES003909,22:51:27,1,444000,444000,CUS 0059,KMR 004,MP 04,ST 003,LOK 008,CI 0437,CO 0440
RES000372,19:14:28,3,675000,2025000,CUS 2978,KMR 001,MP 06,ST 004,LOK 013,CI 0729,CO 0735
RES000373,09:02:01,2,364000,728000,CUS 0139,KMR 002,MP 06,ST 003,LOK 001,CI 0517,CO 0520
RES000374,15:01:54,2,1227000,2454000,CUS 2397,KMR 003,MP 03,ST 004,LOK 003,CI 1030,CO 1035
RES000375,17:08:33,4,497000,1988000,CUS 1428,KMR 004,MP 03,ST 003,LOK 002,CI 0060,CO 0064
RES000376,08:10:10,2,1227000,2454000,CUS 0765,KMR 003,MP 03,ST 003,LOK 014,CI 0148,CO 0150
RES000377,23:45:26,5,434000,2170000,CUS 0697,KMR 004,MP 03,ST 003,LOK 008,CI 0542,CO 0547
RES000378,03:59:58,6,599000,3594000,CUS 0983,KMR 001,MP 02,ST 003,LOK 005,CI 0288,CO 0292
RES000379,23:10:59,5,478000,2390000,CUS 3389,KMR 004,MP 06,ST 004,LOK 010,CI 0670,CO 0676
RES000380,21:06:32,8,551000,4408000,CUS 2987,KMR 001,MP 02,ST 004,LOK 012,CI 0791,CO 0802
RES000381,02:26:32,8,460000,3680000,CUS 2708,KMR 004,MP 01,ST 003,LOK 007,CI 0023,CO 0031
RES000382,23:00:26,2,1260000,2520000,CUS 0378,KMR 003,MP 02,ST 004,LOK 001,CI 0187,CO 0190
RES000383,11:11:08,7,475000,3325000,CUS 0442,KMR 004,MP 02,ST 002,LOK 006,CI 0257,CO 0262
RES000384,07:21:03,9,675000,6075000,CUS 3874,KMR 001,MP 02,ST 002,LOK 002,CI 0455,CO 0466
RES000385,20:29:13,4,663000,2652000,CUS 3944,KMR 001,MP 01,ST 004,LOK 008,CI 0706,CO 0712
RES000386,02:28:41,9,397000,3573000,CUS 0693,KMR 002,MP 03,ST 003,LOK 008,CI 0143,CO 0152
RES000387,20:18:58,5,413000,2065000,CUS 4011,KMR 004,MP 02,ST 004,LOK 013,CI 0758,CO 0765
RES000388,02:10:31,1,375000,375000,CUS 1152,KMR 002,MP 02,ST 003,LOK 013,CI 0193,CO 0195
RES000389,01:52:46,6,351000,2106000,CUS 0939,KMR 002,MP 06,ST 003,LOK 015,CI 0662,CO 0669
RES000390,02:26:43,6,558000,3348000,CUS 1025,KMR 001,MP 02,ST 003,LOK 006,CI 0431,CO 0439
RES000391,21:09:31,1,424000,424000,CUS 0962,KMR 004,MP 01,ST 004,LOK 010,CI 0255,CO 0254
RES000392,22:57:51,8,1129000,9032000,CUS 2836,KMR 003,MP 02,ST 002,LOK 005,CI 0016,CO 0023
RES000393,12:17:17,6,595000,3570000,CUS 2092,KMR 001,MP 06,ST 003,LOK 003,CI 0124,CO 0130
RES000394,11:04:07,3,432000,1296000,CUS 2087,KMR 004,MP 04,ST 004,LOK 020,CI 1031,CO 1037
RES000395,08:41:40,4,1281000,5124000,CUS 3365,KMR 003,MP 06,ST 004,LOK 007,CI 1068,CO 1074
RES000396,05:32:18,9,622000,5598000,CUS 0185,KMR 001,MP 05,ST 003,LOK 010,CI 0713,CO 0724
RES000397,13:25:11,5,588000,2940000,CUS 3395,KMR 001,MP 05,ST 001,LOK 015,CI 1071,CO 1078
RES000398,03:58:00,8,1304000,10432000,CUS 2441,KMR 003,MP 04,ST 001,LOK 013,CI 0384,CO 0393
RES000399,07:48:19,6,358000,2148000,CUS 2613,KMR 002,MP 03,ST 004,LOK 011,CI 0235,CO 0239
RES000400,10:00:39,7,379000,2653000,CUS 3615,KMR 002,MP 04,ST 003,LOK 009,CI 0351,CO 0356
RES000401,09:11:30,6,653000,3918000,CUS 3576,KMR 001,MP 05,ST 004,LOK 003,CI 0534,CO 0541
RES000402,18:25:24,7,428000,2996000,CUS 4062,KMR 004,MP 03,ST 003,LOK 002,CI 0768,CO 0777
RES000403,04:41:11,1,624000,624000,CUS 1101,KMR 001,MP 06,ST 002,LOK 020,CI 0814,CO 0819
RES000404,03:43:34,8,407000,3256000,CUS 0695,KMR 004,MP 06,ST 001,LOK 018,CI 1057,CO 1067
RES000405,20:47:20,7,1224000,8568000,CUS 3162,KMR 003,MP 02,ST 001,LOK 006,CI 1044,CO 1054
RES000406,07:08:49,4,1105000,4420000,CUS 0067,KMR 003,MP 01,ST 004,LOK 020,CI 0136,CO 0140
RES000407,11:58:14,7,589000,4123000,CUS 0605,KMR 001,MP 01,ST 004,LOK 016,CI 0311,CO 0316
RES000408,03:09:29,1,500000,500000,CUS 1335,KMR 004,MP 01,ST 004,LOK 018,CI 0962,CO 0966
RES000409,05:53:03,7,482000,3374000,CUS 2329,KMR 004,MP 06,ST 003,LOK 014,CI 0901,CO 0909
RES000410,08:15:52,2,411000,822000,CUS 0981,KMR 004,MP 01,ST 004,LOK 005,CI 0194,CO 0197
RES000411,21:04:36,4,634000,2536000,CUS 2794,KMR 001,MP 01,ST 004,LOK 015,CI 0506,CO 0511
RES000412,14:20:39,8,578000,4624000,CUS 1537,KMR 001,MP 06,ST 002,LOK 017,CI 0650,CO 0658
RES000413,09:45:55,3,390000,1170000,CUS 0161,KMR 002,MP 04,ST 004,LOK 008,CI 0815,CO 0822
RES000414,07:52:20,5,1175000,5875000,CUS 1274,KMR 003,MP 06,ST 003,LOK 004,CI 0559,CO 0564
RES000415,02:51:33,3,512000,1536000,CUS 1757,KMR 004,MP 06,ST 004,LOK 003,CI 1046,CO 1052
RES000416,01:46:00,9,326000,2934000,CUS 2363,KMR 002,MP 05,ST 002,LOK 014,CI 0145,CO 0154
RES000417,22:53:31,6,418000,2508000,CUS 0699,KMR 004,MP 04,ST 003,LOK 009,CI 0331,CO 0336
RES000418,01:36:14,6,627000,3762000,CUS 3167,KMR 001,MP 05,ST 002,LOK 014,CI 0923,CO 0931
RES000419,14:31:18,4,683000,2732000,CUS 4167,KMR 001,MP 06,ST 003,LOK 008,CI 0966,CO 0973
RES000420,19:28:19,5,441000,2205000,CUS 3733,KMR 004,MP 06,ST 004,LOK 010,CI 0733,CO 0741
RES000421,02:09:50,2,673000,1346000,CUS 4182,KMR 001,MP 04,ST 001,LOK 019,CI 0095,CO 0097
RES000422,18:28:18,5,561000,2805000,CUS 1788,KMR 001,MP 04,ST 003,LOK 011,CI 0346,CO 0350
RES000423,18:06:12,9,512000,4608000,CUS 1205,KMR 004,MP 05,ST 004,LOK 004,CI 1000,CO 1012
RES000424,06:27:07,5,372000,1860000,CUS 0936,KMR 002,MP 06,ST 002,LOK 014,CI 0972,CO 0980
RES000425,08:22:50,8,341000,2728000,CUS 2223,KMR 002,MP 05,ST 003,LOK 014,CI 0628,CO 0636
RES000426,02:33:49,9,661000,5949000,CUS 0139,KMR 001,MP 04,ST 003,LOK 004,CI 0377,CO 0387
RES000427,15:20:18,6,459000,2754000,CUS 1946,KMR 004,MP 06,ST 004,LOK 003,CI 0626,CO 0632
RES000428,17:56:34,3,442000,1326000,CUS 4048,KMR 004,MP 06,ST 004,LOK 009,CI 1051,CO 1057
RES000429,00:59:55,9,462000,4158000,CUS 2105,KMR 004,MP 06,ST 001,LOK 008,CI 1050,CO 1062
RES000430,19:41:03,7,476000,3332000,CUS 2028,KMR 004,MP 03,ST 003,LOK 012,CI 0602,CO 0609
RES000431,01:30:33,3,462000,1386000,CUS 3369,KMR 004,MP 03,ST 003,LOK 007,CI 0764,CO 0769
RES000432,09:08:32,4,416000,1664000,CUS 0474,KMR 004,MP 01,ST 004,LOK 014,CI 0716,CO 0723
RES000433,23:59:54,7,391000,2737000,CUS 0139,KMR 002,MP 04,ST 001,LOK 010,CI 0070,CO 0077
RES000434,14:25:24,4,446000,1784000,CUS 3447,KMR 004,MP 03,ST 001,LOK 017,CI 0029,CO 0033
RES000435,12:46:54,8,513000,4104000,CUS 0072,KMR 004,MP 06,ST 004,LOK 010,CI 0873,CO 0882
RES000436,22:43:43,6,486000,2916000,CUS 1131,KMR 004,MP 02,ST 004,LOK 001,CI 0127,CO 0133
RES000437,17:50:42,6,642000,3852000,CUS 2471,KMR 001,MP 04,ST 004,LOK 013,CI 0609,CO 0615
RES000438,23:16:50,9,352000,3168000,CUS 0304,KMR 002,MP 05,ST 004,LOK 016,CI 0593,CO 0602
RES001639,08:05:09,8,479000,3832000,CUS 3469,KMR 004,MP 05,ST 004,LOK 006,CI 0313,CO 0319
RES000440,16:25:26,2,498000,996000,CUS 3344,KMR 004,MP 04,ST 004,LOK 015,CI 0819,CO 0825
RES000441,08:07:45,6,399000,2394000,CUS 0173,KMR 002,MP 05,ST 003,LOK 013,CI 0403,CO 0410
RES000442,21:22:13,5,616000,3080000,CUS 0139,KMR 001,MP 01,ST 001,LOK 004,CI 0093,CO 0098
RES000443,06:27:16,1,564000,564000,CUS 2694,KMR 001,MP 06,ST 004,LOK 015,CI 0840,CO 0844
RES000444,12:41:40,1,342000,342000,CUS 0220,KMR 002,MP 04,ST 004,LOK 012,CI 0119,CO 0120
RES000445,20:14:51,1,408000,408000,CUS 2341,KMR 004,MP 02,ST 003,LOK 005,CI 0342,CO 0342
RES000446,04:59:01,5,680000,3400000,CUS 0139,KMR 001,MP 06,ST 004,LOK 017,CI 0210,CO 0214
RES000447,06:08:38,2,510000,1020000,CUS 0143,KMR 004,MP 06,ST 003,LOK 002,CI 0681,CO 0684
RES000448,16:59:16,4,1373000,5492000,CUS 2135,KMR 003,MP 06,ST 003,LOK 005,CI 0620,CO 0624
RES000449,16:25:46,9,1356000,12204000,CUS 0967,KMR 003,MP 04,ST 003,LOK 019,CI 0131,CO 0140
RES000450,00:02:13,5,409000,2045000,CUS 1825,KMR 004,MP 05,ST 004,LOK 011,CI 0802,CO 0811
RES000451,02:39:53,8,316000,2528000,CUS 0199,KMR 002,MP 04,ST 003,LOK 018,CI 0711,CO 0721
RES000452,08:35:08,4,446000,1784000,CUS 2192,KMR 004,MP 06,ST 003,LOK 017,CI 0805,CO 0813
RES000453,12:49:48,8,323000,2584000,CUS 3643,KMR 002,MP 03,ST 004,LOK 019,CI 0713,CO 0723
RES000454,06:14:06,6,395000,2370000,CUS 0139,KMR 002,MP 06,ST 003,LOK 010,CI 0222,CO 0227
RES000455,01:07:55,8,322000,2576000,CUS 0212,KMR 002,MP 02,ST 004,LOK 004,CI 0518,CO 0527
RES000456,07:45:48,2,639000,1278000,CUS 0773,KMR 001,MP 01,ST 004,LOK 018,CI 1024,CO 1029
RES000457,13:47:23,3,675000,2025000,CUS 3402,KMR 001,MP 06,ST 003,LOK 009,CI 0600,CO 0603
RES000458,04:58:37,9,358000,3222000,CUS 2693,KMR 002,MP 05,ST 004,LOK 018,CI 0342,CO 0350
RES000459,14:25:06,9,452000,4068000,CUS 3888,KMR 004,MP 03,ST 003,LOK 004,CI 0464,CO 0474
RES000460,05:44:47,6,1320000,7920000,CUS 2552,KMR 003,MP 04,ST 004,LOK 005,CI 0517,CO 0524
RES000461,19:36:22,8,445000,3560000,CUS 3627,KMR 004,MP 05,ST 004,LOK 006,CI 0368,CO 0375
RES000462,16:37:32,6,1241000,7446000,CUS 2975,KMR 003,MP 03,ST 003,LOK 002,CI 0585,CO 0591
RES000463,09:18:03,4,641000,2564000,CUS 0146,KMR 001,MP 05,ST 004,LOK 017,CI 0483,CO 0489
RES000464,08:31:37,9,1253000,11277000,CUS 3085,KMR 003,MP 01,ST 002,LOK 003,CI 1044,CO 1056
RES000465,19:24:24,5,1099000,5495000,CUS 1087,KMR 003,MP 05,ST 003,LOK 012,CI 0509,CO 0515
RES000466,11:21:43,7,463000,3241000,CUS 0743,KMR 004,MP 04,ST 002,LOK 019,CI 0277,CO 0282
RES000467,00:02:35,6,616000,3696000,CUS 3683,KMR 001,MP 01,ST 004,LOK 002,CI 0299,CO 0303
RES000468,21:23:23,8,349000,2792000,CUS 2681,KMR 002,MP 05,ST 003,LOK 008,CI 0547,CO 0555
RES000469,06:25:40,6,422000,2532000,CUS 0963,KMR 004,MP 03,ST 004,LOK 016,CI 0855,CO 0863
RES000470,08:59:33,8,617000,4936000,CUS 1892,KMR 001,MP 06,ST 004,LOK 001,CI 0212,CO 0219
RES000471,15:34:20,7,621000,4347000,CUS 1088,KMR 001,MP 06,ST 003,LOK 015,CI 0487,CO 0496
RES000472,03:21:57,3,458000,1374000,CUS 3542,KMR 004,MP 05,ST 004,LOK 001,CI 1028,CO 1034
RES000473,08:56:38,9,480000,4320000,CUS 0375,KMR 004,MP 02,ST 004,LOK 020,CI 0102,CO 0111
RES000474,16:24:08,3,565000,1695000,CUS 2009,KMR 001,MP 02,ST 004,LOK 010,CI 1039,CO 1045
RES000475,11:19:00,6,371000,2226000,CUS 1461,KMR 002,MP 04,ST 003,LOK 011,CI 0488,CO 0496
RES000476,18:31:25,1,1239000,1239000,CUS 1031,KMR 003,MP 06,ST 004,LOK 006,CI 0995,CO 0999
RES000477,14:00:07,1,639000,639000,CUS 0734,KMR 001,MP 01,ST 004,LOK 020,CI 0506,CO 0508
RES000478,03:26:11,8,360000,2880000,CUS 0139,KMR 002,MP 02,ST 003,LOK 011,CI 0475,CO 0485
RES000479,19:48:42,9,444000,3996000,CUS 0069,KMR 004,MP 06,ST 003,LOK 017,CI 0634,CO 0643
RES000480,17:49:32,7,1094000,7658000,CUS 0502,KMR 003,MP 01,ST 003,LOK 018,CI 0008,CO 0014
RES000481,11:06:25,4,1250000,5000000,CUS 1348,KMR 003,MP 04,ST 003,LOK 015,CI 0766,CO 0772
RES004077,04:54:22,8,368000,2944000,CUS 2714,KMR 002,MP 06,ST 003,LOK 003,CI 0905,CO 0914
RES000483,01:59:35,1,555000,555000,CUS 0547,KMR 001,MP 05,ST 003,LOK 019,CI 0560,CO 0561
RES000484,18:51:15,9,420000,3780000,CUS 2259,KMR 004,MP 06,ST 003,LOK 013,CI 0623,CO 0632
RES000485,17:01:26,6,364000,2184000,CUS 1562,KMR 002,MP 02,ST 003,LOK 017,CI 0775,CO 0784
RES000486,06:18:16,2,608000,1216000,CUS 2662,KMR 001,MP 01,ST 003,LOK 018,CI 0995,CO 1000
RES000487,12:11:31,1,643000,643000,CUS 0320,KMR 001,MP 01,ST 003,LOK 008,CI 0644,CO 0645
RES000488,01:11:00,3,383000,1149000,CUS 1314,KMR 002,MP 01,ST 004,LOK 019,CI 0578,CO 0581
RES000489,02:25:39,1,606000,606000,CUS 3002,KMR 001,MP 01,ST 004,LOK 003,CI 0844,CO 0848
RES000490,11:36:25,6,1150000,6900000,CUS 3133,KMR 003,MP 06,ST 003,LOK 002,CI 0932,CO 0941
RES000491,10:38:21,3,439000,1317000,CUS 1691,KMR 004,MP 06,ST 004,LOK 015,CI 0364,CO 0366
RES000492,14:03:31,1,468000,468000,CUS 0971,KMR 004,MP 06,ST 003,LOK 006,CI 0388,CO 0390
RES000493,06:21:25,6,353000,2118000,CUS 2504,KMR 002,MP 02,ST 003,LOK 018,CI 0954,CO 0963
RES000494,07:30:02,5,337000,1685000,CUS 1149,KMR 002,MP 01,ST 003,LOK 006,CI 0197,CO 0203
RES000495,09:54:39,4,414000,1656000,CUS 2045,KMR 004,MP 03,ST 004,LOK 014,CI 0470,CO 0475
RES000496,02:09:21,2,1144000,2288000,CUS 2331,KMR 003,MP 04,ST 003,LOK 006,CI 0104,CO 0106
RES000497,07:59:49,4,1284000,5136000,CUS 1704,KMR 003,MP 04,ST 002,LOK 020,CI 0659,CO 0664
RES000498,08:59:38,1,1186000,1186000,CUS 4149,KMR 003,MP 06,ST 003,LOK 006,CI 0374,CO 0376
RES000499,10:15:24,4,591000,2364000,CUS 2180,KMR 001,MP 06,ST 004,LOK 008,CI 0945,CO 0952
RES000500,08:39:05,1,553000,553000,CUS 2354,KMR 001,MP 04,ST 003,LOK 011,CI 0501,CO 0503
RES000501,14:43:56,5,614000,3070000,CUS 1430,KMR 001,MP 06,ST 004,LOK 020,CI 0793,CO 0801
RES000502,00:10:19,7,368000,2576000,CUS 3577,KMR 002,MP 01,ST 003,LOK 020,CI 0600,CO 0607
RES000504,15:30:29,2,494000,988000,CUS 2001,KMR 004,MP 06,ST 002,LOK 004,CI 0179,CO 0182
RES000505,00:16:18,5,388000,1940000,CUS 0128,KMR 002,MP 02,ST 001,LOK 013,CI 0701,CO 0708
RES000506,14:43:10,7,1106000,7742000,CUS 1459,KMR 003,MP 06,ST 004,LOK 003,CI 0242,CO 0247
RES003492,21:09:55,6,442000,2652000,CUS 3918,KMR 004,MP 03,ST 004,LOK 015,CI 0959,CO 0968
RES000508,15:28:16,6,479000,2874000,CUS 3004,KMR 004,MP 01,ST 004,LOK 015,CI 0992,CO 1001
RES000509,13:16:43,5,374000,1870000,CUS 2985,KMR 002,MP 06,ST 004,LOK 017,CI 0317,CO 0321
RES000510,08:23:31,4,1285000,5140000,CUS 3412,KMR 003,MP 04,ST 002,LOK 005,CI 0153,CO 0158
RES000511,09:14:55,3,407000,1221000,CUS 0495,KMR 004,MP 03,ST 003,LOK 007,CI 0281,CO 0282
RES000512,16:21:52,9,593000,5337000,CUS 3672,KMR 001,MP 04,ST 003,LOK 019,CI 0179,CO 0189
RES000513,08:52:03,6,366000,2196000,CUS 4155,KMR 002,MP 03,ST 003,LOK 009,CI 0991,CO 1000
RES000514,19:58:58,5,420000,2100000,CUS 2095,KMR 004,MP 03,ST 004,LOK 019,CI 0257,CO 0260
RES000515,03:40:31,4,468000,1872000,CUS 3981,KMR 004,MP 04,ST 002,LOK 016,CI 0308,CO 0310
RES000516,07:40:50,7,1112000,7784000,CUS 0011,KMR 003,MP 01,ST 003,LOK 002,CI 0534,CO 0542
RES000517,05:29:44,3,406000,1218000,CUS 0139,KMR 004,MP 05,ST 003,LOK 013,CI 0695,CO 0700
RES000518,19:08:37,1,1156000,1156000,CUS 3078,KMR 003,MP 03,ST 002,LOK 011,CI 0710,CO 0713
RES000519,05:04:40,3,596000,1788000,CUS 0756,KMR 001,MP 03,ST 003,LOK 001,CI 0883,CO 0887
RES000520,00:15:50,6,452000,2712000,CUS 0569,KMR 004,MP 02,ST 003,LOK 002,CI 0375,CO 0382
RES000521,13:54:27,6,375000,2250000,CUS 1331,KMR 002,MP 02,ST 003,LOK 003,CI 0163,CO 0170
RES000522,04:31:48,9,1212000,10908000,CUS 1068,KMR 003,MP 06,ST 001,LOK 013,CI 0430,CO 0441
RES000523,10:32:18,4,629000,2516000,CUS 1386,KMR 001,MP 06,ST 004,LOK 014,CI 1069,CO 1075
RES000524,23:08:36,3,355000,1065000,CUS 4034,KMR 002,MP 01,ST 001,LOK 005,CI 0706,CO 0711
RES000525,02:38:57,2,365000,730000,CUS 0684,KMR 002,MP 04,ST 001,LOK 020,CI 0938,CO 0943
RES000526,01:10:30,5,1158000,5790000,CUS 3966,KMR 003,MP 06,ST 002,LOK 009,CI 0198,CO 0204
RES000527,04:04:15,2,635000,1270000,CUS 2460,KMR 001,MP 06,ST 003,LOK 013,CI 0654,CO 0657
RES000528,07:26:30,9,350000,3150000,CUS 3052,KMR 002,MP 06,ST 004,LOK 005,CI 0716,CO 0728
RES000529,18:22:18,1,1142000,1142000,CUS 3632,KMR 003,MP 04,ST 003,LOK 006,CI 0675,CO 0677
RES000530,14:46:22,2,337000,674000,CUS 2803,KMR 002,MP 06,ST 003,LOK 004,CI 0034,CO 0036
RES000985,09:05:39,7,371000,2597000,CUS 0527,KMR 002,MP 02,ST 003,LOK 018,CI 0179,CO 0187
RES000532,02:28:44,7,1209000,8463000,CUS 3307,KMR 003,MP 03,ST 004,LOK 010,CI 0100,CO 0107
RES000533,08:33:51,8,1193000,9544000,CUS 0034,KMR 003,MP 06,ST 001,LOK 016,CI 0149,CO 0157
RES000534,13:47:57,3,456000,1368000,CUS 0793,KMR 004,MP 01,ST 004,LOK 007,CI 0070,CO 0073
RES000535,15:36:59,2,630000,1260000,CUS 0954,KMR 001,MP 01,ST 003,LOK 012,CI 0839,CO 0844
RES000536,11:07:51,8,341000,2728000,CUS 3274,KMR 002,MP 01,ST 004,LOK 004,CI 0887,CO 0896
RES000537,21:25:39,4,660000,2640000,CUS 1148,KMR 001,MP 06,ST 003,LOK 009,CI 0207,CO 0211
RES000538,21:07:52,9,616000,5544000,CUS 0717,KMR 001,MP 02,ST 003,LOK 020,CI 0125,CO 0134
RES000539,05:37:16,5,1125000,5625000,CUS 3809,KMR 003,MP 03,ST 003,LOK 005,CI 0401,CO 0407
RES000540,21:06:46,5,548000,2740000,CUS 2149,KMR 001,MP 01,ST 001,LOK 012,CI 0796,CO 0805
RES000541,08:11:47,6,653000,3918000,CUS 1099,KMR 001,MP 01,ST 004,LOK 009,CI 0831,CO 0841
RES000542,12:33:49,1,431000,431000,CUS 1460,KMR 004,MP 02,ST 002,LOK 018,CI 0461,CO 0464
RES000543,02:52:09,4,1336000,5344000,CUS 4164,KMR 003,MP 06,ST 002,LOK 007,CI 0017,CO 0020
RES000544,06:05:10,5,1236000,6180000,CUS 2990,KMR 003,MP 06,ST 004,LOK 003,CI 0195,CO 0201
RES000545,04:50:23,6,1316000,7896000,CUS 3011,KMR 003,MP 01,ST 003,LOK 007,CI 0282,CO 0286
RES000546,01:36:13,9,611000,5499000,CUS 3188,KMR 001,MP 03,ST 003,LOK 005,CI 0059,CO 0068
RES000547,19:44:14,8,1294000,10352000,CUS 2922,KMR 003,MP 04,ST 004,LOK 002,CI 0436,CO 0446
RES000548,23:17:16,2,385000,770000,CUS 0347,KMR 002,MP 06,ST 004,LOK 007,CI 1066,CO 1070
RES000549,10:34:03,3,473000,1419000,CUS 0958,KMR 004,MP 01,ST 003,LOK 007,CI 0017,CO 0019
RES000550,06:32:28,9,649000,5841000,CUS 2896,KMR 001,MP 04,ST 003,LOK 019,CI 0615,CO 0624
RES000551,09:32:42,3,352000,1056000,CUS 0834,KMR 002,MP 04,ST 003,LOK 003,CI 0372,CO 0375
RES000552,04:32:58,9,336000,3024000,CUS 0628,KMR 002,MP 03,ST 004,LOK 019,CI 0133,CO 0142
RES000553,22:44:41,3,394000,1182000,CUS 0031,KMR 002,MP 01,ST 004,LOK 007,CI 1057,CO 1063
RES000554,12:03:21,1,433000,433000,CUS 3219,KMR 004,MP 03,ST 003,LOK 008,CI 0434,CO 0437
RES000555,14:58:27,4,407000,1628000,CUS 0292,KMR 004,MP 06,ST 003,LOK 008,CI 0920,CO 0926
RES000556,23:35:31,2,596000,1192000,CUS 1953,KMR 001,MP 06,ST 003,LOK 014,CI 0924,CO 0928
RES000557,11:30:04,1,349000,349000,CUS 4032,KMR 002,MP 02,ST 003,LOK 012,CI 0931,CO 0935
RES000558,14:50:58,1,1143000,1143000,CUS 0916,KMR 003,MP 03,ST 003,LOK 008,CI 0353,CO 0353
RES000559,11:14:45,6,514000,3084000,CUS 0314,KMR 004,MP 03,ST 003,LOK 011,CI 0696,CO 0704
RES000560,00:22:33,2,1171000,2342000,CUS 0999,KMR 003,MP 03,ST 004,LOK 005,CI 0013,CO 0014
RES000561,21:56:27,3,1113000,3339000,CUS 2300,KMR 003,MP 01,ST 001,LOK 015,CI 0131,CO 0134
RES000562,07:12:07,4,551000,2204000,CUS 1668,KMR 001,MP 04,ST 001,LOK 003,CI 0177,CO 0182
RES000563,10:42:37,5,669000,3345000,CUS 1480,KMR 001,MP 06,ST 004,LOK 008,CI 0794,CO 0802
RES000564,03:06:04,4,362000,1448000,CUS 1035,KMR 002,MP 02,ST 003,LOK 007,CI 0876,CO 0881
RES000565,04:54:35,2,603000,1206000,CUS 2311,KMR 001,MP 02,ST 002,LOK 003,CI 0829,CO 0835
RES000566,03:53:32,1,546000,546000,CUS 1046,KMR 001,MP 06,ST 004,LOK 009,CI 0234,CO 0234
RES000567,20:07:02,8,1270000,10160000,CUS 3875,KMR 003,MP 05,ST 004,LOK 003,CI 0422,CO 0432
RES000568,01:39:38,7,612000,4284000,CUS 2885,KMR 001,MP 01,ST 003,LOK 013,CI 0318,CO 0324
RES000569,18:33:32,8,625000,5000000,CUS 1199,KMR 001,MP 03,ST 003,LOK 014,CI 0239,CO 0245
RES000570,11:54:16,8,1241000,9928000,CUS 0138,KMR 003,MP 06,ST 002,LOK 019,CI 0597,CO 0605
RES000571,19:17:24,6,346000,2076000,CUS 2172,KMR 002,MP 06,ST 002,LOK 016,CI 0780,CO 0789
RES000572,13:01:12,3,1238000,3714000,CUS 3744,KMR 003,MP 06,ST 004,LOK 002,CI 0214,CO 0216
RES000573,09:42:33,5,482000,2410000,CUS 0210,KMR 004,MP 03,ST 004,LOK 010,CI 0269,CO 0272
RES000574,09:34:12,5,440000,2200000,CUS 3101,KMR 004,MP 03,ST 003,LOK 002,CI 0237,CO 0240
RES000575,21:43:35,1,1287000,1287000,CUS 2284,KMR 003,MP 04,ST 004,LOK 009,CI 0244,CO 0243
RES000576,15:18:58,7,450000,3150000,CUS 0481,KMR 004,MP 03,ST 004,LOK 012,CI 0784,CO 0794
RES000577,18:58:59,9,351000,3159000,CUS 3209,KMR 002,MP 06,ST 004,LOK 017,CI 0590,CO 0599
RES000578,09:59:19,5,329000,1645000,CUS 0470,KMR 002,MP 04,ST 004,LOK 017,CI 0448,CO 0455
RES000579,00:03:17,4,1167000,4668000,CUS 3608,KMR 003,MP 05,ST 004,LOK 004,CI 0992,CO 0999
RES000580,23:44:15,1,347000,347000,CUS 3610,KMR 002,MP 04,ST 004,LOK 013,CI 1069,CO 1072
RES000581,06:40:00,7,580000,4060000,CUS 1928,KMR 001,MP 05,ST 003,LOK 015,CI 0714,CO 0723
RES000582,06:34:36,7,662000,4634000,CUS 2690,KMR 001,MP 04,ST 003,LOK 013,CI 0006,CO 0012
RES000583,23:32:28,1,598000,598000,CUS 0075,KMR 001,MP 06,ST 004,LOK 016,CI 0478,CO 0481
RES000584,23:10:41,6,369000,2214000,CUS 2910,KMR 002,MP 02,ST 003,LOK 017,CI 0859,CO 0867
RES000585,04:30:44,9,406000,3654000,CUS 2337,KMR 004,MP 01,ST 004,LOK 009,CI 0493,CO 0503
RES000586,04:56:43,9,1116000,10044000,CUS 3045,KMR 003,MP 02,ST 004,LOK 016,CI 0609,CO 0618
RES000587,22:59:58,7,378000,2646000,CUS 0609,KMR 002,MP 06,ST 003,LOK 020,CI 0198,CO 0205
RES000588,03:26:19,7,588000,4116000,CUS 2140,KMR 001,MP 04,ST 004,LOK 006,CI 0561,CO 0568
RES000589,00:27:44,7,1267000,8869000,CUS 2141,KMR 003,MP 01,ST 003,LOK 011,CI 0086,CO 0093
RES000590,09:09:18,1,587000,587000,CUS 0653,KMR 001,MP 01,ST 004,LOK 011,CI 0554,CO 0555
RES000591,01:01:24,9,598000,5382000,CUS 0019,KMR 001,MP 02,ST 002,LOK 018,CI 0135,CO 0144
RES000592,04:02:13,6,357000,2142000,CUS 0654,KMR 002,MP 02,ST 004,LOK 009,CI 0161,CO 0168
RES000593,12:51:17,2,480000,960000,CUS 0436,KMR 004,MP 01,ST 004,LOK 001,CI 0448,CO 0452
RES000594,16:20:01,2,346000,692000,CUS 2902,KMR 002,MP 02,ST 004,LOK 002,CI 0417,CO 0421
RES000683,19:12:46,1,1149000,1149000,CUS 3460,KMR 003,MP 03,ST 003,LOK 006,CI 0908,CO 0910
RES000596,19:15:07,6,406000,2436000,CUS 3821,KMR 004,MP 01,ST 003,LOK 020,CI 0004,CO 0009
RES000597,13:13:31,7,1326000,9282000,CUS 1915,KMR 003,MP 01,ST 003,LOK 002,CI 0884,CO 0892
RES000598,00:58:53,8,1268000,10144000,CUS 2273,KMR 003,MP 01,ST 003,LOK 009,CI 0573,CO 0581
RES000599,02:36:57,7,494000,3458000,CUS 1896,KMR 004,MP 05,ST 003,LOK 018,CI 0514,CO 0522
RES000600,14:35:15,4,575000,2300000,CUS 0309,KMR 001,MP 03,ST 004,LOK 005,CI 0875,CO 0880
RES000601,23:36:28,8,1363000,10904000,CUS 2758,KMR 003,MP 06,ST 001,LOK 010,CI 0563,CO 0571
RES000602,03:33:15,6,1260000,7560000,CUS 2921,KMR 003,MP 01,ST 003,LOK 002,CI 0506,CO 0513
RES000603,08:19:41,5,351000,1755000,CUS 3932,KMR 002,MP 05,ST 003,LOK 015,CI 0487,CO 0494
RES000604,23:42:35,6,1234000,7404000,CUS 0096,KMR 003,MP 06,ST 003,LOK 018,CI 0358,CO 0362
RES000605,09:18:33,4,444000,1776000,CUS 0583,KMR 004,MP 06,ST 003,LOK 004,CI 1033,CO 1040
RES000606,18:16:59,3,1360000,4080000,CUS 0139,KMR 003,MP 01,ST 003,LOK 017,CI 0094,CO 0097
RES000607,19:07:44,3,334000,1002000,CUS 1138,KMR 002,MP 03,ST 003,LOK 015,CI 0726,CO 0732
RES000608,01:30:32,3,1192000,3576000,CUS 2104,KMR 003,MP 03,ST 003,LOK 017,CI 0395,CO 0399
RES000609,23:55:31,7,446000,3122000,CUS 2572,KMR 004,MP 03,ST 004,LOK 006,CI 0149,CO 0156
RES000610,21:59:11,7,665000,4655000,CUS 2615,KMR 001,MP 06,ST 002,LOK 016,CI 0163,CO 0171
RES000611,02:10:47,8,1321000,10568000,CUS 4115,KMR 003,MP 04,ST 004,LOK 014,CI 0569,CO 0577
RES000612,06:27:30,8,370000,2960000,CUS 2492,KMR 002,MP 05,ST 003,LOK 013,CI 0067,CO 0075
RES000613,21:21:16,6,341000,2046000,CUS 1862,KMR 002,MP 01,ST 003,LOK 002,CI 0156,CO 0163
RES000614,22:08:20,1,336000,336000,CUS 1483,KMR 002,MP 03,ST 003,LOK 018,CI 0774,CO 0778
RES000615,12:00:13,5,638000,3190000,CUS 3003,KMR 001,MP 03,ST 004,LOK 011,CI 0971,CO 0979
RES000616,01:50:13,2,451000,902000,CUS 2716,KMR 004,MP 03,ST 004,LOK 004,CI 0437,CO 0441
RES000617,04:45:32,6,1246000,7476000,CUS 1218,KMR 003,MP 06,ST 003,LOK 009,CI 0162,CO 0169
RES000618,03:06:25,7,618000,4326000,CUS 0139,KMR 001,MP 05,ST 004,LOK 015,CI 0688,CO 0697
RES000619,08:47:56,8,510000,4080000,CUS 2483,KMR 004,MP 01,ST 004,LOK 010,CI 0369,CO 0377
RES000620,03:26:40,5,553000,2765000,CUS 0574,KMR 001,MP 06,ST 004,LOK 013,CI 0444,CO 0451
RES000621,09:55:43,8,1233000,9864000,CUS 3947,KMR 003,MP 01,ST 003,LOK 012,CI 0335,CO 0342
RES000622,17:44:31,8,359000,2872000,CUS 0139,KMR 002,MP 03,ST 002,LOK 006,CI 0342,CO 0349
RES000623,08:17:58,5,416000,2080000,CUS 2227,KMR 004,MP 02,ST 003,LOK 020,CI 0953,CO 0961
RES000624,06:32:44,6,664000,3984000,CUS 0722,KMR 001,MP 01,ST 004,LOK 001,CI 1008,CO 1017
RES000625,01:21:05,4,373000,1492000,CUS 1767,KMR 002,MP 02,ST 001,LOK 004,CI 0859,CO 0865
RES000626,07:07:29,3,1178000,3534000,CUS 2659,KMR 003,MP 01,ST 003,LOK 006,CI 1004,CO 1010
RES000627,00:02:55,3,497000,1491000,CUS 3731,KMR 004,MP 02,ST 004,LOK 013,CI 0309,CO 0310
RES000628,16:19:12,4,432000,1728000,CUS 3972,KMR 004,MP 02,ST 002,LOK 010,CI 0740,CO 0747
RES000629,09:07:04,5,1377000,6885000,CUS 0911,KMR 003,MP 06,ST 003,LOK 013,CI 0388,CO 0394
RES000630,17:20:29,4,444000,1776000,CUS 4121,KMR 004,MP 02,ST 004,LOK 011,CI 0497,CO 0502
RES000631,01:32:01,3,476000,1428000,CUS 2371,KMR 004,MP 02,ST 004,LOK 007,CI 0419,CO 0424
RES000632,01:28:43,8,476000,3808000,CUS 0139,KMR 004,MP 05,ST 003,LOK 012,CI 0874,CO 0883
RES000633,04:57:55,3,394000,1182000,CUS 1631,KMR 002,MP 01,ST 001,LOK 020,CI 0092,CO 0095
RES000634,09:36:25,5,674000,3370000,CUS 2752,KMR 001,MP 01,ST 003,LOK 018,CI 0959,CO 0967
RES000635,06:13:57,3,402000,1206000,CUS 0596,KMR 002,MP 05,ST 004,LOK 015,CI 0817,CO 0824
RES000636,14:12:39,9,319000,2871000,CUS 0127,KMR 002,MP 03,ST 002,LOK 020,CI 0056,CO 0065
RES000637,01:58:11,7,1155000,8085000,CUS 4069,KMR 003,MP 01,ST 003,LOK 005,CI 0123,CO 0130
RES000638,09:26:25,3,584000,1752000,CUS 3867,KMR 001,MP 02,ST 003,LOK 011,CI 1028,CO 1034
RES000639,18:12:24,8,383000,3064000,CUS 0203,KMR 002,MP 03,ST 004,LOK 020,CI 0785,CO 0796
RES000640,13:42:58,4,564000,2256000,CUS 1742,KMR 001,MP 03,ST 003,LOK 001,CI 0061,CO 0065
RES000641,23:41:36,6,355000,2130000,CUS 1194,KMR 002,MP 01,ST 003,LOK 016,CI 0414,CO 0422
RES000642,02:09:37,5,638000,3190000,CUS 2158,KMR 001,MP 03,ST 003,LOK 014,CI 1057,CO 1064
RES000643,20:39:18,5,614000,3070000,CUS 1513,KMR 001,MP 03,ST 004,LOK 015,CI 1015,CO 1023
RES000644,10:25:36,6,341000,2046000,CUS 2043,KMR 002,MP 01,ST 003,LOK 003,CI 0850,CO 0858
RES000645,17:40:28,4,1138000,4552000,CUS 3515,KMR 003,MP 01,ST 001,LOK 007,CI 0982,CO 0989
RES000646,07:40:01,9,511000,4599000,CUS 0139,KMR 004,MP 01,ST 003,LOK 020,CI 0434,CO 0445
RES000647,05:18:31,4,491000,1964000,CUS 1378,KMR 004,MP 05,ST 004,LOK 004,CI 0859,CO 0865
RES000648,14:04:52,2,459000,918000,CUS 1421,KMR 004,MP 05,ST 003,LOK 007,CI 0317,CO 0318
RES000649,23:44:32,3,545000,1635000,CUS 0397,KMR 001,MP 06,ST 004,LOK 019,CI 0230,CO 0232
RES000650,17:02:21,4,593000,2372000,CUS 1231,KMR 001,MP 05,ST 003,LOK 020,CI 0174,CO 0180
RES000651,00:51:26,4,1217000,4868000,CUS 0165,KMR 003,MP 01,ST 002,LOK 012,CI 0674,CO 0679
RES000652,00:03:52,3,600000,1800000,CUS 1284,KMR 001,MP 03,ST 003,LOK 003,CI 0241,CO 0242
RES000653,02:18:48,3,507000,1521000,CUS 0869,KMR 004,MP 04,ST 002,LOK 019,CI 0759,CO 0764
RES000654,06:11:09,8,1162000,9296000,CUS 1482,KMR 003,MP 01,ST 004,LOK 010,CI 0950,CO 0961
RES000655,22:33:13,3,421000,1263000,CUS 2546,KMR 004,MP 03,ST 003,LOK 019,CI 0704,CO 0709
RES000656,17:40:56,8,318000,2544000,CUS 0114,KMR 002,MP 03,ST 003,LOK 002,CI 0812,CO 0824
RES000657,06:24:36,4,666000,2664000,CUS 2715,KMR 001,MP 05,ST 002,LOK 015,CI 0670,CO 0675
RES000658,09:10:10,6,672000,4032000,CUS 0910,KMR 001,MP 05,ST 003,LOK 011,CI 0614,CO 0620
RES000659,14:09:47,1,486000,486000,CUS 3271,KMR 004,MP 05,ST 002,LOK 009,CI 0688,CO 0691
RES000660,02:27:47,2,1310000,2620000,CUS 1040,KMR 003,MP 05,ST 004,LOK 017,CI 0735,CO 0740
RES000661,22:32:53,8,382000,3056000,CUS 1350,KMR 002,MP 06,ST 002,LOK 011,CI 0881,CO 0890
RES000662,01:21:17,2,376000,752000,CUS 1950,KMR 002,MP 01,ST 004,LOK 016,CI 0558,CO 0560
RES000663,06:43:29,5,1318000,6590000,CUS 1203,KMR 003,MP 04,ST 004,LOK 016,CI 0651,CO 0656
RES000664,22:46:47,4,637000,2548000,CUS 3291,KMR 001,MP 02,ST 004,LOK 018,CI 0289,CO 0291
RES000665,02:57:32,9,451000,4059000,CUS 0721,KMR 004,MP 02,ST 004,LOK 012,CI 0960,CO 0972
RES000666,15:57:05,3,370000,1110000,CUS 1426,KMR 002,MP 01,ST 003,LOK 004,CI 0378,CO 0382
RES000667,07:43:58,6,447000,2682000,CUS 2710,KMR 004,MP 05,ST 003,LOK 010,CI 0640,CO 0646
RES000668,21:05:53,6,1354000,8124000,CUS 4084,KMR 003,MP 03,ST 004,LOK 006,CI 0827,CO 0837
RES000669,07:55:55,8,1242000,9936000,CUS 2040,KMR 003,MP 02,ST 004,LOK 012,CI 0263,CO 0269
RES000670,04:12:59,7,1114000,7798000,CUS 1906,KMR 003,MP 05,ST 004,LOK 005,CI 0907,CO 0915
RES000671,02:53:26,7,448000,3136000,CUS 1548,KMR 004,MP 01,ST 004,LOK 004,CI 0928,CO 0938
RES000672,02:16:22,4,349000,1396000,CUS 2770,KMR 002,MP 02,ST 004,LOK 011,CI 0035,CO 0039
RES000673,15:05:06,3,423000,1269000,CUS 0139,KMR 004,MP 04,ST 003,LOK 003,CI 0681,CO 0685
RES000674,23:19:06,3,324000,972000,CUS 0475,KMR 002,MP 04,ST 004,LOK 016,CI 0693,CO 0698
RES000675,08:53:49,1,433000,433000,CUS 1840,KMR 004,MP 04,ST 003,LOK 018,CI 0367,CO 0367
RES000676,20:16:25,5,616000,3080000,CUS 0170,KMR 001,MP 06,ST 004,LOK 011,CI 0017,CO 0021
RES000677,23:40:26,9,639000,5751000,CUS 1923,KMR 001,MP 06,ST 003,LOK 004,CI 0918,CO 0929
RES000678,02:51:42,9,1142000,10278000,CUS 3881,KMR 003,MP 05,ST 001,LOK 002,CI 0748,CO 0759
RES000679,01:09:16,3,391000,1173000,CUS 3379,KMR 002,MP 06,ST 003,LOK 001,CI 0170,CO 0175
RES000680,04:58:34,2,334000,668000,CUS 3843,KMR 002,MP 05,ST 003,LOK 005,CI 0273,CO 0273
RES000681,09:06:29,5,440000,2200000,CUS 1424,KMR 004,MP 01,ST 004,LOK 012,CI 0730,CO 0738
RES000682,14:02:19,5,1180000,5900000,CUS 0543,KMR 003,MP 06,ST 004,LOK 003,CI 0932,CO 0940
RES000684,22:34:37,1,466000,466000,CUS 2941,KMR 004,MP 03,ST 004,LOK 019,CI 0401,CO 0403
RES000685,14:52:04,2,1279000,2558000,CUS 2861,KMR 003,MP 01,ST 004,LOK 004,CI 0303,CO 0303
RES000686,15:00:01,9,319000,2871000,CUS 1665,KMR 002,MP 05,ST 003,LOK 005,CI 0134,CO 0143
RES000687,04:03:06,7,339000,2373000,CUS 3246,KMR 002,MP 02,ST 004,LOK 018,CI 0512,CO 0520
RES000688,03:33:31,9,364000,3276000,CUS 3284,KMR 002,MP 02,ST 002,LOK 017,CI 0432,CO 0443
RES000689,14:45:52,3,470000,1410000,CUS 3073,KMR 004,MP 02,ST 004,LOK 009,CI 0890,CO 0894
RES000690,01:04:44,5,449000,2245000,CUS 3928,KMR 004,MP 02,ST 004,LOK 010,CI 1024,CO 1032
RES000691,20:13:09,5,1145000,5725000,CUS 2053,KMR 003,MP 03,ST 001,LOK 003,CI 1016,CO 1024
RES000692,02:06:28,6,396000,2376000,CUS 3674,KMR 002,MP 06,ST 002,LOK 004,CI 0339,CO 0344
RES000693,02:35:48,7,1159000,8113000,CUS 2270,KMR 003,MP 06,ST 003,LOK 011,CI 0576,CO 0583
RES000694,15:20:40,3,677000,2031000,CUS 0932,KMR 001,MP 03,ST 004,LOK 013,CI 0081,CO 0084
RES000695,11:28:25,8,671000,5368000,CUS 3588,KMR 001,MP 05,ST 003,LOK 001,CI 0111,CO 0119
RES000696,09:03:54,8,1197000,9576000,CUS 0373,KMR 003,MP 03,ST 004,LOK 011,CI 0947,CO 0958
RES000697,03:42:25,9,350000,3150000,CUS 0205,KMR 002,MP 03,ST 004,LOK 008,CI 0918,CO 0929
RES000698,05:20:20,1,1211000,1211000,CUS 3738,KMR 003,MP 01,ST 004,LOK 019,CI 0924,CO 0927
RES000699,23:52:39,4,1134000,4536000,CUS 1192,KMR 003,MP 01,ST 003,LOK 013,CI 0718,CO 0725
RES000700,17:54:57,7,443000,3101000,CUS 0561,KMR 004,MP 05,ST 004,LOK 012,CI 1025,CO 1035
RES000701,08:41:55,1,1355000,1355000,CUS 3788,KMR 003,MP 03,ST 004,LOK 009,CI 0987,CO 0991
RES000702,11:13:14,9,550000,4950000,CUS 2478,KMR 001,MP 06,ST 004,LOK 007,CI 0233,CO 0240
RES000703,09:48:24,3,559000,1677000,CUS 3694,KMR 001,MP 06,ST 004,LOK 015,CI 0620,CO 0623
RES000704,18:07:35,9,389000,3501000,CUS 0139,KMR 002,MP 02,ST 001,LOK 002,CI 0298,CO 0305
RES000705,03:54:37,4,356000,1424000,CUS 3996,KMR 002,MP 01,ST 004,LOK 006,CI 0253,CO 0255
RES000706,09:26:18,3,629000,1887000,CUS 0501,KMR 001,MP 03,ST 003,LOK 010,CI 1024,CO 1030
RES000707,17:54:37,8,565000,4520000,CUS 2907,KMR 001,MP 03,ST 004,LOK 020,CI 0506,CO 0515
RES000708,20:48:53,2,612000,1224000,CUS 2553,KMR 001,MP 02,ST 004,LOK 004,CI 0262,CO 0262
RES000709,16:46:57,8,425000,3400000,CUS 3267,KMR 004,MP 06,ST 003,LOK 010,CI 0234,CO 0240
RES000710,17:37:18,5,474000,2370000,CUS 1445,KMR 004,MP 01,ST 004,LOK 007,CI 0439,CO 0446
RES000711,19:36:37,2,656000,1312000,CUS 3277,KMR 001,MP 04,ST 004,LOK 007,CI 0146,CO 0148
RES000712,17:08:12,7,442000,3094000,CUS 3665,KMR 004,MP 01,ST 003,LOK 001,CI 0765,CO 0774
RES000713,18:24:51,2,646000,1292000,CUS 4156,KMR 001,MP 06,ST 003,LOK 014,CI 0281,CO 0281
RES000714,16:53:47,4,326000,1304000,CUS 3140,KMR 002,MP 06,ST 004,LOK 017,CI 0260,CO 0262
RES000715,13:25:30,4,326000,1304000,CUS 3837,KMR 002,MP 02,ST 003,LOK 018,CI 0442,CO 0448
RES000716,12:34:18,6,554000,3324000,CUS 2309,KMR 001,MP 06,ST 004,LOK 013,CI 1061,CO 1069
RES000717,01:05:17,8,628000,5024000,CUS 3808,KMR 001,MP 03,ST 003,LOK 001,CI 0915,CO 0925
RES000718,18:02:33,7,654000,4578000,CUS 0794,KMR 001,MP 01,ST 004,LOK 007,CI 0424,CO 0433
RES000719,07:03:00,5,541000,2705000,CUS 2519,KMR 001,MP 02,ST 003,LOK 004,CI 1011,CO 1019
RES000720,11:33:48,4,667000,2668000,CUS 1320,KMR 001,MP 03,ST 004,LOK 013,CI 0509,CO 0514
RES000721,02:48:30,1,1317000,1317000,CUS 2627,KMR 003,MP 05,ST 002,LOK 010,CI 0456,CO 0459
RES000722,12:01:37,4,653000,2612000,CUS 2242,KMR 001,MP 01,ST 003,LOK 001,CI 0028,CO 0032
RES000723,03:13:53,2,399000,798000,CUS 4109,KMR 002,MP 02,ST 004,LOK 016,CI 0090,CO 0092
RES000725,12:49:53,8,1082000,8656000,CUS 3115,KMR 003,MP 05,ST 004,LOK 016,CI 0260,CO 0266
RES000726,08:21:17,8,516000,4128000,CUS 0953,KMR 004,MP 05,ST 004,LOK 012,CI 0144,CO 0152
RES000727,09:17:50,8,511000,4088000,CUS 3327,KMR 004,MP 04,ST 003,LOK 017,CI 0217,CO 0224
RES000728,08:43:01,7,1210000,8470000,CUS 0744,KMR 003,MP 06,ST 003,LOK 012,CI 0655,CO 0663
RES000729,15:31:40,8,483000,3864000,CUS 0795,KMR 004,MP 05,ST 004,LOK 003,CI 0859,CO 0869
RES000730,12:11:46,9,644000,5796000,CUS 2083,KMR 001,MP 05,ST 004,LOK 019,CI 0931,CO 0943
RES000731,01:46:23,8,497000,3976000,CUS 3852,KMR 004,MP 01,ST 003,LOK 006,CI 0163,CO 0172
RES000732,21:35:51,2,399000,798000,CUS 3194,KMR 002,MP 06,ST 003,LOK 019,CI 0049,CO 0051
RES000733,10:25:26,8,1086000,8688000,CUS 1816,KMR 003,MP 01,ST 003,LOK 006,CI 0168,CO 0178
RES000734,14:01:45,6,330000,1980000,CUS 0231,KMR 002,MP 01,ST 003,LOK 015,CI 1031,CO 1040
RES000735,03:06:14,3,348000,1044000,CUS 0139,KMR 002,MP 03,ST 002,LOK 019,CI 0876,CO 0880
RES000736,00:57:38,4,355000,1420000,CUS 1201,KMR 002,MP 06,ST 003,LOK 007,CI 0717,CO 0724
RES000737,06:43:51,6,470000,2820000,CUS 1951,KMR 004,MP 03,ST 003,LOK 019,CI 0098,CO 0104
RES000738,16:51:54,9,1174000,10566000,CUS 0439,KMR 003,MP 04,ST 003,LOK 011,CI 0718,CO 0730
RES000739,05:18:21,1,408000,408000,CUS 0392,KMR 004,MP 06,ST 004,LOK 001,CI 0368,CO 0368
RES000740,18:57:06,1,438000,438000,CUS 1384,KMR 004,MP 01,ST 003,LOK 009,CI 0597,CO 0598
RES000741,19:39:27,9,619000,5571000,CUS 1174,KMR 001,MP 04,ST 004,LOK 015,CI 0941,CO 0953
RES000742,03:53:17,6,1297000,7782000,CUS 4183,KMR 003,MP 01,ST 004,LOK 019,CI 0806,CO 0816
RES000743,16:28:58,6,340000,2040000,CUS 1400,KMR 002,MP 05,ST 003,LOK 002,CI 0357,CO 0361
RES000744,05:47:58,5,421000,2105000,CUS 1708,KMR 004,MP 05,ST 003,LOK 019,CI 1071,CO 1078
RES000745,23:05:15,3,444000,1332000,CUS 3572,KMR 004,MP 02,ST 004,LOK 019,CI 0067,CO 0070
RES000746,13:19:51,6,1325000,7950000,CUS 3911,KMR 003,MP 02,ST 002,LOK 012,CI 0997,CO 1006
RES000747,00:59:14,4,609000,2436000,CUS 1241,KMR 001,MP 04,ST 004,LOK 012,CI 0908,CO 0913
RES000748,05:00:00,6,357000,2142000,CUS 2618,KMR 002,MP 03,ST 003,LOK 009,CI 0414,CO 0422
RES000749,05:38:27,3,1107000,3321000,CUS 2825,KMR 003,MP 01,ST 003,LOK 001,CI 0923,CO 0928
RES000750,10:43:19,5,354000,1770000,CUS 2657,KMR 002,MP 04,ST 004,LOK 013,CI 0926,CO 0933
RES000751,06:01:20,9,1377000,12393000,CUS 2644,KMR 003,MP 06,ST 004,LOK 013,CI 0505,CO 0515
RES000752,12:31:03,7,657000,4599000,CUS 0177,KMR 001,MP 05,ST 003,LOK 018,CI 1059,CO 1068
RES000753,04:47:20,3,558000,1674000,CUS 3873,KMR 001,MP 04,ST 003,LOK 012,CI 0598,CO 0601
RES000754,03:10:49,1,507000,507000,CUS 3472,KMR 004,MP 02,ST 003,LOK 010,CI 0852,CO 0855
RES000755,15:48:08,3,1263000,3789000,CUS 3313,KMR 003,MP 02,ST 003,LOK 017,CI 0633,CO 0636
RES000756,05:45:05,4,1127000,4508000,CUS 3158,KMR 003,MP 03,ST 004,LOK 014,CI 0390,CO 0395
RES000757,17:26:15,2,1364000,2728000,CUS 1697,KMR 003,MP 02,ST 003,LOK 017,CI 0253,CO 0253
RES000758,18:16:31,6,625000,3750000,CUS 0280,KMR 001,MP 06,ST 003,LOK 013,CI 0216,CO 0221
RES000759,05:40:06,2,1152000,2304000,CUS 2850,KMR 003,MP 01,ST 003,LOK 005,CI 0280,CO 0280
RES000760,22:46:02,1,398000,398000,CUS 0162,KMR 002,MP 02,ST 003,LOK 014,CI 0371,CO 0372
RES000761,09:37:47,7,454000,3178000,CUS 3239,KMR 004,MP 01,ST 002,LOK 008,CI 0089,CO 0096
RES000762,11:34:17,6,1304000,7824000,CUS 3430,KMR 003,MP 06,ST 002,LOK 013,CI 0118,CO 0124
RES000763,17:36:55,7,636000,4452000,CUS 3086,KMR 001,MP 05,ST 003,LOK 007,CI 0034,CO 0041
RES000764,13:08:27,7,375000,2625000,CUS 1539,KMR 002,MP 04,ST 004,LOK 017,CI 0052,CO 0059
RES000765,08:54:22,8,448000,3584000,CUS 3071,KMR 004,MP 06,ST 004,LOK 018,CI 0408,CO 0418
RES000766,12:22:02,9,553000,4977000,CUS 1814,KMR 001,MP 04,ST 002,LOK 003,CI 0394,CO 0404
RES000767,17:51:01,1,322000,322000,CUS 1612,KMR 002,MP 05,ST 003,LOK 011,CI 0639,CO 0640
RES000768,19:04:06,3,1215000,3645000,CUS 0462,KMR 003,MP 03,ST 004,LOK 005,CI 0236,CO 0237
RES000769,16:59:51,8,448000,3584000,CUS 1707,KMR 004,MP 04,ST 003,LOK 016,CI 0247,CO 0253
RES000770,23:22:35,5,489000,2445000,CUS 2320,KMR 004,MP 02,ST 004,LOK 011,CI 0324,CO 0328
RES000771,17:06:09,1,453000,453000,CUS 0275,KMR 004,MP 05,ST 003,LOK 005,CI 0027,CO 0028
RES000772,10:11:58,3,657000,1971000,CUS 0352,KMR 001,MP 06,ST 003,LOK 001,CI 0713,CO 0718
RES000773,21:16:49,1,357000,357000,CUS 0991,KMR 002,MP 02,ST 004,LOK 010,CI 0622,CO 0623
RES000774,19:27:28,1,1120000,1120000,CUS 2126,KMR 003,MP 04,ST 004,LOK 012,CI 0331,CO 0331
RES000775,07:32:30,1,1239000,1239000,CUS 3865,KMR 003,MP 01,ST 004,LOK 011,CI 0123,CO 0124
RES000776,08:23:18,1,1323000,1323000,CUS 3927,KMR 003,MP 06,ST 004,LOK 006,CI 1032,CO 1036
RES000777,19:16:33,2,1084000,2168000,CUS 2648,KMR 003,MP 02,ST 003,LOK 002,CI 0356,CO 0356
RES000778,01:11:31,3,418000,1254000,CUS 0139,KMR 004,MP 05,ST 003,LOK 012,CI 1067,CO 1072
RES000779,05:13:21,4,605000,2420000,CUS 0828,KMR 001,MP 04,ST 003,LOK 002,CI 0693,CO 0699
RES000780,10:21:48,7,656000,4592000,CUS 0702,KMR 001,MP 05,ST 003,LOK 018,CI 0215,CO 0221
RES000781,00:22:05,2,421000,842000,CUS 3847,KMR 004,MP 06,ST 003,LOK 010,CI 0008,CO 0009
RES000782,17:02:49,5,432000,2160000,CUS 3329,KMR 004,MP 04,ST 003,LOK 015,CI 0140,CO 0145
RES000783,13:17:18,1,484000,484000,CUS 2612,KMR 004,MP 03,ST 004,LOK 014,CI 0424,CO 0427
RES000784,01:37:17,7,596000,4172000,CUS 1695,KMR 001,MP 06,ST 003,LOK 009,CI 0646,CO 0653
RES000785,18:05:45,9,370000,3330000,CUS 3785,KMR 002,MP 05,ST 003,LOK 002,CI 0264,CO 0271
RES000786,22:55:43,2,438000,876000,CUS 0683,KMR 004,MP 06,ST 004,LOK 009,CI 1076,CO 1080
RES000787,16:13:27,6,391000,2346000,CUS 1686,KMR 002,MP 06,ST 002,LOK 010,CI 0050,CO 0056
RES000788,05:41:56,1,340000,340000,CUS 3691,KMR 002,MP 05,ST 003,LOK 019,CI 0860,CO 0863
RES000789,08:43:51,5,1279000,6395000,CUS 3697,KMR 003,MP 06,ST 004,LOK 018,CI 0259,CO 0262
RES000790,11:02:29,8,386000,3088000,CUS 3810,KMR 002,MP 03,ST 004,LOK 006,CI 0391,CO 0400
RES000791,09:27:35,2,1238000,2476000,CUS 1467,KMR 003,MP 03,ST 004,LOK 001,CI 0209,CO 0211
RES000792,16:06:56,1,1203000,1203000,CUS 3058,KMR 003,MP 01,ST 004,LOK 009,CI 0861,CO 0864
RES000793,08:22:45,1,1289000,1289000,CUS 0391,KMR 003,MP 05,ST 003,LOK 011,CI 0615,CO 0616
RES000794,04:20:59,7,486000,3402000,CUS 3536,KMR 004,MP 01,ST 003,LOK 016,CI 0594,CO 0601
RES000795,14:32:32,9,384000,3456000,CUS 3636,KMR 002,MP 06,ST 003,LOK 007,CI 0789,CO 0801
RES000796,04:27:20,3,497000,1491000,CUS 0022,KMR 004,MP 05,ST 003,LOK 019,CI 0091,CO 0094
RES000797,02:59:22,8,429000,3432000,CUS 2008,KMR 004,MP 04,ST 003,LOK 012,CI 0436,CO 0446
RES000798,17:18:05,3,568000,1704000,CUS 1239,KMR 001,MP 06,ST 003,LOK 003,CI 0862,CO 0867
RES000799,20:35:51,3,611000,1833000,CUS 0139,KMR 001,MP 05,ST 004,LOK 005,CI 0355,CO 0356
RES000800,01:32:46,1,668000,668000,CUS 3235,KMR 001,MP 05,ST 003,LOK 017,CI 0851,CO 0854
RES000801,18:52:42,3,544000,1632000,CUS 0848,KMR 001,MP 04,ST 004,LOK 018,CI 0788,CO 0794
RES000802,05:32:51,4,559000,2236000,CUS 2091,KMR 001,MP 06,ST 003,LOK 005,CI 0576,CO 0580
RES000803,18:45:11,6,505000,3030000,CUS 2307,KMR 004,MP 06,ST 004,LOK 007,CI 0746,CO 0754
RES000804,23:37:32,4,470000,1880000,CUS 1599,KMR 004,MP 03,ST 004,LOK 019,CI 0212,CO 0215
RES000805,04:25:07,5,1113000,5565000,CUS 1154,KMR 003,MP 06,ST 001,LOK 002,CI 0846,CO 0853
RES000806,20:48:00,2,430000,860000,CUS 3954,KMR 004,MP 02,ST 001,LOK 012,CI 0639,CO 0641
RES001421,17:57:30,7,621000,4347000,CUS 3215,KMR 001,MP 06,ST 003,LOK 001,CI 0085,CO 0092
RES000808,09:48:14,2,338000,676000,CUS 0326,KMR 002,MP 03,ST 004,LOK 004,CI 0614,CO 0616
RES000809,10:43:08,2,441000,882000,CUS 1732,KMR 004,MP 06,ST 004,LOK 006,CI 0303,CO 0303
RES000810,23:03:44,1,341000,341000,CUS 0905,KMR 002,MP 04,ST 003,LOK 014,CI 0949,CO 0953
RES000811,03:45:31,7,412000,2884000,CUS 3574,KMR 004,MP 06,ST 002,LOK 005,CI 0492,CO 0500
RES000812,13:30:58,1,516000,516000,CUS 0973,KMR 004,MP 06,ST 003,LOK 005,CI 0562,CO 0563
RES000813,22:51:25,3,653000,1959000,CUS 0591,KMR 001,MP 06,ST 003,LOK 005,CI 0326,CO 0328
RES000814,03:38:35,5,1083000,5415000,CUS 1761,KMR 003,MP 06,ST 002,LOK 012,CI 0941,CO 0949
RES000815,14:15:29,4,1291000,5164000,CUS 2295,KMR 003,MP 04,ST 003,LOK 009,CI 0318,CO 0321
RES000816,21:12:12,5,418000,2090000,CUS 0139,KMR 004,MP 05,ST 003,LOK 018,CI 0287,CO 0290
RES000817,15:48:49,7,320000,2240000,CUS 1301,KMR 002,MP 06,ST 002,LOK 013,CI 0533,CO 0541
RES000818,21:54:19,7,321000,2247000,CUS 1076,KMR 002,MP 03,ST 004,LOK 003,CI 0676,CO 0684
RES000819,13:08:58,3,349000,1047000,CUS 1516,KMR 002,MP 01,ST 003,LOK 016,CI 0867,CO 0872
RES000820,13:45:56,5,1289000,6445000,CUS 3492,KMR 003,MP 03,ST 003,LOK 004,CI 0065,CO 0070
RES000821,23:17:35,9,1157000,10413000,CUS 3878,KMR 003,MP 06,ST 003,LOK 017,CI 0629,CO 0638
RES000822,00:13:09,2,588000,1176000,CUS 0139,KMR 001,MP 04,ST 003,LOK 008,CI 0900,CO 0903
RES000823,19:12:14,2,1142000,2284000,CUS 3318,KMR 003,MP 03,ST 003,LOK 001,CI 0461,CO 0465
RES000824,03:21:23,1,363000,363000,CUS 3326,KMR 002,MP 01,ST 004,LOK 019,CI 0396,CO 0398
RES000825,09:54:44,6,321000,1926000,CUS 3422,KMR 002,MP 04,ST 003,LOK 020,CI 0684,CO 0692
RES000826,13:58:47,5,1311000,6555000,CUS 3749,KMR 003,MP 01,ST 002,LOK 018,CI 0067,CO 0072
RES000827,16:12:16,6,1205000,7230000,CUS 2089,KMR 003,MP 04,ST 004,LOK 012,CI 0128,CO 0134
RES000828,00:21:03,3,681000,2043000,CUS 2432,KMR 001,MP 06,ST 001,LOK 001,CI 0211,CO 0213
RES000829,09:12:44,9,482000,4338000,CUS 3459,KMR 004,MP 02,ST 003,LOK 014,CI 0654,CO 0664
RES000830,21:51:36,7,503000,3521000,CUS 2150,KMR 004,MP 05,ST 004,LOK 014,CI 0273,CO 0278
RES000831,08:17:47,6,1216000,7296000,CUS 3656,KMR 003,MP 01,ST 004,LOK 015,CI 0013,CO 0018
RES000832,21:02:12,7,1308000,9156000,CUS 1530,KMR 003,MP 06,ST 003,LOK 019,CI 0794,CO 0804
RES000833,06:25:11,4,325000,1300000,CUS 0922,KMR 002,MP 02,ST 004,LOK 016,CI 0058,CO 0062
RES000834,23:17:54,2,434000,868000,CUS 2826,KMR 004,MP 01,ST 003,LOK 016,CI 0829,CO 0835
RES000835,03:11:41,5,445000,2225000,CUS 2576,KMR 004,MP 06,ST 004,LOK 018,CI 1015,CO 1023
RES000836,13:38:37,4,1338000,5352000,CUS 0801,KMR 003,MP 05,ST 004,LOK 017,CI 0228,CO 0231
RES000837,15:45:48,9,1125000,10125000,CUS 2497,KMR 003,MP 01,ST 004,LOK 009,CI 0521,CO 0531
RES000838,22:04:31,1,1332000,1332000,CUS 0996,KMR 003,MP 01,ST 003,LOK 020,CI 0059,CO 0060
RES000839,18:30:45,7,491000,3437000,CUS 3989,KMR 004,MP 05,ST 004,LOK 005,CI 0279,CO 0284
RES000840,05:29:50,3,1090000,3270000,CUS 0255,KMR 003,MP 01,ST 004,LOK 012,CI 0678,CO 0682
RES000841,17:29:14,1,317000,317000,CUS 0886,KMR 002,MP 04,ST 001,LOK 005,CI 0452,CO 0455
RES000842,06:50:39,3,664000,1992000,CUS 1064,KMR 001,MP 01,ST 003,LOK 004,CI 0625,CO 0628
RES000843,04:03:12,4,1207000,4828000,CUS 0039,KMR 003,MP 03,ST 003,LOK 003,CI 0782,CO 0789
RES000844,15:09:58,2,1212000,2424000,CUS 2113,KMR 003,MP 06,ST 002,LOK 011,CI 0088,CO 0090
RES000845,06:34:43,7,417000,2919000,CUS 4003,KMR 004,MP 01,ST 004,LOK 007,CI 0911,CO 0920
RES000846,17:47:23,1,459000,459000,CUS 1806,KMR 004,MP 04,ST 004,LOK 008,CI 0549,CO 0550
RES000847,12:32:58,4,682000,2728000,CUS 0139,KMR 001,MP 04,ST 004,LOK 008,CI 0034,CO 0038
RES000848,07:14:03,3,443000,1329000,CUS 2277,KMR 004,MP 03,ST 002,LOK 010,CI 0659,CO 0663
RES000849,18:02:03,4,354000,1416000,CUS 2753,KMR 002,MP 01,ST 002,LOK 003,CI 0294,CO 0296
RES000850,16:20:02,4,1357000,5428000,CUS 0468,KMR 003,MP 06,ST 003,LOK 009,CI 0596,CO 0600
RES000851,17:53:15,4,546000,2184000,CUS 1465,KMR 001,MP 05,ST 004,LOK 003,CI 0624,CO 0628
RES000852,22:13:52,1,510000,510000,CUS 0328,KMR 004,MP 02,ST 003,LOK 008,CI 0966,CO 0970
RES000853,04:22:27,7,1350000,9450000,CUS 3485,KMR 003,MP 06,ST 003,LOK 019,CI 0316,CO 0322
RES000854,20:22:24,5,618000,3090000,CUS 1571,KMR 001,MP 03,ST 004,LOK 008,CI 0922,CO 0929
RES000855,01:36:16,3,574000,1722000,CUS 0619,KMR 001,MP 03,ST 003,LOK 012,CI 0312,CO 0313
RES000856,08:05:04,9,379000,3411000,CUS 3682,KMR 002,MP 01,ST 003,LOK 008,CI 0867,CO 0878
RES000857,22:00:54,5,440000,2200000,CUS 0139,KMR 004,MP 06,ST 004,LOK 009,CI 0859,CO 0866
RES000858,13:57:47,8,373000,2984000,CUS 1715,KMR 002,MP 03,ST 003,LOK 006,CI 0918,CO 0928
RES000859,09:06:41,6,506000,3036000,CUS 0122,KMR 004,MP 02,ST 003,LOK 010,CI 0319,CO 0324
RES000860,04:02:55,8,660000,5280000,CUS 2766,KMR 001,MP 02,ST 003,LOK 017,CI 0357,CO 0363
RES000861,18:23:51,5,348000,1740000,CUS 3142,KMR 002,MP 02,ST 004,LOK 010,CI 0424,CO 0431
RES000862,02:49:01,7,434000,3038000,CUS 0139,KMR 004,MP 05,ST 004,LOK 014,CI 0129,CO 0136
RES000863,06:00:42,3,401000,1203000,CUS 3490,KMR 002,MP 06,ST 004,LOK 003,CI 0432,CO 0437
RES000864,08:21:09,2,1221000,2442000,CUS 0139,KMR 003,MP 04,ST 004,LOK 005,CI 0263,CO 0263
RES000865,05:39:55,5,542000,2710000,CUS 2573,KMR 001,MP 05,ST 004,LOK 007,CI 0936,CO 0944
RES000866,02:41:25,8,680000,5440000,CUS 2427,KMR 001,MP 04,ST 004,LOK 014,CI 0851,CO 0861
RES000867,13:10:05,1,369000,369000,CUS 0155,KMR 002,MP 02,ST 003,LOK 003,CI 0723,CO 0727
RES000868,13:29:34,5,358000,1790000,CUS 3036,KMR 002,MP 03,ST 002,LOK 002,CI 0521,CO 0527
RES000869,22:02:15,5,1143000,5715000,CUS 3245,KMR 003,MP 05,ST 003,LOK 011,CI 0482,CO 0489
RES000870,08:13:15,6,337000,2022000,CUS 1089,KMR 002,MP 03,ST 003,LOK 019,CI 0008,CO 0013
RES000871,02:02:32,4,633000,2532000,CUS 3191,KMR 001,MP 06,ST 004,LOK 013,CI 0741,CO 0748
RES000872,16:37:27,6,364000,2184000,CUS 2772,KMR 002,MP 06,ST 004,LOK 015,CI 1005,CO 1014
RES000873,07:18:58,5,660000,3300000,CUS 1103,KMR 001,MP 03,ST 004,LOK 008,CI 1010,CO 1018
RES000874,01:45:01,1,1096000,1096000,CUS 3214,KMR 003,MP 06,ST 004,LOK 010,CI 0138,CO 0139
RES000875,07:21:00,5,381000,1905000,CUS 3654,KMR 002,MP 04,ST 003,LOK 010,CI 0856,CO 0863
RES000876,06:36:01,8,592000,4736000,CUS 1366,KMR 001,MP 06,ST 003,LOK 015,CI 0219,CO 0226
RES000877,03:59:05,5,380000,1900000,CUS 2736,KMR 002,MP 03,ST 004,LOK 016,CI 0418,CO 0425
RES000878,03:57:04,1,1201000,1201000,CUS 2067,KMR 003,MP 03,ST 004,LOK 013,CI 0509,CO 0511
RES000879,00:16:08,5,480000,2400000,CUS 3845,KMR 004,MP 03,ST 003,LOK 013,CI 0993,CO 1001
RES000880,03:09:46,7,1263000,8841000,CUS 0823,KMR 003,MP 06,ST 003,LOK 018,CI 0309,CO 0314
RES000881,12:19:44,7,671000,4697000,CUS 2818,KMR 001,MP 02,ST 004,LOK 006,CI 0270,CO 0275
RES000882,09:48:36,7,677000,4739000,CUS 1100,KMR 001,MP 01,ST 004,LOK 003,CI 0954,CO 0964
RES000883,09:09:36,8,513000,4104000,CUS 1266,KMR 004,MP 02,ST 004,LOK 003,CI 0628,CO 0636
RES000884,21:01:21,3,625000,1875000,CUS 2255,KMR 001,MP 02,ST 003,LOK 018,CI 0205,CO 0208
RES000885,22:01:32,4,1103000,4412000,CUS 3093,KMR 003,MP 02,ST 004,LOK 004,CI 0687,CO 0693
RES000886,13:03:36,3,550000,1650000,CUS 0438,KMR 001,MP 03,ST 004,LOK 005,CI 0454,CO 0459
RES000887,04:23:40,5,1288000,6440000,CUS 0809,KMR 003,MP 02,ST 002,LOK 008,CI 0781,CO 0789
RES000888,20:41:25,1,496000,496000,CUS 2804,KMR 004,MP 01,ST 004,LOK 015,CI 0416,CO 0419
RES000889,18:11:20,9,491000,4419000,CUS 3813,KMR 004,MP 03,ST 003,LOK 018,CI 0277,CO 0284
RES000890,20:53:39,2,408000,816000,CUS 2863,KMR 004,MP 02,ST 003,LOK 011,CI 0826,CO 0832
RES000891,03:28:13,1,392000,392000,CUS 1329,KMR 002,MP 06,ST 004,LOK 002,CI 0088,CO 0089
RES000892,16:15:14,3,414000,1242000,CUS 1710,KMR 004,MP 06,ST 001,LOK 012,CI 0869,CO 0874
RES000893,03:20:05,8,360000,2880000,CUS 1497,KMR 002,MP 02,ST 004,LOK 006,CI 0228,CO 0235
RES000894,14:03:43,7,1302000,9114000,CUS 2775,KMR 003,MP 05,ST 002,LOK 003,CI 0712,CO 0721
RES000895,11:12:51,2,340000,680000,CUS 0563,KMR 002,MP 02,ST 003,LOK 006,CI 0764,CO 0768
RES000896,06:43:18,9,445000,4005000,CUS 3024,KMR 004,MP 02,ST 004,LOK 012,CI 0822,CO 0835
RES000897,08:58:00,8,1372000,10976000,CUS 3240,KMR 003,MP 06,ST 003,LOK 001,CI 0976,CO 0987
RES000898,00:42:35,7,502000,3514000,CUS 3564,KMR 004,MP 04,ST 003,LOK 011,CI 0311,CO 0316
RES000899,14:20:27,8,391000,3128000,CUS 1559,KMR 002,MP 03,ST 004,LOK 012,CI 0282,CO 0288
RES000900,14:13:42,5,619000,3095000,CUS 0714,KMR 001,MP 03,ST 003,LOK 016,CI 1047,CO 1055
RES000901,02:33:14,5,509000,2545000,CUS 1743,KMR 004,MP 06,ST 003,LOK 004,CI 0522,CO 0528
RES000902,06:29:28,8,1088000,8704000,CUS 1699,KMR 003,MP 01,ST 003,LOK 009,CI 0609,CO 0617
RES000903,01:21:29,2,689000,1378000,CUS 1927,KMR 001,MP 01,ST 004,LOK 012,CI 0402,CO 0405
RES000904,18:13:41,4,332000,1328000,CUS 0013,KMR 002,MP 06,ST 004,LOK 003,CI 0247,CO 0249
RES003855,15:29:02,7,337000,2359000,CUS 2857,KMR 002,MP 06,ST 003,LOK 008,CI 0841,CO 0850
RES000906,14:43:12,3,1279000,3837000,CUS 3199,KMR 003,MP 06,ST 003,LOK 011,CI 0384,CO 0388
RES000907,18:38:12,3,517000,1551000,CUS 2594,KMR 004,MP 04,ST 003,LOK 003,CI 0973,CO 0979
RES000908,07:49:55,1,658000,658000,CUS 1563,KMR 001,MP 02,ST 004,LOK 018,CI 1023,CO 1027
RES000909,18:02:51,1,574000,574000,CUS 2070,KMR 001,MP 03,ST 003,LOK 005,CI 0484,CO 0487
RES000910,14:47:43,7,443000,3101000,CUS 2276,KMR 004,MP 03,ST 003,LOK 003,CI 0911,CO 0920
RES000911,07:05:52,2,649000,1298000,CUS 3995,KMR 001,MP 02,ST 004,LOK 012,CI 0938,CO 0943
RES000912,03:24:52,9,1260000,11340000,CUS 3525,KMR 003,MP 02,ST 001,LOK 011,CI 0962,CO 0974
RES000913,14:10:07,2,501000,1002000,CUS 2656,KMR 004,MP 04,ST 004,LOK 002,CI 0686,CO 0690
RES000914,07:24:12,9,420000,3780000,CUS 4035,KMR 004,MP 06,ST 003,LOK 009,CI 0907,CO 0917
RES000915,00:01:42,3,462000,1386000,CUS 3330,KMR 004,MP 03,ST 003,LOK 007,CI 0132,CO 0135
RES000916,10:38:02,3,320000,960000,CUS 3348,KMR 002,MP 01,ST 002,LOK 002,CI 0971,CO 0977
RES000917,11:10:49,2,1177000,2354000,CUS 0233,KMR 003,MP 01,ST 003,LOK 012,CI 0414,CO 0418
RES000918,03:48:48,4,550000,2200000,CUS 1608,KMR 001,MP 05,ST 004,LOK 020,CI 0894,CO 0899
RES000919,06:35:15,4,381000,1524000,CUS 0139,KMR 002,MP 02,ST 002,LOK 013,CI 0041,CO 0045
RES000920,16:06:21,9,630000,5670000,CUS 3884,KMR 001,MP 01,ST 001,LOK 008,CI 0160,CO 0170
RES000921,21:17:15,4,581000,2324000,CUS 2876,KMR 001,MP 02,ST 004,LOK 010,CI 0990,CO 0997
RES000922,13:07:43,8,333000,2664000,CUS 0319,KMR 002,MP 05,ST 002,LOK 007,CI 0481,CO 0491
RES000923,02:45:42,7,1239000,8673000,CUS 0500,KMR 003,MP 03,ST 003,LOK 008,CI 0372,CO 0379
RES000924,02:34:35,1,682000,682000,CUS 2162,KMR 001,MP 02,ST 004,LOK 012,CI 0562,CO 0563
RES000925,00:06:04,4,678000,2712000,CUS 1869,KMR 001,MP 04,ST 004,LOK 019,CI 0595,CO 0599
RES000926,20:40:15,7,686000,4802000,CUS 3482,KMR 001,MP 04,ST 003,LOK 013,CI 0644,CO 0651
RES000927,09:07:36,3,641000,1923000,CUS 1066,KMR 001,MP 03,ST 002,LOK 002,CI 0744,CO 0750
RES000928,02:05:41,4,579000,2316000,CUS 3983,KMR 001,MP 03,ST 004,LOK 019,CI 0753,CO 0759
RES000929,02:35:23,7,455000,3185000,CUS 1454,KMR 004,MP 05,ST 002,LOK 012,CI 0893,CO 0901
RES000930,14:53:21,6,1238000,7428000,CUS 0386,KMR 003,MP 06,ST 004,LOK 009,CI 0476,CO 0484
RES000931,06:07:22,7,474000,3318000,CUS 4009,KMR 004,MP 03,ST 001,LOK 001,CI 0036,CO 0043
RES000932,04:13:28,9,1347000,12123000,CUS 3396,KMR 003,MP 04,ST 004,LOK 008,CI 0944,CO 0956
RES000933,10:20:56,6,319000,1914000,CUS 0546,KMR 002,MP 05,ST 004,LOK 009,CI 0571,CO 0577
RES000934,10:34:11,7,558000,3906000,CUS 3407,KMR 001,MP 06,ST 003,LOK 003,CI 0579,CO 0586
RES000935,11:34:45,6,632000,3792000,CUS 3518,KMR 001,MP 03,ST 004,LOK 010,CI 0075,CO 0081
RES000936,03:13:59,6,515000,3090000,CUS 2268,KMR 004,MP 05,ST 003,LOK 018,CI 0502,CO 0509
RES000937,11:51:42,5,631000,3155000,CUS 3849,KMR 001,MP 05,ST 004,LOK 009,CI 0678,CO 0684
RES000938,11:06:27,6,1145000,6870000,CUS 4142,KMR 003,MP 06,ST 003,LOK 020,CI 0051,CO 0057
RES000939,09:05:55,8,663000,5304000,CUS 0904,KMR 001,MP 02,ST 003,LOK 003,CI 0909,CO 0918
RES000940,16:28:19,4,502000,2008000,CUS 0622,KMR 004,MP 01,ST 003,LOK 001,CI 0926,CO 0932
RES000941,13:49:17,2,398000,796000,CUS 2456,KMR 002,MP 02,ST 004,LOK 015,CI 0435,CO 0439
RES000942,20:25:53,4,425000,1700000,CUS 2414,KMR 004,MP 05,ST 003,LOK 007,CI 0724,CO 0731
RES000943,22:11:38,4,483000,1932000,CUS 3533,KMR 004,MP 02,ST 003,LOK 012,CI 1001,CO 1008
RES000944,20:43:35,8,447000,3576000,CUS 4171,KMR 004,MP 02,ST 004,LOK 020,CI 0809,CO 0821
RES000945,04:45:04,2,449000,898000,CUS 3882,KMR 004,MP 05,ST 003,LOK 011,CI 0829,CO 0835
RES000946,16:29:47,5,689000,3445000,CUS 1972,KMR 001,MP 02,ST 003,LOK 011,CI 0888,CO 0894
RES000947,14:11:05,2,462000,924000,CUS 3201,KMR 004,MP 03,ST 003,LOK 002,CI 0405,CO 0408
RES000948,01:58:35,3,689000,2067000,CUS 1469,KMR 001,MP 01,ST 001,LOK 012,CI 0394,CO 0398
RES000949,06:57:04,4,335000,1340000,CUS 0139,KMR 002,MP 06,ST 003,LOK 005,CI 0302,CO 0304
RES000950,04:09:49,1,479000,479000,CUS 0116,KMR 004,MP 04,ST 002,LOK 010,CI 0228,CO 0228
RES000951,03:41:25,1,334000,334000,CUS 0178,KMR 002,MP 02,ST 001,LOK 016,CI 0404,CO 0406
RES000952,22:06:46,8,1131000,9048000,CUS 1282,KMR 003,MP 06,ST 004,LOK 007,CI 0284,CO 0290
RES000953,11:44:15,4,496000,1984000,CUS 2297,KMR 004,MP 04,ST 003,LOK 020,CI 0451,CO 0457
RES000954,22:56:23,6,491000,2946000,CUS 1423,KMR 004,MP 05,ST 004,LOK 004,CI 0349,CO 0354
RES000955,01:46:59,9,499000,4491000,CUS 3942,KMR 004,MP 03,ST 004,LOK 007,CI 0446,CO 0457
RES000956,20:59:17,9,517000,4653000,CUS 2608,KMR 004,MP 06,ST 003,LOK 007,CI 0810,CO 0823
RES000957,23:25:54,4,338000,1352000,CUS 0004,KMR 002,MP 02,ST 003,LOK 001,CI 0066,CO 0070
RES000958,01:12:10,2,1094000,2188000,CUS 2401,KMR 003,MP 02,ST 001,LOK 002,CI 0295,CO 0295
RES000959,16:02:06,1,502000,502000,CUS 2226,KMR 004,MP 01,ST 004,LOK 006,CI 0064,CO 0065
RES000960,13:27:01,5,1107000,5535000,CUS 1018,KMR 003,MP 05,ST 003,LOK 016,CI 0735,CO 0743
RES000961,20:13:33,3,1368000,4104000,CUS 0080,KMR 003,MP 06,ST 004,LOK 016,CI 0385,CO 0389
RES000962,11:01:53,4,357000,1428000,CUS 3693,KMR 002,MP 05,ST 003,LOK 016,CI 0029,CO 0033
RES000963,02:27:07,9,340000,3060000,CUS 1369,KMR 002,MP 04,ST 004,LOK 003,CI 0908,CO 0918
RES000964,03:38:19,9,1272000,11448000,CUS 2830,KMR 003,MP 01,ST 003,LOK 016,CI 0969,CO 0981
RES000965,11:17:09,6,687000,4122000,CUS 0602,KMR 001,MP 02,ST 004,LOK 011,CI 0171,CO 0179
RES000966,02:24:37,9,637000,5733000,CUS 2114,KMR 001,MP 03,ST 003,LOK 001,CI 1063,CO 1074
RES000967,23:44:30,6,410000,2460000,CUS 4004,KMR 004,MP 05,ST 004,LOK 018,CI 0343,CO 0348
RES000968,04:51:23,7,1267000,8869000,CUS 3968,KMR 003,MP 01,ST 003,LOK 012,CI 0165,CO 0173
RES000969,06:29:25,3,323000,969000,CUS 1628,KMR 002,MP 04,ST 003,LOK 016,CI 0664,CO 0668
RES000970,01:01:41,8,365000,2920000,CUS 2667,KMR 002,MP 06,ST 003,LOK 005,CI 0142,CO 0150
RES000971,16:13:13,1,653000,653000,CUS 4129,KMR 001,MP 03,ST 004,LOK 015,CI 0254,CO 0253
RES000972,04:57:48,2,1095000,2190000,CUS 2733,KMR 003,MP 02,ST 004,LOK 010,CI 0854,CO 0858
RES000973,04:52:53,7,319000,2233000,CUS 3392,KMR 002,MP 03,ST 004,LOK 011,CI 0323,CO 0329
RES000974,00:30:47,4,628000,2512000,CUS 0060,KMR 001,MP 05,ST 003,LOK 006,CI 0776,CO 0783
RES000975,14:20:31,5,427000,2135000,CUS 1451,KMR 004,MP 02,ST 004,LOK 017,CI 0303,CO 0306
RES000976,22:54:03,2,496000,992000,CUS 1937,KMR 004,MP 04,ST 004,LOK 015,CI 0479,CO 0483
RES000977,14:49:05,8,413000,3304000,CUS 0396,KMR 004,MP 04,ST 004,LOK 005,CI 0721,CO 0732
RES000979,06:17:02,4,1165000,4660000,CUS 2071,KMR 003,MP 01,ST 003,LOK 013,CI 0080,CO 0084
RES000980,19:59:30,6,1334000,8004000,CUS 0137,KMR 003,MP 02,ST 003,LOK 009,CI 0789,CO 0798
RES000981,16:07:04,9,651000,5859000,CUS 3026,KMR 001,MP 05,ST 004,LOK 012,CI 0999,CO 1011
RES000982,22:31:01,3,476000,1428000,CUS 3185,KMR 004,MP 02,ST 004,LOK 010,CI 0385,CO 0389
RES000983,21:52:30,9,1209000,10881000,CUS 1610,KMR 003,MP 03,ST 004,LOK 004,CI 0981,CO 0993
RES000984,01:08:53,1,499000,499000,CUS 0821,KMR 004,MP 04,ST 004,LOK 011,CI 0640,CO 0641
RES000986,17:16:32,5,639000,3195000,CUS 2407,KMR 001,MP 02,ST 003,LOK 009,CI 0231,CO 0235
RES000987,05:52:59,9,1102000,9918000,CUS 4168,KMR 003,MP 02,ST 003,LOK 014,CI 0866,CO 0877
RES000988,05:36:13,5,345000,1725000,CUS 3494,KMR 002,MP 02,ST 004,LOK 020,CI 0510,CO 0516
RES000989,23:39:35,9,468000,4212000,CUS 0008,KMR 004,MP 05,ST 003,LOK 015,CI 0801,CO 0814
RES000990,10:05:16,5,510000,2550000,CUS 0723,KMR 004,MP 05,ST 003,LOK 011,CI 0764,CO 0771
RES000991,00:27:20,6,351000,2106000,CUS 1997,KMR 002,MP 03,ST 004,LOK 020,CI 0204,CO 0210
RES000992,14:15:10,1,647000,647000,CUS 2338,KMR 001,MP 05,ST 002,LOK 015,CI 0208,CO 0209
RES000993,13:34:57,3,435000,1305000,CUS 2570,KMR 004,MP 04,ST 003,LOK 020,CI 0655,CO 0659
RES000994,19:39:32,9,1155000,10395000,CUS 1407,KMR 003,MP 02,ST 004,LOK 006,CI 0520,CO 0530
RES000995,20:09:47,1,463000,463000,CUS 0529,KMR 004,MP 06,ST 003,LOK 008,CI 0218,CO 0218
RES000996,19:02:09,4,1308000,5232000,CUS 0099,KMR 003,MP 03,ST 004,LOK 016,CI 0676,CO 0681
RES000997,03:10:31,6,1165000,6990000,CUS 0680,KMR 003,MP 02,ST 001,LOK 005,CI 0339,CO 0344
RES000998,05:00:14,4,458000,1832000,CUS 2234,KMR 004,MP 02,ST 001,LOK 020,CI 0137,CO 0141
RES000999,19:24:05,1,509000,509000,CUS 2413,KMR 004,MP 02,ST 004,LOK 020,CI 0308,CO 0307
RES001000,11:13:50,4,1302000,5208000,CUS 2485,KMR 003,MP 06,ST 004,LOK 013,CI 0334,CO 0337
RES001001,17:12:18,8,540000,4320000,CUS 2898,KMR 001,MP 05,ST 004,LOK 011,CI 0237,CO 0243
RES001002,22:34:48,9,334000,3006000,CUS 2323,KMR 002,MP 04,ST 004,LOK 002,CI 0926,CO 0937
RES001003,18:01:41,2,422000,844000,CUS 3283,KMR 004,MP 04,ST 004,LOK 010,CI 0364,CO 0365
RES001004,15:15:12,2,367000,734000,CUS 3161,KMR 002,MP 03,ST 002,LOK 010,CI 0753,CO 0757
RES001005,18:31:08,6,1129000,6774000,CUS 2310,KMR 003,MP 05,ST 004,LOK 012,CI 0801,CO 0811
RES001006,00:08:36,3,1228000,3684000,CUS 1135,KMR 003,MP 01,ST 003,LOK 013,CI 0417,CO 0422
RES001007,19:45:32,6,327000,1962000,CUS 2526,KMR 002,MP 05,ST 003,LOK 016,CI 0734,CO 0743
RES001008,14:09:36,3,374000,1122000,CUS 2161,KMR 002,MP 05,ST 001,LOK 009,CI 0530,CO 0534
RES001009,16:32:51,2,321000,642000,CUS 1221,KMR 002,MP 04,ST 002,LOK 006,CI 0239,CO 0239
RES001010,14:06:12,8,1179000,9432000,CUS 3960,KMR 003,MP 05,ST 003,LOK 015,CI 0279,CO 0285
RES001011,04:16:02,9,662000,5958000,CUS 4163,KMR 001,MP 04,ST 003,LOK 013,CI 0466,CO 0476
RES001012,17:09:37,4,1295000,5180000,CUS 3178,KMR 003,MP 05,ST 004,LOK 001,CI 0639,CO 0643
RES001013,05:44:22,3,363000,1089000,CUS 3555,KMR 002,MP 04,ST 003,LOK 016,CI 0883,CO 0887
RES001014,06:50:36,7,1112000,7784000,CUS 2713,KMR 003,MP 04,ST 004,LOK 013,CI 0810,CO 0821
RES001015,03:50:54,7,391000,2737000,CUS 1929,KMR 002,MP 03,ST 003,LOK 017,CI 0971,CO 0981
RES001016,10:51:57,1,456000,456000,CUS 0736,KMR 004,MP 03,ST 003,LOK 001,CI 0440,CO 0443
RES001017,07:05:46,8,374000,2992000,CUS 1658,KMR 002,MP 03,ST 003,LOK 011,CI 1052,CO 1063
RES001018,21:17:54,5,559000,2795000,CUS 0209,KMR 001,MP 05,ST 003,LOK 009,CI 0506,CO 0512
RES001019,03:58:03,4,614000,2456000,CUS 1756,KMR 001,MP 01,ST 003,LOK 008,CI 0364,CO 0367
RES001020,09:20:37,3,447000,1341000,CUS 3269,KMR 004,MP 02,ST 003,LOK 008,CI 0090,CO 0093
RES001021,22:25:17,2,450000,900000,CUS 3051,KMR 004,MP 02,ST 003,LOK 003,CI 0962,CO 0967
RES001022,05:41:36,1,548000,548000,CUS 1921,KMR 001,MP 04,ST 001,LOK 004,CI 0200,CO 0202
RES001023,09:51:16,1,430000,430000,CUS 1735,KMR 004,MP 05,ST 003,LOK 005,CI 0434,CO 0437
RES001024,12:17:42,6,405000,2430000,CUS 1874,KMR 004,MP 01,ST 002,LOK 016,CI 0822,CO 0832
RES001025,04:34:12,3,685000,2055000,CUS 1037,KMR 001,MP 03,ST 004,LOK 015,CI 0510,CO 0514
RES001026,14:19:19,1,508000,508000,CUS 2815,KMR 004,MP 03,ST 004,LOK 009,CI 0291,CO 0290
RES001027,11:05:07,9,681000,6129000,CUS 2603,KMR 001,MP 05,ST 004,LOK 006,CI 0209,CO 0217
RES001028,03:03:37,9,500000,4500000,CUS 3212,KMR 004,MP 01,ST 003,LOK 001,CI 0093,CO 0102
RES001029,13:11:39,7,674000,4718000,CUS 0190,KMR 001,MP 06,ST 001,LOK 019,CI 0365,CO 0371
RES003759,22:34:12,8,540000,4320000,CUS 3706,KMR 001,MP 05,ST 003,LOK 003,CI 0067,CO 0075
RES001031,04:46:28,2,430000,860000,CUS 1714,KMR 004,MP 02,ST 004,LOK 008,CI 0804,CO 0810
RES001032,08:23:45,4,1178000,4712000,CUS 2325,KMR 003,MP 06,ST 003,LOK 020,CI 0559,CO 0563
RES001033,04:55:42,4,324000,1296000,CUS 0338,KMR 002,MP 06,ST 002,LOK 019,CI 0784,CO 0791
RES001034,08:43:13,8,1160000,9280000,CUS 3237,KMR 003,MP 04,ST 003,LOK 006,CI 0563,CO 0571
RES001035,04:43:01,8,471000,3768000,CUS 3474,KMR 004,MP 01,ST 004,LOK 007,CI 0641,CO 0649
RES001036,10:06:46,1,364000,364000,CUS 4105,KMR 002,MP 01,ST 003,LOK 014,CI 0858,CO 0861
RES001037,15:53:37,2,1203000,2406000,CUS 1883,KMR 003,MP 05,ST 003,LOK 003,CI 0908,CO 0911
RES001038,06:59:46,6,1299000,7794000,CUS 3410,KMR 003,MP 02,ST 003,LOK 019,CI 0689,CO 0697
RES001039,12:58:42,5,503000,2515000,CUS 3623,KMR 004,MP 04,ST 003,LOK 013,CI 1075,CO 1082
RES001040,06:24:50,5,1233000,6165000,CUS 0390,KMR 003,MP 02,ST 004,LOK 002,CI 0331,CO 0335
RES001041,16:57:28,3,384000,1152000,CUS 0898,KMR 002,MP 01,ST 004,LOK 010,CI 0922,CO 0927
RES001042,15:46:48,6,1259000,7554000,CUS 2166,KMR 003,MP 06,ST 004,LOK 002,CI 0816,CO 0826
RES001043,03:55:11,8,409000,3272000,CUS 0520,KMR 004,MP 05,ST 004,LOK 007,CI 0081,CO 0089
RES001044,10:00:24,5,1324000,6620000,CUS 2038,KMR 003,MP 03,ST 004,LOK 020,CI 0333,CO 0337
RES001045,00:55:31,9,372000,3348000,CUS 3478,KMR 002,MP 04,ST 002,LOK 019,CI 0101,CO 0110
RES001046,01:09:46,8,483000,3864000,CUS 0651,KMR 004,MP 06,ST 003,LOK 017,CI 1076,CO 1085
RES001047,14:28:57,8,1090000,8720000,CUS 1838,KMR 003,MP 01,ST 003,LOK 009,CI 0660,CO 0669
RES001048,16:50:53,8,369000,2952000,CUS 3312,KMR 002,MP 06,ST 003,LOK 014,CI 0057,CO 0065
RES001049,11:29:32,9,498000,4482000,CUS 2691,KMR 004,MP 01,ST 003,LOK 014,CI 0504,CO 0514
RES001050,01:43:55,9,587000,5283000,CUS 0691,KMR 001,MP 05,ST 003,LOK 007,CI 0297,CO 0304
RES001051,15:09:12,6,1139000,6834000,CUS 0450,KMR 003,MP 06,ST 003,LOK 016,CI 0110,CO 0116
RES001052,12:07:20,4,335000,1340000,CUS 1954,KMR 002,MP 06,ST 003,LOK 011,CI 0891,CO 0896
RES001053,21:42:51,7,1148000,8036000,CUS 3496,KMR 003,MP 02,ST 001,LOK 017,CI 0955,CO 0965
RES001054,11:59:34,4,461000,1844000,CUS 1945,KMR 004,MP 05,ST 001,LOK 013,CI 0085,CO 0089
RES001055,16:16:02,2,1261000,2522000,CUS 0566,KMR 003,MP 06,ST 003,LOK 016,CI 0302,CO 0302
RES001056,03:20:37,9,344000,3096000,CUS 0576,KMR 002,MP 04,ST 003,LOK 018,CI 0293,CO 0300
RES001057,21:51:24,4,511000,2044000,CUS 2482,KMR 004,MP 04,ST 003,LOK 020,CI 0625,CO 0629
RES001058,00:22:25,3,590000,1770000,CUS 3803,KMR 001,MP 04,ST 003,LOK 006,CI 0912,CO 0917
RES001059,21:44:10,7,507000,3549000,CUS 2003,KMR 004,MP 03,ST 003,LOK 004,CI 0736,CO 0746
RES001060,22:13:00,7,384000,2688000,CUS 3292,KMR 002,MP 03,ST 003,LOK 015,CI 0911,CO 0920
RES001061,09:44:58,6,347000,2082000,CUS 0523,KMR 002,MP 01,ST 004,LOK 003,CI 0184,CO 0191
RES001062,22:48:34,5,1347000,6735000,CUS 2475,KMR 003,MP 03,ST 001,LOK 004,CI 1018,CO 1026
RES001063,08:05:21,9,455000,4095000,CUS 1542,KMR 004,MP 05,ST 003,LOK 020,CI 0640,CO 0649
RES001064,00:29:56,4,1256000,5024000,CUS 0949,KMR 003,MP 06,ST 003,LOK 001,CI 0126,CO 0130
RES001065,17:18:54,9,495000,4455000,CUS 2469,KMR 004,MP 06,ST 003,LOK 015,CI 0339,CO 0347
RES001066,07:28:16,6,1331000,7986000,CUS 1644,KMR 003,MP 04,ST 002,LOK 020,CI 0421,CO 0429
RES001067,12:43:50,5,578000,2890000,CUS 2779,KMR 001,MP 02,ST 004,LOK 014,CI 0374,CO 0380
RES001068,17:30:49,2,1182000,2364000,CUS 2049,KMR 003,MP 02,ST 003,LOK 015,CI 0598,CO 0600
RES001069,08:03:24,1,477000,477000,CUS 3779,KMR 004,MP 06,ST 003,LOK 006,CI 0741,CO 0745
RES001070,15:48:35,3,1318000,3954000,CUS 2426,KMR 003,MP 02,ST 004,LOK 011,CI 0300,CO 0301
RES001071,21:41:12,4,1172000,4688000,CUS 4050,KMR 003,MP 02,ST 002,LOK 012,CI 0933,CO 0940
RES001072,02:28:55,1,1348000,1348000,CUS 4126,KMR 003,MP 02,ST 003,LOK 010,CI 0164,CO 0166
RES001073,20:31:04,2,1171000,2342000,CUS 1981,KMR 003,MP 01,ST 003,LOK 009,CI 0860,CO 0864
RES001074,19:28:06,4,512000,2048000,CUS 3143,KMR 004,MP 06,ST 004,LOK 003,CI 0431,CO 0437
RES001075,12:08:34,8,1318000,10544000,CUS 0279,KMR 003,MP 05,ST 002,LOK 003,CI 0327,CO 0334
RES001076,15:51:52,9,345000,3105000,CUS 2058,KMR 002,MP 01,ST 004,LOK 017,CI 0848,CO 0859
RES001077,03:28:34,7,593000,4151000,CUS 0139,KMR 001,MP 06,ST 003,LOK 020,CI 0893,CO 0901
RES001078,02:50:23,4,662000,2648000,CUS 3311,KMR 001,MP 02,ST 003,LOK 005,CI 0337,CO 0340
RES001079,21:35:05,3,1280000,3840000,CUS 2362,KMR 003,MP 05,ST 004,LOK 001,CI 0119,CO 0122
RES001080,09:37:00,6,421000,2526000,CUS 0716,KMR 004,MP 05,ST 003,LOK 006,CI 0849,CO 0857
RES001081,00:11:19,7,1212000,8484000,CUS 1462,KMR 003,MP 02,ST 003,LOK 014,CI 0912,CO 0921
RES001082,23:29:07,9,620000,5580000,CUS 1267,KMR 001,MP 04,ST 003,LOK 011,CI 0532,CO 0542
RES001083,15:56:39,9,1345000,12105000,CUS 1452,KMR 003,MP 05,ST 003,LOK 010,CI 0290,CO 0297
RES001084,15:23:05,4,472000,1888000,CUS 2924,KMR 004,MP 05,ST 003,LOK 002,CI 0926,CO 0932
RES001085,13:54:57,2,587000,1174000,CUS 0777,KMR 001,MP 03,ST 003,LOK 014,CI 0408,CO 0412
RES001086,21:54:09,6,324000,1944000,CUS 0446,KMR 002,MP 06,ST 004,LOK 008,CI 0353,CO 0357
RES001087,01:51:19,7,360000,2520000,CUS 0139,KMR 002,MP 03,ST 004,LOK 016,CI 0193,CO 0201
RES001088,02:57:51,8,329000,2632000,CUS 3378,KMR 002,MP 04,ST 004,LOK 002,CI 0706,CO 0716
RES001089,13:38:10,4,354000,1416000,CUS 3897,KMR 002,MP 04,ST 003,LOK 009,CI 0073,CO 0077
RES001090,03:34:08,4,639000,2556000,CUS 3933,KMR 001,MP 03,ST 003,LOK 005,CI 1021,CO 1028
RES001091,21:19:46,8,331000,2648000,CUS 3252,KMR 002,MP 06,ST 004,LOK 008,CI 0832,CO 0843
RES001092,09:42:05,6,325000,1950000,CUS 1849,KMR 002,MP 01,ST 004,LOK 005,CI 1036,CO 1045
RES001093,08:55:29,5,482000,2410000,CUS 2819,KMR 004,MP 02,ST 003,LOK 010,CI 0605,CO 0610
RES001094,16:17:26,3,1287000,3861000,CUS 1427,KMR 003,MP 05,ST 004,LOK 004,CI 0200,CO 0204
RES001095,12:55:37,2,350000,700000,CUS 1960,KMR 002,MP 01,ST 004,LOK 018,CI 0330,CO 0331
RES001096,14:44:27,6,682000,4092000,CUS 2076,KMR 001,MP 06,ST 003,LOK 014,CI 0911,CO 0919
RES001097,06:48:49,7,319000,2233000,CUS 1984,KMR 002,MP 06,ST 004,LOK 001,CI 0928,CO 0938
RES001098,13:07:27,3,666000,1998000,CUS 2938,KMR 001,MP 03,ST 003,LOK 009,CI 1051,CO 1057
RES001099,13:58:54,6,333000,1998000,CUS 3067,KMR 002,MP 02,ST 003,LOK 009,CI 0387,CO 0394
RES003830,09:41:32,4,379000,1516000,CUS 3563,KMR 002,MP 06,ST 004,LOK 015,CI 0110,CO 0114
RES001101,14:05:33,9,633000,5697000,CUS 2890,KMR 001,MP 06,ST 004,LOK 004,CI 0747,CO 0758
RES001102,13:49:16,3,414000,1242000,CUS 2957,KMR 004,MP 05,ST 003,LOK 009,CI 0430,CO 0435
RES001103,18:35:39,2,1179000,2358000,CUS 3855,KMR 003,MP 05,ST 003,LOK 009,CI 0234,CO 0235
RES001104,15:00:53,4,346000,1384000,CUS 1271,KMR 002,MP 06,ST 004,LOK 012,CI 0387,CO 0392
RES001105,06:11:59,3,577000,1731000,CUS 2606,KMR 001,MP 02,ST 004,LOK 007,CI 0073,CO 0076
RES001106,16:17:06,5,507000,2535000,CUS 4154,KMR 004,MP 04,ST 002,LOK 010,CI 0451,CO 0458
RES001107,21:36:20,4,440000,1760000,CUS 2522,KMR 004,MP 04,ST 001,LOK 009,CI 0728,CO 0735
RES001108,22:46:44,7,386000,2702000,CUS 3945,KMR 002,MP 03,ST 003,LOK 007,CI 0887,CO 0895
RES001109,18:26:41,3,413000,1239000,CUS 2090,KMR 004,MP 04,ST 004,LOK 015,CI 0643,CO 0646
RES001110,21:07:56,2,400000,800000,CUS 1700,KMR 002,MP 03,ST 003,LOK 011,CI 0802,CO 0808
RES001111,19:45:53,9,607000,5463000,CUS 2696,KMR 001,MP 06,ST 003,LOK 008,CI 0642,CO 0651
RES001112,12:56:48,7,444000,3108000,CUS 2686,KMR 004,MP 02,ST 004,LOK 019,CI 0063,CO 0070
RES001113,18:46:27,3,359000,1077000,CUS 2190,KMR 002,MP 04,ST 003,LOK 005,CI 0654,CO 0658
RES001114,22:30:32,2,509000,1018000,CUS 0489,KMR 004,MP 04,ST 003,LOK 018,CI 1015,CO 1020
RES001115,22:47:30,1,409000,409000,CUS 0139,KMR 004,MP 02,ST 003,LOK 010,CI 1022,CO 1026
RES001116,13:34:49,9,594000,5346000,CUS 0854,KMR 001,MP 01,ST 001,LOK 003,CI 0936,CO 0948
RES001117,01:27:57,7,540000,3780000,CUS 0139,KMR 001,MP 01,ST 004,LOK 015,CI 0604,CO 0611
RES001118,14:39:35,4,476000,1904000,CUS 1265,KMR 004,MP 01,ST 004,LOK 002,CI 0246,CO 0248
RES001119,01:10:35,2,447000,894000,CUS 1048,KMR 004,MP 05,ST 004,LOK 014,CI 0273,CO 0273
RES001120,08:42:42,1,1117000,1117000,CUS 1996,KMR 003,MP 04,ST 004,LOK 008,CI 0044,CO 0045
RES001121,20:58:05,3,375000,1125000,CUS 1250,KMR 002,MP 05,ST 004,LOK 001,CI 0360,CO 0361
RES001122,01:38:32,1,327000,327000,CUS 0139,KMR 002,MP 06,ST 003,LOK 018,CI 0033,CO 0034
RES001123,13:59:30,7,1330000,9310000,CUS 1964,KMR 003,MP 02,ST 004,LOK 008,CI 0763,CO 0772
RES001124,18:37:29,7,395000,2765000,CUS 0139,KMR 002,MP 03,ST 003,LOK 002,CI 0911,CO 0920
RES001125,10:32:49,3,580000,1740000,CUS 0733,KMR 001,MP 05,ST 003,LOK 003,CI 0505,CO 0509
RES001126,05:55:43,7,594000,4158000,CUS 2191,KMR 001,MP 06,ST 003,LOK 007,CI 0401,CO 0409
RES001127,18:14:11,4,362000,1448000,CUS 4145,KMR 002,MP 02,ST 003,LOK 015,CI 0581,CO 0585
RES001128,17:05:34,6,482000,2892000,CUS 2944,KMR 004,MP 06,ST 004,LOK 006,CI 0744,CO 0752
RES001129,08:09:53,3,603000,1809000,CUS 2706,KMR 001,MP 03,ST 003,LOK 014,CI 0831,CO 0838
RES001130,07:38:48,8,1286000,10288000,CUS 2672,KMR 003,MP 06,ST 003,LOK 017,CI 0385,CO 0394
RES001131,06:57:48,6,423000,2538000,CUS 2520,KMR 004,MP 04,ST 004,LOK 013,CI 0251,CO 0255
RES001132,12:10:07,2,336000,672000,CUS 0312,KMR 002,MP 02,ST 001,LOK 016,CI 0312,CO 0312
RES001133,00:48:38,2,489000,978000,CUS 3289,KMR 004,MP 03,ST 004,LOK 010,CI 0027,CO 0029
RES001134,18:07:20,2,431000,862000,CUS 2809,KMR 004,MP 05,ST 002,LOK 017,CI 0133,CO 0135
RES001135,10:17:17,6,330000,1980000,CUS 3547,KMR 002,MP 05,ST 003,LOK 004,CI 0131,CO 0137
RES001136,10:33:56,6,1300000,7800000,CUS 1709,KMR 003,MP 04,ST 004,LOK 002,CI 0123,CO 0129
RES001137,16:30:58,5,504000,2520000,CUS 3354,KMR 004,MP 02,ST 003,LOK 007,CI 0909,CO 0915
RES001138,03:41:40,4,593000,2372000,CUS 3391,KMR 001,MP 02,ST 004,LOK 015,CI 0536,CO 0541
RES001139,20:14:06,2,339000,678000,CUS 2669,KMR 002,MP 06,ST 004,LOK 013,CI 0050,CO 0052
RES001140,20:01:21,2,1169000,2338000,CUS 1880,KMR 003,MP 05,ST 003,LOK 009,CI 0610,CO 0612
RES001141,13:46:01,3,368000,1104000,CUS 2984,KMR 002,MP 02,ST 003,LOK 008,CI 0785,CO 0791
RES001142,10:51:42,1,509000,509000,CUS 4060,KMR 004,MP 01,ST 003,LOK 020,CI 0260,CO 0259
RES001143,11:31:58,1,392000,392000,CUS 0139,KMR 002,MP 04,ST 004,LOK 013,CI 0104,CO 0105
RES001144,19:39:22,3,581000,1743000,CUS 3304,KMR 001,MP 01,ST 004,LOK 004,CI 0867,CO 0872
RES001145,09:42:20,3,572000,1716000,CUS 2675,KMR 001,MP 01,ST 004,LOK 018,CI 0071,CO 0074
RES001146,09:11:13,6,353000,2118000,CUS 2799,KMR 002,MP 01,ST 003,LOK 008,CI 0532,CO 0539
RES001147,13:29:29,6,1099000,6594000,CUS 3846,KMR 003,MP 04,ST 004,LOK 017,CI 0876,CO 0883
RES001148,14:28:05,6,1134000,6804000,CUS 0346,KMR 003,MP 06,ST 004,LOK 009,CI 0596,CO 0602
RES001928,11:01:23,6,605000,3630000,CUS 1678,KMR 001,MP 03,ST 004,LOK 020,CI 0246,CO 0250
RES001150,14:32:35,6,321000,1926000,CUS 3479,KMR 002,MP 05,ST 002,LOK 009,CI 0225,CO 0230
RES001151,12:35:01,3,622000,1866000,CUS 0139,KMR 001,MP 05,ST 003,LOK 005,CI 0339,CO 0341
RES001152,14:31:49,9,657000,5913000,CUS 4068,KMR 001,MP 01,ST 003,LOK 017,CI 0896,CO 0906
RES001153,15:05:53,5,619000,3095000,CUS 1165,KMR 001,MP 02,ST 004,LOK 001,CI 0913,CO 0920
RES001154,12:26:51,7,497000,3479000,CUS 4113,KMR 004,MP 06,ST 004,LOK 007,CI 0404,CO 0412
RES001155,17:33:05,5,1174000,5870000,CUS 4101,KMR 003,MP 02,ST 002,LOK 020,CI 0509,CO 0515
RES001156,01:48:33,2,606000,1212000,CUS 0139,KMR 001,MP 04,ST 003,LOK 015,CI 0516,CO 0519
RES001157,14:18:48,8,633000,5064000,CUS 1598,KMR 001,MP 02,ST 003,LOK 002,CI 0443,CO 0453
RES001158,07:18:30,2,1237000,2474000,CUS 2870,KMR 003,MP 06,ST 004,LOK 008,CI 0556,CO 0558
RES001159,08:45:45,5,629000,3145000,CUS 4136,KMR 001,MP 02,ST 001,LOK 017,CI 0901,CO 0907
RES001160,07:20:10,1,594000,594000,CUS 1132,KMR 001,MP 06,ST 004,LOK 013,CI 0463,CO 0466
RES001161,16:18:35,4,1114000,4456000,CUS 0427,KMR 003,MP 03,ST 004,LOK 009,CI 0248,CO 0250
RES001162,13:23:34,3,472000,1416000,CUS 2119,KMR 004,MP 05,ST 003,LOK 020,CI 0398,CO 0402
RES001163,15:03:28,5,450000,2250000,CUS 4089,KMR 004,MP 01,ST 003,LOK 019,CI 0635,CO 0640
RES001164,14:58:41,8,409000,3272000,CUS 3374,KMR 004,MP 05,ST 004,LOK 001,CI 0865,CO 0875
RES001165,22:37:32,3,561000,1683000,CUS 2993,KMR 001,MP 05,ST 003,LOK 018,CI 0397,CO 0401
RES001166,06:26:37,8,600000,4800000,CUS 0807,KMR 001,MP 05,ST 003,LOK 014,CI 0434,CO 0444
RES001167,11:55:10,2,334000,668000,CUS 0870,KMR 002,MP 05,ST 004,LOK 016,CI 0822,CO 0828
RES001168,17:29:35,4,1237000,4948000,CUS 1472,KMR 003,MP 04,ST 003,LOK 010,CI 0770,CO 0776
RES001169,09:36:48,4,410000,1640000,CUS 1124,KMR 004,MP 02,ST 004,LOK 004,CI 0809,CO 0817
RES001170,05:40:00,8,390000,3120000,CUS 2586,KMR 002,MP 03,ST 001,LOK 011,CI 0322,CO 0329
RES001171,14:27:32,9,372000,3348000,CUS 0139,KMR 002,MP 01,ST 003,LOK 018,CI 0240,CO 0247
RES001172,07:01:12,1,515000,515000,CUS 3516,KMR 004,MP 03,ST 004,LOK 008,CI 0879,CO 0881
RES001173,02:00:01,5,495000,2475000,CUS 1554,KMR 004,MP 03,ST 002,LOK 002,CI 0748,CO 0755
RES001174,17:15:59,4,491000,1964000,CUS 2389,KMR 004,MP 01,ST 002,LOK 004,CI 0552,CO 0556
RES001175,16:18:08,5,454000,2270000,CUS 3818,KMR 004,MP 06,ST 002,LOK 004,CI 0579,CO 0584
RES001176,22:44:07,1,548000,548000,CUS 3217,KMR 001,MP 03,ST 004,LOK 011,CI 0003,CO 0004
RES001177,01:55:04,6,316000,1896000,CUS 0305,KMR 002,MP 06,ST 003,LOK 008,CI 0199,CO 0205
RES001178,10:50:56,5,1118000,5590000,CUS 0035,KMR 003,MP 03,ST 003,LOK 006,CI 0937,CO 0945
RES001179,19:55:34,1,652000,652000,CUS 1533,KMR 001,MP 02,ST 004,LOK 001,CI 0288,CO 0287
RES001180,05:54:57,6,1322000,7932000,CUS 0139,KMR 003,MP 01,ST 004,LOK 017,CI 0833,CO 0842
RES001181,22:27:11,1,1122000,1122000,CUS 4176,KMR 003,MP 05,ST 003,LOK 015,CI 0319,CO 0319
RES001182,11:43:46,3,487000,1461000,CUS 0670,KMR 004,MP 02,ST 001,LOK 010,CI 0663,CO 0667
RES001183,02:11:36,4,414000,1656000,CUS 2199,KMR 004,MP 06,ST 003,LOK 001,CI 0891,CO 0896
RES001184,15:21:45,5,369000,1845000,CUS 1102,KMR 002,MP 05,ST 003,LOK 018,CI 0045,CO 0050
RES001185,17:08:49,2,474000,948000,CUS 2002,KMR 004,MP 04,ST 003,LOK 020,CI 0800,CO 0806
RES001186,04:42:30,3,654000,1962000,CUS 2792,KMR 001,MP 04,ST 003,LOK 015,CI 0126,CO 0129
RES001187,00:57:49,2,386000,772000,CUS 1326,KMR 002,MP 06,ST 004,LOK 019,CI 0800,CO 0806
RES001188,15:52:26,2,437000,874000,CUS 3910,KMR 004,MP 01,ST 001,LOK 009,CI 0140,CO 0142
RES001189,15:42:43,4,1196000,4784000,CUS 3303,KMR 003,MP 05,ST 004,LOK 012,CI 0198,CO 0203
RES001657,07:09:24,5,1255000,6275000,CUS 1120,KMR 003,MP 03,ST 003,LOK 002,CI 0365,CO 0369
RES001191,21:17:09,2,478000,956000,CUS 3400,KMR 004,MP 04,ST 004,LOK 012,CI 0904,CO 0907
RES001192,04:57:15,4,461000,1844000,CUS 3082,KMR 004,MP 06,ST 004,LOK 003,CI 0196,CO 0201
RES001193,23:34:39,7,1142000,7994000,CUS 2062,KMR 003,MP 01,ST 003,LOK 011,CI 0324,CO 0330
RES001194,13:08:32,9,463000,4167000,CUS 2840,KMR 004,MP 02,ST 003,LOK 001,CI 0104,CO 0113
RES001195,07:40:58,2,379000,758000,CUS 1791,KMR 002,MP 01,ST 002,LOK 001,CI 0847,CO 0851
RES001196,14:10:39,5,1301000,6505000,CUS 2604,KMR 003,MP 05,ST 002,LOK 015,CI 0308,CO 0311
RES001197,23:14:20,4,1245000,4980000,CUS 2156,KMR 003,MP 06,ST 004,LOK 001,CI 0056,CO 0060
RES001198,06:41:31,4,605000,2420000,CUS 3958,KMR 001,MP 06,ST 004,LOK 018,CI 0666,CO 0671
RES001199,14:28:29,3,344000,1032000,CUS 2442,KMR 002,MP 06,ST 004,LOK 008,CI 0411,CO 0416
RES001200,17:50:35,4,357000,1428000,CUS 0139,KMR 002,MP 03,ST 003,LOK 003,CI 0217,CO 0220
RES001201,19:28:15,8,359000,2872000,CUS 0150,KMR 002,MP 01,ST 001,LOK 006,CI 0697,CO 0707
RES001202,10:28:25,9,1181000,10629000,CUS 3286,KMR 003,MP 02,ST 004,LOK 010,CI 0830,CO 0842
RES001203,06:49:12,7,1125000,7875000,CUS 1180,KMR 003,MP 01,ST 003,LOK 010,CI 0998,CO 1008
RES001204,09:19:32,3,350000,1050000,CUS 1317,KMR 002,MP 01,ST 003,LOK 006,CI 0188,CO 0192
RES001205,04:12:40,7,380000,2660000,CUS 4130,KMR 002,MP 06,ST 003,LOK 006,CI 0992,CO 1002
RES001206,10:53:42,4,1253000,5012000,CUS 2893,KMR 003,MP 05,ST 003,LOK 009,CI 0975,CO 0982
RES001207,03:37:37,9,322000,2898000,CUS 1146,KMR 002,MP 06,ST 003,LOK 020,CI 0599,CO 0608
RES001208,03:18:43,6,583000,3498000,CUS 0431,KMR 001,MP 02,ST 003,LOK 010,CI 0529,CO 0536
RES001209,22:53:09,1,428000,428000,CUS 2562,KMR 004,MP 03,ST 004,LOK 003,CI 0922,CO 0925
RES001210,18:46:16,4,1260000,5040000,CUS 3612,KMR 003,MP 01,ST 003,LOK 015,CI 0887,CO 0892
RES001211,10:29:34,1,397000,397000,CUS 3423,KMR 002,MP 02,ST 004,LOK 019,CI 0094,CO 0095
RES001212,15:02:05,2,456000,912000,CUS 3702,KMR 004,MP 04,ST 003,LOK 002,CI 0295,CO 0295
RES001213,05:36:44,8,666000,5328000,CUS 0139,KMR 001,MP 06,ST 003,LOK 015,CI 0634,CO 0642
RES001214,10:04:24,5,559000,2795000,CUS 3838,KMR 001,MP 03,ST 001,LOK 007,CI 0059,CO 0064
RES001215,04:05:38,4,1323000,5292000,CUS 3703,KMR 003,MP 02,ST 003,LOK 012,CI 0196,CO 0201
RES001216,06:16:47,1,365000,365000,CUS 0139,KMR 002,MP 04,ST 002,LOK 020,CI 1067,CO 1070
RES001217,02:58:50,2,563000,1126000,CUS 2895,KMR 001,MP 04,ST 003,LOK 017,CI 0814,CO 0820
RES001218,08:19:22,5,561000,2805000,CUS 1561,KMR 001,MP 04,ST 004,LOK 020,CI 0880,CO 0886
RES001219,06:07:37,2,565000,1130000,CUS 3806,KMR 001,MP 02,ST 003,LOK 014,CI 0959,CO 0964
RES001220,20:45:41,5,501000,2505000,CUS 1551,KMR 004,MP 02,ST 004,LOK 016,CI 0463,CO 0469
RES001221,22:06:51,2,366000,732000,CUS 3470,KMR 002,MP 01,ST 004,LOK 015,CI 1064,CO 1068
RES001222,20:01:37,8,448000,3584000,CUS 0139,KMR 004,MP 06,ST 003,LOK 007,CI 0296,CO 0302
RES001223,20:16:40,5,443000,2215000,CUS 0758,KMR 004,MP 03,ST 003,LOK 018,CI 0787,CO 0795
RES001224,23:08:10,2,610000,1220000,CUS 3405,KMR 001,MP 01,ST 003,LOK 018,CI 0978,CO 0983
RES001225,03:07:19,4,411000,1644000,CUS 4169,KMR 004,MP 06,ST 001,LOK 018,CI 0989,CO 0996
RES001226,05:51:13,9,543000,4887000,CUS 1776,KMR 001,MP 01,ST 002,LOK 012,CI 1025,CO 1037
RES001227,21:22:05,4,401000,1604000,CUS 1150,KMR 002,MP 03,ST 002,LOK 001,CI 0732,CO 0739
RES001228,11:43:13,2,480000,960000,CUS 0225,KMR 004,MP 02,ST 004,LOK 007,CI 0702,CO 0706
RES001229,05:54:26,9,1359000,12231000,CUS 3992,KMR 003,MP 05,ST 004,LOK 020,CI 0237,CO 0244
RES001230,02:15:58,7,397000,2779000,CUS 1573,KMR 002,MP 05,ST 004,LOK 018,CI 0492,CO 0500
RES001231,22:23:38,6,420000,2520000,CUS 0095,KMR 004,MP 04,ST 004,LOK 007,CI 0030,CO 0036
RES001232,11:26:38,3,361000,1083000,CUS 2044,KMR 002,MP 03,ST 004,LOK 005,CI 0710,CO 0715
RES001233,07:31:38,5,634000,3170000,CUS 3872,KMR 001,MP 02,ST 001,LOK 010,CI 0166,CO 0172
RES001234,11:52:43,3,1152000,3456000,CUS 2947,KMR 003,MP 01,ST 004,LOK 001,CI 0124,CO 0127
RES001235,08:24:45,7,369000,2583000,CUS 3213,KMR 002,MP 01,ST 004,LOK 007,CI 0896,CO 0904
RES001236,22:19:20,8,472000,3776000,CUS 0838,KMR 004,MP 01,ST 003,LOK 015,CI 0027,CO 0035
RES001237,01:15:50,9,685000,6165000,CUS 0832,KMR 001,MP 03,ST 002,LOK 011,CI 0798,CO 0811
RES001238,08:59:04,9,370000,3330000,CUS 0139,KMR 002,MP 01,ST 004,LOK 020,CI 0250,CO 0257
RES001239,20:14:41,9,502000,4518000,CUS 0509,KMR 004,MP 03,ST 003,LOK 020,CI 0241,CO 0248
RES001240,03:08:51,5,355000,1775000,CUS 0139,KMR 002,MP 05,ST 004,LOK 020,CI 0171,CO 0178
RES001241,01:11:16,6,645000,3870000,CUS 3337,KMR 001,MP 03,ST 003,LOK 010,CI 0545,CO 0551
RES001242,18:41:30,5,322000,1610000,CUS 4077,KMR 002,MP 03,ST 003,LOK 011,CI 0038,CO 0043
RES001243,12:17:44,5,377000,1885000,CUS 2961,KMR 002,MP 04,ST 004,LOK 008,CI 0606,CO 0611
RES001244,09:56:53,4,586000,2344000,CUS 0746,KMR 001,MP 06,ST 003,LOK 012,CI 0973,CO 0980
RES001245,08:11:06,5,690000,3450000,CUS 3177,KMR 001,MP 06,ST 002,LOK 012,CI 0615,CO 0620
RES001246,10:17:31,6,1370000,8220000,CUS 0792,KMR 003,MP 04,ST 002,LOK 019,CI 0620,CO 0626
RES001247,00:38:23,3,1203000,3609000,CUS 3951,KMR 003,MP 06,ST 004,LOK 008,CI 0965,CO 0971
RES001248,07:18:44,8,1296000,10368000,CUS 1022,KMR 003,MP 06,ST 001,LOK 002,CI 0309,CO 0315
RES001249,10:19:29,1,355000,355000,CUS 0549,KMR 002,MP 06,ST 004,LOK 011,CI 0313,CO 0312
RES001250,06:06:35,5,359000,1795000,CUS 2979,KMR 002,MP 05,ST 004,LOK 020,CI 0920,CO 0927
RES001251,22:51:01,6,570000,3420000,CUS 1577,KMR 001,MP 05,ST 004,LOK 019,CI 0155,CO 0162
RES001252,22:52:59,5,683000,3415000,CUS 2535,KMR 001,MP 02,ST 001,LOK 020,CI 1017,CO 1025
RES001253,13:02:33,5,382000,1910000,CUS 3253,KMR 002,MP 01,ST 004,LOK 006,CI 1017,CO 1025
RES001254,01:03:43,5,481000,2405000,CUS 0239,KMR 004,MP 05,ST 003,LOK 008,CI 1030,CO 1038
RES001255,15:49:39,7,653000,4571000,CUS 3121,KMR 001,MP 01,ST 003,LOK 001,CI 0221,CO 0227
RES001256,18:35:55,6,635000,3810000,CUS 2950,KMR 001,MP 06,ST 004,LOK 015,CI 0259,CO 0263
RES001257,06:57:07,1,568000,568000,CUS 1408,KMR 001,MP 06,ST 004,LOK 015,CI 0126,CO 0127
RES001258,03:41:04,8,590000,4720000,CUS 1638,KMR 001,MP 06,ST 003,LOK 015,CI 0095,CO 0103
RES001259,05:12:19,6,586000,3516000,CUS 2731,KMR 001,MP 05,ST 003,LOK 009,CI 0538,CO 0544
RES001260,08:49:38,4,330000,1320000,CUS 2247,KMR 002,MP 03,ST 003,LOK 018,CI 0576,CO 0580
RES001261,20:47:59,7,1362000,9534000,CUS 3203,KMR 003,MP 06,ST 004,LOK 013,CI 0779,CO 0789
RES001262,05:02:15,3,511000,1533000,CUS 1587,KMR 004,MP 03,ST 003,LOK 002,CI 0179,CO 0183
RES001263,22:37:06,8,410000,3280000,CUS 3049,KMR 004,MP 04,ST 003,LOK 013,CI 0026,CO 0034
RES001264,20:58:16,5,398000,1990000,CUS 2741,KMR 002,MP 02,ST 003,LOK 018,CI 0329,CO 0333
RES001265,00:04:47,5,686000,3430000,CUS 1936,KMR 001,MP 03,ST 003,LOK 004,CI 0675,CO 0681
RES001266,14:41:50,4,393000,1572000,CUS 3276,KMR 002,MP 06,ST 001,LOK 011,CI 0759,CO 0765
RES001267,20:50:28,9,397000,3573000,CUS 3614,KMR 002,MP 02,ST 003,LOK 008,CI 0049,CO 0058
RES001268,01:25:14,5,674000,3370000,CUS 1524,KMR 001,MP 02,ST 004,LOK 007,CI 0673,CO 0679
RES001269,14:29:44,4,442000,1768000,CUS 1094,KMR 004,MP 06,ST 004,LOK 006,CI 0551,CO 0555
RES001270,23:22:07,5,1235000,6175000,CUS 0139,KMR 003,MP 06,ST 002,LOK 015,CI 0990,CO 0998
RES001271,22:25:53,1,677000,677000,CUS 2868,KMR 001,MP 03,ST 003,LOK 001,CI 0472,CO 0474
RES001272,09:12:26,3,588000,1764000,CUS 3663,KMR 001,MP 06,ST 004,LOK 001,CI 0336,CO 0338
RES001273,00:16:25,4,453000,1812000,CUS 0261,KMR 004,MP 05,ST 004,LOK 020,CI 0817,CO 0825
RES001274,04:34:53,2,1157000,2314000,CUS 4064,KMR 003,MP 06,ST 003,LOK 012,CI 0453,CO 0457
RES001275,07:21:15,5,406000,2030000,CUS 1065,KMR 004,MP 02,ST 003,LOK 016,CI 0490,CO 0497
RES001276,23:27:23,6,688000,4128000,CUS 2293,KMR 001,MP 06,ST 004,LOK 014,CI 0451,CO 0459
RES001277,16:11:24,6,546000,3276000,CUS 2125,KMR 001,MP 06,ST 001,LOK 010,CI 1036,CO 1045
RES001278,09:55:54,5,1133000,5665000,CUS 3095,KMR 003,MP 04,ST 004,LOK 016,CI 1049,CO 1057
RES001279,04:07:05,1,513000,513000,CUS 2814,KMR 004,MP 06,ST 003,LOK 011,CI 0716,CO 0720
RES001280,08:02:10,1,483000,483000,CUS 1912,KMR 004,MP 01,ST 004,LOK 019,CI 0839,CO 0843
RES001281,18:46:54,3,336000,1008000,CUS 2282,KMR 002,MP 06,ST 003,LOK 017,CI 0137,CO 0140
RES001282,16:21:00,9,396000,3564000,CUS 0385,KMR 002,MP 05,ST 003,LOK 004,CI 0310,CO 0317
RES001283,14:37:09,6,1114000,6684000,CUS 1083,KMR 003,MP 02,ST 004,LOK 010,CI 0802,CO 0812
RES001284,08:01:21,4,1110000,4440000,CUS 2917,KMR 003,MP 01,ST 003,LOK 006,CI 0787,CO 0794
RES001285,22:05:04,3,485000,1455000,CUS 0323,KMR 004,MP 06,ST 004,LOK 003,CI 0740,CO 0746
RES001286,10:50:32,8,325000,2600000,CUS 1574,KMR 002,MP 02,ST 004,LOK 008,CI 0837,CO 0848
RES001287,10:06:18,9,392000,3528000,CUS 4110,KMR 002,MP 04,ST 004,LOK 013,CI 0802,CO 0815
RES001288,05:43:50,7,689000,4823000,CUS 0692,KMR 001,MP 02,ST 004,LOK 008,CI 0013,CO 0019
RES001289,05:44:42,8,1185000,9480000,CUS 3009,KMR 003,MP 02,ST 003,LOK 002,CI 0659,CO 0668
RES001290,13:41:15,5,599000,2995000,CUS 1734,KMR 001,MP 03,ST 001,LOK 015,CI 0839,CO 0847
RES001291,02:49:59,5,394000,1970000,CUS 1290,KMR 002,MP 02,ST 001,LOK 009,CI 0048,CO 0053
RES001292,13:10:46,8,492000,3936000,CUS 1392,KMR 004,MP 03,ST 004,LOK 013,CI 1022,CO 1033
RES001293,20:31:56,1,395000,395000,CUS 0804,KMR 002,MP 01,ST 003,LOK 005,CI 0576,CO 0577
RES001294,00:05:10,1,619000,619000,CUS 1570,KMR 001,MP 04,ST 003,LOK 020,CI 1050,CO 1054
RES001295,14:06:40,6,1315000,7890000,CUS 2724,KMR 003,MP 02,ST 004,LOK 005,CI 0809,CO 0819
RES001296,05:59:39,9,390000,3510000,CUS 2411,KMR 002,MP 04,ST 004,LOK 019,CI 0611,CO 0620
RES001297,05:54:18,7,457000,3199000,CUS 0092,KMR 004,MP 05,ST 004,LOK 007,CI 0213,CO 0219
RES001298,21:16:32,9,408000,3672000,CUS 1079,KMR 004,MP 02,ST 003,LOK 013,CI 0979,CO 0991
RES001299,22:21:52,7,1239000,8673000,CUS 2356,KMR 003,MP 02,ST 002,LOK 004,CI 0424,CO 0433
RES001300,17:39:44,2,1199000,2398000,CUS 1004,KMR 003,MP 06,ST 004,LOK 003,CI 0191,CO 0194
RES001301,12:31:29,3,1084000,3252000,CUS 2052,KMR 003,MP 05,ST 003,LOK 014,CI 0022,CO 0025
RES001302,01:34:41,6,577000,3462000,CUS 0537,KMR 001,MP 04,ST 003,LOK 018,CI 0936,CO 0945
RES001303,16:50:50,2,1364000,2728000,CUS 0139,KMR 003,MP 06,ST 004,LOK 007,CI 0267,CO 0267
RES001304,12:53:56,5,357000,1785000,CUS 1685,KMR 002,MP 04,ST 004,LOK 007,CI 0271,CO 0274
RES001305,04:11:32,2,340000,680000,CUS 3758,KMR 002,MP 06,ST 003,LOK 019,CI 0762,CO 0766
RES001306,13:39:40,9,1157000,10413000,CUS 3453,KMR 003,MP 03,ST 004,LOK 011,CI 0936,CO 0948
RES001307,07:42:38,4,445000,1780000,CUS 3189,KMR 004,MP 05,ST 004,LOK 009,CI 0318,CO 0321
RES001308,06:10:55,2,654000,1308000,CUS 1157,KMR 001,MP 06,ST 004,LOK 010,CI 0659,CO 0662
RES001309,18:15:19,9,430000,3870000,CUS 1712,KMR 004,MP 03,ST 003,LOK 014,CI 0659,CO 0669
RES001310,04:14:36,4,683000,2732000,CUS 1029,KMR 001,MP 06,ST 003,LOK 020,CI 0304,CO 0306
RES001311,07:09:30,6,640000,3840000,CUS 2287,KMR 001,MP 04,ST 004,LOK 014,CI 0086,CO 0092
RES001312,14:45:40,5,468000,2340000,CUS 3295,KMR 004,MP 02,ST 004,LOK 004,CI 0240,CO 0243
RES001313,15:25:25,5,338000,1690000,CUS 0627,KMR 002,MP 06,ST 002,LOK 013,CI 0866,CO 0873
RES001314,17:47:06,8,1331000,10648000,CUS 3769,KMR 003,MP 06,ST 004,LOK 016,CI 0210,CO 0217
RES001315,01:28:20,4,503000,2012000,CUS 0091,KMR 004,MP 06,ST 003,LOK 001,CI 0248,CO 0250
RES001316,23:25:20,3,351000,1053000,CUS 2327,KMR 002,MP 03,ST 001,LOK 017,CI 0119,CO 0122
RES001317,12:38:23,6,671000,4026000,CUS 0791,KMR 001,MP 06,ST 002,LOK 016,CI 0956,CO 0965
RES001318,17:25:11,3,402000,1206000,CUS 0139,KMR 002,MP 04,ST 003,LOK 012,CI 1002,CO 1008
RES001319,14:39:34,6,1257000,7542000,CUS 2021,KMR 003,MP 04,ST 003,LOK 006,CI 0910,CO 0918
RES001320,20:25:43,6,507000,3042000,CUS 4023,KMR 004,MP 05,ST 004,LOK 008,CI 0547,CO 0553
RES001321,08:22:04,8,1243000,9944000,CUS 0466,KMR 003,MP 06,ST 004,LOK 010,CI 0587,CO 0595
RES001322,21:38:31,4,554000,2216000,CUS 1313,KMR 001,MP 01,ST 001,LOK 001,CI 0188,CO 0193
RES001323,19:04:53,3,483000,1449000,CUS 2555,KMR 004,MP 06,ST 004,LOK 007,CI 0654,CO 0658
RES001324,11:42:22,1,1122000,1122000,CUS 0615,KMR 003,MP 06,ST 002,LOK 002,CI 0880,CO 0882
RES001325,19:49:17,9,550000,4950000,CUS 0272,KMR 001,MP 04,ST 004,LOK 007,CI 0448,CO 0459
RES001326,10:41:23,6,561000,3366000,CUS 3772,KMR 001,MP 02,ST 004,LOK 002,CI 0461,CO 0001
RES001327,11:34:14,9,1356000,12204000,CUS 3621,KMR 003,MP 04,ST 001,LOK 006,CI 0685,CO 0696
RES001328,05:49:24,1,607000,607000,CUS 1604,KMR 001,MP 01,ST 003,LOK 003,CI 0698,CO 0701
RES001329,02:18:20,8,360000,2880000,CUS 3836,KMR 002,MP 02,ST 004,LOK 001,CI 0011,CO 0018
RES001330,13:43:21,8,440000,3520000,CUS 3798,KMR 004,MP 01,ST 003,LOK 011,CI 0351,CO 0357
RES001331,10:35:16,5,668000,3340000,CUS 1422,KMR 001,MP 02,ST 001,LOK 007,CI 0944,CO 0952
RES001332,06:20:09,5,325000,1625000,CUS 3807,KMR 002,MP 01,ST 004,LOK 007,CI 0357,CO 0360
RES001333,09:40:55,2,450000,900000,CUS 3743,KMR 004,MP 06,ST 001,LOK 004,CI 0416,CO 0420
RES001334,13:16:21,7,509000,3563000,CUS 0638,KMR 004,MP 03,ST 003,LOK 008,CI 0250,CO 0255
RES001335,06:33:54,2,384000,768000,CUS 0097,KMR 002,MP 06,ST 003,LOK 004,CI 0488,CO 0492
RES001336,01:49:07,3,514000,1542000,CUS 2017,KMR 004,MP 06,ST 003,LOK 012,CI 0604,CO 0607
RES001337,06:33:27,8,628000,5024000,CUS 0361,KMR 001,MP 06,ST 004,LOK 009,CI 0483,CO 0493
RES001338,20:20:00,6,547000,3282000,CUS 2239,KMR 001,MP 06,ST 004,LOK 019,CI 0314,CO 0318
RES001339,05:50:42,1,673000,673000,CUS 0437,KMR 001,MP 05,ST 003,LOK 013,CI 0979,CO 0983
RES001340,16:43:42,3,373000,1119000,CUS 1431,KMR 002,MP 03,ST 003,LOK 002,CI 1026,CO 1032
RES001341,10:55:38,7,437000,3059000,CUS 3432,KMR 004,MP 06,ST 004,LOK 007,CI 0992,CO 1002
RES001342,14:20:57,7,1190000,8330000,CUS 1636,KMR 003,MP 06,ST 004,LOK 002,CI 0066,CO 0073
RES001343,15:47:44,3,515000,1545000,CUS 0090,KMR 004,MP 01,ST 003,LOK 015,CI 0282,CO 0283
RES001344,10:14:46,6,551000,3306000,CUS 1078,KMR 001,MP 04,ST 002,LOK 020,CI 0757,CO 0765
RES001345,21:19:44,5,1290000,6450000,CUS 2955,KMR 003,MP 02,ST 003,LOK 003,CI 0856,CO 0863
RES001346,17:31:03,7,1127000,7889000,CUS 0771,KMR 003,MP 06,ST 003,LOK 012,CI 0031,CO 0038
RES001347,16:14:09,5,1377000,6885000,CUS 0409,KMR 003,MP 06,ST 001,LOK 003,CI 0728,CO 0736
RES001348,11:03:04,1,329000,329000,CUS 2073,KMR 002,MP 06,ST 003,LOK 020,CI 0593,CO 0594
RES001349,01:46:40,5,1307000,6535000,CUS 3126,KMR 003,MP 02,ST 004,LOK 002,CI 0331,CO 0335
RES001350,15:48:17,9,617000,5553000,CUS 4028,KMR 001,MP 05,ST 003,LOK 009,CI 0182,CO 0192
RES001351,09:26:01,4,375000,1500000,CUS 2905,KMR 002,MP 06,ST 003,LOK 016,CI 0136,CO 0140
RES001352,23:16:25,1,1107000,1107000,CUS 0215,KMR 003,MP 06,ST 003,LOK 007,CI 0501,CO 0503
RES001353,02:31:28,4,646000,2584000,CUS 4019,KMR 001,MP 05,ST 004,LOK 003,CI 0001,CO 0005
RES001354,06:41:56,3,475000,1425000,CUS 2891,KMR 004,MP 03,ST 003,LOK 016,CI 0941,CO 0947
RES001355,16:34:40,3,350000,1050000,CUS 2737,KMR 002,MP 06,ST 003,LOK 016,CI 0179,CO 0183
RES001356,20:01:52,9,430000,3870000,CUS 3054,KMR 004,MP 06,ST 004,LOK 006,CI 0348,CO 0355
RES001357,10:29:42,5,646000,3230000,CUS 3962,KMR 001,MP 06,ST 003,LOK 018,CI 0588,CO 0593
RES001358,07:11:49,6,346000,2076000,CUS 4031,KMR 002,MP 01,ST 004,LOK 016,CI 0746,CO 0754
RES001359,11:14:38,8,1092000,8736000,CUS 3720,KMR 003,MP 06,ST 003,LOK 020,CI 0531,CO 0540
RES001360,18:43:43,4,357000,1428000,CUS 2344,KMR 002,MP 04,ST 003,LOK 019,CI 0973,CO 0980
RES001361,09:15:38,6,394000,2364000,CUS 3646,KMR 002,MP 03,ST 003,LOK 015,CI 0830,CO 0840
RES001362,05:24:36,5,544000,2720000,CUS 3455,KMR 001,MP 01,ST 003,LOK 007,CI 0127,CO 0132
RES001363,00:01:38,6,492000,2952000,CUS 0376,KMR 004,MP 04,ST 004,LOK 010,CI 0081,CO 0087
RES001364,03:44:18,4,464000,1856000,CUS 3634,KMR 004,MP 06,ST 004,LOK 010,CI 0087,CO 0091
RES001365,13:56:58,6,646000,3876000,CUS 0612,KMR 001,MP 06,ST 001,LOK 018,CI 0427,CO 0435
RES001366,19:41:05,5,565000,2825000,CUS 0078,KMR 001,MP 06,ST 003,LOK 014,CI 0912,CO 0919
RES001367,22:07:47,7,654000,4578000,CUS 0058,KMR 001,MP 05,ST 003,LOK 020,CI 1042,CO 1052
RES001368,00:29:34,7,1266000,8862000,CUS 4112,KMR 003,MP 01,ST 001,LOK 001,CI 0059,CO 0066
RES001369,01:39:04,8,1236000,9888000,CUS 1487,KMR 003,MP 05,ST 003,LOK 017,CI 0910,CO 0920
RES001370,11:27:10,1,629000,629000,CUS 0163,KMR 001,MP 05,ST 003,LOK 006,CI 0371,CO 0372
RES001371,08:26:11,6,484000,2904000,CUS 1873,KMR 004,MP 03,ST 004,LOK 015,CI 1028,CO 1037
RES001372,01:39:43,3,453000,1359000,CUS 3007,KMR 004,MP 03,ST 004,LOK 001,CI 1062,CO 1067
RES001373,19:40:56,8,360000,2880000,CUS 0620,KMR 002,MP 01,ST 003,LOK 012,CI 0054,CO 0062
RES001374,06:37:36,2,1210000,2420000,CUS 3309,KMR 003,MP 03,ST 004,LOK 002,CI 0504,CO 0507
RES001375,04:16:10,1,372000,372000,CUS 3120,KMR 002,MP 02,ST 004,LOK 013,CI 0932,CO 0936
RES001376,00:19:02,4,1278000,5112000,CUS 2334,KMR 003,MP 02,ST 004,LOK 015,CI 0954,CO 0961
RES001377,16:34:59,9,322000,2898000,CUS 0422,KMR 002,MP 01,ST 003,LOK 013,CI 0645,CO 0654
RES001378,10:04:01,4,631000,2524000,CUS 2101,KMR 001,MP 01,ST 004,LOK 014,CI 0377,CO 0382
RES001379,01:17:51,8,397000,3176000,CUS 1651,KMR 002,MP 03,ST 002,LOK 012,CI 0287,CO 0293
RES001380,07:11:31,5,1182000,5910000,CUS 2563,KMR 003,MP 01,ST 003,LOK 003,CI 0457,CO 0464
RES001381,07:02:18,3,326000,978000,CUS 1043,KMR 002,MP 03,ST 004,LOK 015,CI 0298,CO 0299
RES001382,20:10:47,9,345000,3105000,CUS 0063,KMR 002,MP 01,ST 003,LOK 001,CI 0103,CO 0112
RES001383,13:01:01,4,330000,1320000,CUS 1677,KMR 002,MP 06,ST 004,LOK 003,CI 0619,CO 0623
RES001384,03:12:40,8,356000,2848000,CUS 3322,KMR 002,MP 06,ST 001,LOK 004,CI 0383,CO 0392
RES001385,07:22:52,6,1205000,7230000,CUS 0681,KMR 003,MP 01,ST 004,LOK 007,CI 0991,CO 1000
RES001386,03:44:43,7,411000,2877000,CUS 1947,KMR 004,MP 03,ST 002,LOK 003,CI 0573,CO 0580
RES001387,20:00:58,1,392000,392000,CUS 4158,KMR 002,MP 04,ST 003,LOK 002,CI 0482,CO 0485
RES001388,06:40:58,2,463000,926000,CUS 1616,KMR 004,MP 06,ST 003,LOK 014,CI 0272,CO 0272
RES001389,13:23:40,9,411000,3699000,CUS 0257,KMR 004,MP 06,ST 003,LOK 004,CI 0587,CO 0596
RES001390,08:17:11,7,454000,3178000,CUS 1889,KMR 004,MP 01,ST 004,LOK 001,CI 1056,CO 1065
RES001391,08:30:22,5,659000,3295000,CUS 2447,KMR 001,MP 01,ST 001,LOK 007,CI 0735,CO 0743
RES001392,15:07:01,5,571000,2855000,CUS 3023,KMR 001,MP 01,ST 001,LOK 014,CI 0089,CO 0094
RES001393,13:20:07,7,586000,4102000,CUS 0139,KMR 001,MP 04,ST 003,LOK 018,CI 0324,CO 0330
RES001394,00:14:43,2,619000,1238000,CUS 1054,KMR 001,MP 01,ST 004,LOK 005,CI 0586,CO 0589
RES001395,17:02:06,6,341000,2046000,CUS 2647,KMR 002,MP 05,ST 003,LOK 006,CI 0300,CO 0304
RES001396,12:26:03,8,455000,3640000,CUS 2867,KMR 004,MP 02,ST 001,LOK 014,CI 0991,CO 1002
RES001397,15:56:13,7,369000,2583000,CUS 4147,KMR 002,MP 02,ST 004,LOK 009,CI 0217,CO 0223
RES001398,08:47:57,8,415000,3320000,CUS 0819,KMR 004,MP 05,ST 003,LOK 017,CI 0304,CO 0310
RES001399,17:14:38,9,453000,4077000,CUS 0728,KMR 004,MP 05,ST 003,LOK 006,CI 0206,CO 0214
RES001400,17:36:05,2,1323000,2646000,CUS 2551,KMR 003,MP 02,ST 004,LOK 006,CI 0913,CO 0917
RES001401,05:25:05,7,319000,2233000,CUS 1851,KMR 002,MP 04,ST 003,LOK 003,CI 0555,CO 0562
RES001402,19:52:07,1,617000,617000,CUS 0139,KMR 001,MP 06,ST 004,LOK 014,CI 0965,CO 0969
RES001403,22:55:13,2,466000,932000,CUS 1030,KMR 004,MP 06,ST 004,LOK 003,CI 0567,CO 0569
RES001404,00:46:10,7,575000,4025000,CUS 1671,KMR 001,MP 05,ST 003,LOK 005,CI 0686,CO 0695
RES001405,19:42:08,1,361000,361000,CUS 1850,KMR 002,MP 02,ST 004,LOK 013,CI 0225,CO 0225
RES001406,14:33:20,2,470000,940000,CUS 3736,KMR 004,MP 05,ST 001,LOK 006,CI 0431,CO 0435
RES001407,22:18:39,1,516000,516000,CUS 0139,KMR 004,MP 04,ST 004,LOK 015,CI 0943,CO 0947
RES001408,05:49:33,2,434000,868000,CUS 3381,KMR 004,MP 06,ST 004,LOK 005,CI 0872,CO 0876
RES001409,05:43:35,9,1340000,12060000,CUS 0817,KMR 003,MP 01,ST 003,LOK 011,CI 0681,CO 0691
RES001410,17:32:08,6,502000,3012000,CUS 1453,KMR 004,MP 05,ST 004,LOK 015,CI 0273,CO 0277
RES001411,18:18:01,3,400000,1200000,CUS 4015,KMR 002,MP 04,ST 001,LOK 017,CI 0449,CO 0454
RES001412,16:12:30,1,1280000,1280000,CUS 2835,KMR 003,MP 03,ST 003,LOK 015,CI 0115,CO 0116
RES001413,19:07:02,9,316000,2844000,CUS 3606,KMR 002,MP 02,ST 003,LOK 006,CI 0054,CO 0063
RES001414,03:20:28,1,1176000,1176000,CUS 3595,KMR 003,MP 06,ST 003,LOK 009,CI 0947,CO 0951
RES001415,02:12:23,3,453000,1359000,CUS 2771,KMR 004,MP 02,ST 003,LOK 009,CI 0127,CO 0130
RES001416,08:54:42,4,348000,1392000,CUS 2843,KMR 002,MP 02,ST 001,LOK 007,CI 1030,CO 1037
RES001417,10:59:59,4,431000,1724000,CUS 1456,KMR 004,MP 01,ST 003,LOK 005,CI 0711,CO 0717
RES001418,09:25:28,5,1159000,5795000,CUS 0139,KMR 003,MP 02,ST 003,LOK 009,CI 0699,CO 0706
RES001419,15:45:29,6,338000,2028000,CUS 0294,KMR 002,MP 06,ST 004,LOK 003,CI 0008,CO 0013
RES001420,06:17:01,8,445000,3560000,CUS 0519,KMR 004,MP 03,ST 003,LOK 007,CI 0361,CO 0368
RES001422,04:22:23,2,1370000,2740000,CUS 0901,KMR 003,MP 06,ST 003,LOK 012,CI 1023,CO 1028
RES001423,19:23:52,2,598000,1196000,CUS 3145,KMR 001,MP 03,ST 004,LOK 004,CI 0504,CO 0507
RES001424,06:09:41,8,319000,2552000,CUS 1015,KMR 002,MP 05,ST 003,LOK 018,CI 0878,CO 0887
RES001425,09:35:26,7,507000,3549000,CUS 2848,KMR 004,MP 04,ST 004,LOK 012,CI 0224,CO 0230
RES001426,02:14:37,4,667000,2668000,CUS 0972,KMR 001,MP 03,ST 004,LOK 019,CI 0332,CO 0335
RES001427,19:33:07,1,1165000,1165000,CUS 1374,KMR 003,MP 03,ST 003,LOK 002,CI 0173,CO 0176
RES001428,11:19:50,9,427000,3843000,CUS 1899,KMR 004,MP 02,ST 003,LOK 002,CI 0758,CO 0769
RES001429,08:50:56,3,584000,1752000,CUS 3531,KMR 001,MP 04,ST 004,LOK 011,CI 1063,CO 1068
RES001430,03:28:39,2,1216000,2432000,CUS 1652,KMR 003,MP 02,ST 004,LOK 002,CI 0763,CO 0767
RES001431,07:26:02,2,630000,1260000,CUS 2111,KMR 001,MP 03,ST 001,LOK 008,CI 0021,CO 0022
RES001432,12:12:00,1,501000,501000,CUS 3629,KMR 004,MP 04,ST 003,LOK 011,CI 0964,CO 0968
RES001433,16:09:30,7,417000,2919000,CUS 0762,KMR 004,MP 05,ST 004,LOK 017,CI 0424,CO 0433
RES001434,21:33:25,4,464000,1856000,CUS 0435,KMR 004,MP 02,ST 003,LOK 018,CI 1017,CO 1024
RES001435,09:40:45,8,656000,5248000,CUS 3892,KMR 001,MP 03,ST 001,LOK 011,CI 0141,CO 0149
RES001436,12:23:37,6,438000,2628000,CUS 1209,KMR 004,MP 06,ST 002,LOK 011,CI 0583,CO 0589
RES001437,16:40:55,9,368000,3312000,CUS 1264,KMR 002,MP 06,ST 001,LOK 020,CI 0634,CO 0643
RES001438,06:02:51,2,1136000,2272000,CUS 1002,KMR 003,MP 06,ST 003,LOK 014,CI 0807,CO 0813
RES001439,10:10:25,6,510000,3060000,CUS 0154,KMR 004,MP 04,ST 003,LOK 012,CI 0486,CO 0494
RES001440,18:11:43,8,470000,3760000,CUS 3148,KMR 004,MP 03,ST 003,LOK 005,CI 0034,CO 0042
RES001441,02:33:41,1,1088000,1088000,CUS 1522,KMR 003,MP 03,ST 001,LOK 006,CI 0366,CO 0366
RES001442,07:51:53,2,549000,1098000,CUS 3512,KMR 001,MP 06,ST 002,LOK 018,CI 0073,CO 0075
RES001443,05:25:12,1,498000,498000,CUS 0799,KMR 004,MP 02,ST 004,LOK 006,CI 0292,CO 0291
RES001444,23:26:53,8,588000,4704000,CUS 1819,KMR 001,MP 05,ST 003,LOK 008,CI 0410,CO 0420
RES001445,22:27:33,5,1134000,5670000,CUS 0106,KMR 003,MP 06,ST 003,LOK 010,CI 0751,CO 0758
RES001446,21:06:55,9,485000,4365000,CUS 2646,KMR 004,MP 04,ST 004,LOK 007,CI 0753,CO 0764
RES001447,15:54:20,1,1284000,1284000,CUS 0134,KMR 003,MP 04,ST 003,LOK 014,CI 0683,CO 0686
RES001448,18:54:48,6,635000,3810000,CUS 2450,KMR 001,MP 05,ST 003,LOK 003,CI 0643,CO 0649
RES001449,05:17:28,2,1346000,2692000,CUS 0616,KMR 003,MP 05,ST 004,LOK 004,CI 0721,CO 0726
RES001450,01:39:14,2,609000,1218000,CUS 3384,KMR 001,MP 01,ST 003,LOK 002,CI 0637,CO 0639
RES001451,17:49:37,1,343000,343000,CUS 1609,KMR 002,MP 05,ST 002,LOK 015,CI 0012,CO 0012
RES001452,18:12:20,1,387000,387000,CUS 2593,KMR 002,MP 03,ST 003,LOK 008,CI 0916,CO 0919
RES001453,01:40:01,7,336000,2352000,CUS 3005,KMR 002,MP 06,ST 004,LOK 008,CI 0493,CO 0501
RES001454,17:22:44,5,370000,1850000,CUS 0846,KMR 002,MP 06,ST 004,LOK 017,CI 0661,CO 0667
RES001455,11:54:01,2,601000,1202000,CUS 1642,KMR 001,MP 06,ST 002,LOK 017,CI 0785,CO 0790
RES001456,16:51:38,6,459000,2754000,CUS 0892,KMR 004,MP 02,ST 004,LOK 014,CI 0276,CO 0280
RES001457,23:12:55,7,501000,3507000,CUS 1593,KMR 004,MP 04,ST 002,LOK 010,CI 0007,CO 0013
RES001458,18:01:39,5,636000,3180000,CUS 1550,KMR 001,MP 05,ST 002,LOK 008,CI 0121,CO 0126
RES001459,05:29:26,4,1127000,4508000,CUS 0720,KMR 003,MP 03,ST 002,LOK 015,CI 0140,CO 0144
RES001460,07:26:25,3,491000,1473000,CUS 3397,KMR 004,MP 06,ST 004,LOK 020,CI 0793,CO 0799
RES001461,12:26:14,2,351000,702000,CUS 0009,KMR 002,MP 06,ST 003,LOK 012,CI 0737,CO 0742
RES001462,15:59:36,6,1137000,6822000,CUS 0928,KMR 003,MP 05,ST 001,LOK 011,CI 0584,CO 0590
RES002712,17:16:35,3,641000,1923000,CUS 2901,KMR 001,MP 05,ST 004,LOK 019,CI 0571,CO 0574
RES001464,14:54:33,7,354000,2478000,CUS 0277,KMR 002,MP 01,ST 004,LOK 004,CI 0150,CO 0157
RES001465,11:07:56,4,1327000,5308000,CUS 2547,KMR 003,MP 06,ST 004,LOK 018,CI 0488,CO 0494
RES001466,18:16:59,8,1250000,10000000,CUS 1063,KMR 003,MP 04,ST 003,LOK 014,CI 0753,CO 0763
RES001467,20:39:21,1,1214000,1214000,CUS 0503,KMR 003,MP 04,ST 004,LOK 008,CI 0558,CO 0559
RES001468,21:06:11,9,1309000,11781000,CUS 3956,KMR 003,MP 04,ST 003,LOK 020,CI 0735,CO 0747
RES001469,22:49:29,6,1213000,7278000,CUS 0486,KMR 003,MP 02,ST 001,LOK 020,CI 0720,CO 0729
RES001470,03:12:37,1,361000,361000,CUS 1800,KMR 002,MP 06,ST 004,LOK 001,CI 0197,CO 0199
RES001471,22:32:09,8,324000,2592000,CUS 2865,KMR 002,MP 06,ST 004,LOK 003,CI 0636,CO 0644
RES001472,22:27:28,3,591000,1773000,CUS 2269,KMR 001,MP 01,ST 004,LOK 011,CI 1023,CO 1029
RES001473,00:18:41,8,646000,5168000,CUS 2275,KMR 001,MP 06,ST 002,LOK 008,CI 0374,CO 0383
RES001474,05:00:26,8,480000,3840000,CUS 0827,KMR 004,MP 05,ST 003,LOK 008,CI 0857,CO 0867
RES001475,17:57:47,5,387000,1935000,CUS 2728,KMR 002,MP 06,ST 003,LOK 013,CI 0384,CO 0390
RES001476,10:55:29,7,619000,4333000,CUS 0458,KMR 001,MP 06,ST 001,LOK 010,CI 0568,CO 0575
RES001477,03:28:33,2,1164000,2328000,CUS 2756,KMR 003,MP 02,ST 004,LOK 010,CI 0762,CO 0766
RES001478,06:40:03,9,365000,3285000,CUS 3671,KMR 002,MP 02,ST 003,LOK 009,CI 0021,CO 0029
RES003497,14:52:53,9,453000,4077000,CUS 0139,KMR 004,MP 02,ST 004,LOK 009,CI 0839,CO 0850
RES001480,02:32:17,5,514000,2570000,CUS 0508,KMR 004,MP 06,ST 004,LOK 004,CI 0251,CO 0254
RES001481,01:03:20,3,669000,2007000,CUS 3552,KMR 001,MP 06,ST 001,LOK 003,CI 0384,CO 0388
RES001482,22:53:05,3,366000,1098000,CUS 2449,KMR 002,MP 01,ST 004,LOK 011,CI 0621,CO 0624
RES001483,19:30:53,2,672000,1344000,CUS 2759,KMR 001,MP 05,ST 004,LOK 002,CI 0163,CO 0166
RES001484,10:42:04,7,1147000,8029000,CUS 1202,KMR 003,MP 01,ST 003,LOK 011,CI 0749,CO 0758
RES001485,09:31:01,3,351000,1053000,CUS 3151,KMR 002,MP 05,ST 004,LOK 016,CI 0305,CO 0306
RES001486,03:08:16,3,425000,1275000,CUS 3288,KMR 004,MP 02,ST 003,LOK 010,CI 0768,CO 0773
RES001487,12:00:16,4,562000,2248000,CUS 0855,KMR 001,MP 04,ST 004,LOK 011,CI 0665,CO 0670
RES001488,23:52:57,9,336000,3024000,CUS 2419,KMR 002,MP 05,ST 004,LOK 012,CI 0686,CO 0697
RES001489,22:38:58,1,461000,461000,CUS 0530,KMR 004,MP 05,ST 003,LOK 016,CI 0166,CO 0168
RES001490,15:18:33,6,485000,2910000,CUS 0235,KMR 004,MP 01,ST 004,LOK 019,CI 0959,CO 0968
RES001491,17:21:04,1,365000,365000,CUS 3896,KMR 002,MP 02,ST 003,LOK 015,CI 0979,CO 0983
RES001492,21:28:06,5,1205000,6025000,CUS 2030,KMR 003,MP 01,ST 003,LOK 013,CI 0236,CO 0239
RES001493,08:17:33,3,1291000,3873000,CUS 2200,KMR 003,MP 04,ST 003,LOK 007,CI 0964,CO 0970
RES001495,13:22:50,7,387000,2709000,CUS 1957,KMR 002,MP 03,ST 002,LOK 016,CI 0359,CO 0364
RES001496,07:38:08,2,333000,666000,CUS 3184,KMR 002,MP 03,ST 004,LOK 015,CI 1033,CO 1038
RES001497,15:57:33,2,1171000,2342000,CUS 0784,KMR 003,MP 03,ST 003,LOK 017,CI 0783,CO 0788
RES001498,21:01:12,4,317000,1268000,CUS 0484,KMR 002,MP 04,ST 003,LOK 016,CI 1072,CO 1078
RES001499,10:56:55,2,583000,1166000,CUS 2866,KMR 001,MP 06,ST 002,LOK 014,CI 0507,CO 0510
RES001500,01:31:57,2,1255000,2510000,CUS 2616,KMR 003,MP 02,ST 001,LOK 006,CI 0441,CO 0445
RES001501,20:01:55,5,503000,2515000,CUS 3441,KMR 004,MP 01,ST 004,LOK 016,CI 0475,CO 0482
RES001502,05:23:34,1,338000,338000,CUS 0130,KMR 002,MP 05,ST 003,LOK 014,CI 0855,CO 0858
RES001503,00:06:10,6,369000,2214000,CUS 2036,KMR 002,MP 06,ST 003,LOK 007,CI 0571,CO 0577
RES001504,07:29:36,1,1224000,1224000,CUS 3168,KMR 003,MP 06,ST 004,LOK 003,CI 0470,CO 0472
RES001505,08:21:12,9,446000,4014000,CUS 1219,KMR 004,MP 01,ST 004,LOK 001,CI 0115,CO 0124
RES001506,14:13:06,9,486000,4374000,CUS 0997,KMR 004,MP 04,ST 003,LOK 008,CI 0921,CO 0932
RES001507,14:11:28,4,490000,1960000,CUS 2908,KMR 004,MP 03,ST 003,LOK 004,CI 0927,CO 0933
RES001508,21:12:40,1,318000,318000,CUS 0374,KMR 002,MP 03,ST 004,LOK 019,CI 0881,CO 0883
RES001509,05:18:01,2,326000,652000,CUS 3347,KMR 002,MP 01,ST 003,LOK 017,CI 0084,CO 0086
RES001510,03:09:29,5,439000,2195000,CUS 1418,KMR 004,MP 06,ST 004,LOK 011,CI 0913,CO 0920
RES001511,23:27:27,4,500000,2000000,CUS 3505,KMR 004,MP 01,ST 003,LOK 012,CI 0037,CO 0041
RES001512,07:51:57,6,628000,3768000,CUS 2479,KMR 001,MP 06,ST 002,LOK 017,CI 0719,CO 0728
RES001513,04:35:31,3,433000,1299000,CUS 3018,KMR 004,MP 01,ST 003,LOK 008,CI 0541,CO 0544
RES001514,18:26:11,1,1083000,1083000,CUS 3220,KMR 003,MP 04,ST 003,LOK 008,CI 0577,CO 0578
RES001515,17:11:12,4,474000,1896000,CUS 3722,KMR 004,MP 06,ST 004,LOK 019,CI 0116,CO 0120
RES001516,03:46:00,5,379000,1895000,CUS 3278,KMR 002,MP 05,ST 003,LOK 020,CI 0190,CO 0196
RES001517,22:59:51,5,631000,3155000,CUS 0052,KMR 001,MP 05,ST 001,LOK 005,CI 0607,CO 0612
RES001518,16:59:31,5,589000,2945000,CUS 0915,KMR 001,MP 06,ST 003,LOK 013,CI 0910,CO 0917
RES001519,10:15:01,1,363000,363000,CUS 2855,KMR 002,MP 06,ST 004,LOK 008,CI 0350,CO 0350
RES001520,18:37:42,2,339000,678000,CUS 2024,KMR 002,MP 05,ST 002,LOK 007,CI 0762,CO 0766
RES001521,06:34:14,3,1090000,3270000,CUS 0902,KMR 003,MP 03,ST 004,LOK 004,CI 0652,CO 0656
RES001522,05:08:45,2,446000,892000,CUS 2079,KMR 004,MP 06,ST 004,LOK 013,CI 0461,CO 0465
RES001523,13:50:57,7,659000,4613000,CUS 3000,KMR 001,MP 04,ST 003,LOK 007,CI 0115,CO 0122
RES001524,21:25:37,4,376000,1504000,CUS 0526,KMR 002,MP 03,ST 001,LOK 010,CI 0734,CO 0741
RES001525,17:50:33,1,1144000,1144000,CUS 1802,KMR 003,MP 06,ST 003,LOK 005,CI 0654,CO 0656
RES001526,14:24:41,8,562000,4496000,CUS 3467,KMR 001,MP 02,ST 003,LOK 007,CI 0401,CO 0410
RES001527,21:37:15,3,673000,2019000,CUS 0139,KMR 001,MP 06,ST 003,LOK 014,CI 0396,CO 0400
RES001528,08:45:53,3,631000,1893000,CUS 3850,KMR 001,MP 04,ST 003,LOK 017,CI 0295,CO 0296
RES001529,07:49:04,1,1266000,1266000,CUS 0139,KMR 003,MP 03,ST 003,LOK 014,CI 0599,CO 0600
RES001530,21:47:26,6,602000,3612000,CUS 2723,KMR 001,MP 06,ST 004,LOK 005,CI 0489,CO 0497
RES001531,21:41:57,8,379000,3032000,CUS 0317,KMR 002,MP 05,ST 003,LOK 015,CI 0987,CO 0998
RES001532,19:38:50,1,581000,581000,CUS 0131,KMR 001,MP 01,ST 004,LOK 008,CI 0812,CO 0817
RES001533,02:01:01,5,1270000,6350000,CUS 2444,KMR 003,MP 05,ST 004,LOK 019,CI 0429,CO 0436
RES001534,11:50:04,5,381000,1905000,CUS 1590,KMR 002,MP 04,ST 002,LOK 019,CI 0048,CO 0053
RES001535,03:36:20,3,650000,1950000,CUS 0407,KMR 001,MP 06,ST 003,LOK 019,CI 0217,CO 0219
RES001536,18:32:26,4,434000,1736000,CUS 2081,KMR 004,MP 01,ST 004,LOK 011,CI 0178,CO 0183
RES001537,22:35:32,9,566000,5094000,CUS 0144,KMR 001,MP 04,ST 003,LOK 018,CI 0222,CO 0230
RES001538,16:25:03,4,323000,1292000,CUS 1547,KMR 002,MP 03,ST 001,LOK 011,CI 0398,CO 0403
RES001539,01:37:49,3,1250000,3750000,CUS 0673,KMR 003,MP 02,ST 004,LOK 011,CI 0957,CO 0963
RES001540,07:14:13,5,609000,3045000,CUS 0725,KMR 001,MP 06,ST 002,LOK 008,CI 0555,CO 0560
RES001541,08:15:27,1,1201000,1201000,CUS 3037,KMR 003,MP 04,ST 004,LOK 016,CI 0674,CO 0676
RES001542,15:28:04,4,665000,2660000,CUS 3506,KMR 001,MP 01,ST 004,LOK 002,CI 0602,CO 0606
RES001543,22:18:33,7,580000,4060000,CUS 2361,KMR 001,MP 03,ST 004,LOK 003,CI 0441,CO 0450
RES002075,05:42:46,2,495000,990000,CUS 0372,KMR 004,MP 03,ST 004,LOK 006,CI 0970,CO 0976
RES001545,20:03:01,9,341000,3069000,CUS 1597,KMR 002,MP 06,ST 004,LOK 008,CI 0652,CO 0662
RES001546,00:17:54,1,455000,455000,CUS 1319,KMR 004,MP 01,ST 004,LOK 006,CI 0734,CO 0738
RES001547,22:56:44,7,550000,3850000,CUS 0516,KMR 001,MP 05,ST 003,LOK 011,CI 0549,CO 0556
RES001548,00:47:12,4,1338000,5352000,CUS 1380,KMR 003,MP 02,ST 004,LOK 012,CI 0223,CO 0226
RES001549,04:43:18,3,1160000,3480000,CUS 1569,KMR 003,MP 05,ST 003,LOK 002,CI 1002,CO 1008
RES001550,01:50:38,4,686000,2744000,CUS 1627,KMR 001,MP 03,ST 004,LOK 013,CI 0316,CO 0319
RES001551,06:30:45,2,485000,970000,CUS 4175,KMR 004,MP 03,ST 003,LOK 017,CI 0609,CO 0611
RES001552,15:13:48,2,1284000,2568000,CUS 3160,KMR 003,MP 02,ST 004,LOK 020,CI 0982,CO 0987
RES001553,15:21:50,9,457000,4113000,CUS 2476,KMR 004,MP 03,ST 004,LOK 019,CI 1037,CO 1049
RES001554,06:02:11,5,1120000,5600000,CUS 2418,KMR 003,MP 03,ST 002,LOK 007,CI 0323,CO 0327
RES001555,04:29:27,8,345000,2760000,CUS 0888,KMR 002,MP 06,ST 004,LOK 007,CI 0362,CO 0369
RES001556,03:18:10,4,632000,2528000,CUS 1856,KMR 001,MP 03,ST 004,LOK 012,CI 0543,CO 0547
RES001557,14:36:42,5,378000,1890000,CUS 3657,KMR 002,MP 05,ST 003,LOK 004,CI 0050,CO 0055
RES001558,03:06:37,9,447000,4023000,CUS 0751,KMR 004,MP 02,ST 003,LOK 020,CI 0590,CO 0599
RES001559,07:07:34,6,424000,2544000,CUS 2904,KMR 004,MP 02,ST 003,LOK 001,CI 0599,CO 0605
RES001560,03:34:11,3,567000,1701000,CUS 1144,KMR 001,MP 04,ST 004,LOK 020,CI 0106,CO 0109
RES001561,00:51:48,9,447000,4023000,CUS 2322,KMR 004,MP 03,ST 004,LOK 020,CI 0448,CO 0459
RES001562,10:24:10,1,559000,559000,CUS 1796,KMR 001,MP 06,ST 004,LOK 013,CI 0315,CO 0315
RES001563,09:27:50,6,491000,2946000,CUS 0940,KMR 004,MP 06,ST 004,LOK 016,CI 0209,CO 0214
RES001564,09:28:03,1,433000,433000,CUS 3948,KMR 004,MP 05,ST 004,LOK 003,CI 0761,CO 0764
RES001565,06:55:46,3,412000,1236000,CUS 2324,KMR 004,MP 04,ST 004,LOK 008,CI 0842,CO 0848
RES001566,22:47:37,5,685000,3425000,CUS 1783,KMR 001,MP 04,ST 003,LOK 005,CI 0790,CO 0798
RES001567,16:48:28,4,473000,1892000,CUS 4122,KMR 004,MP 04,ST 002,LOK 017,CI 0945,CO 0952
RES001568,09:19:38,3,1309000,3927000,CUS 2467,KMR 003,MP 01,ST 002,LOK 020,CI 0865,CO 0870
RES001569,00:44:47,4,408000,1632000,CUS 2948,KMR 004,MP 01,ST 003,LOK 013,CI 0533,CO 0538
RES001570,09:59:28,7,1190000,8330000,CUS 2206,KMR 003,MP 05,ST 004,LOK 012,CI 0835,CO 0845
RES001571,02:34:16,5,1326000,6630000,CUS 4134,KMR 003,MP 05,ST 003,LOK 005,CI 0635,CO 0640
RES001572,19:11:25,4,577000,2308000,CUS 0349,KMR 001,MP 05,ST 003,LOK 018,CI 0181,CO 0186
RES001573,05:31:41,4,495000,1980000,CUS 1517,KMR 004,MP 04,ST 003,LOK 012,CI 0715,CO 0722
RES001574,14:23:12,3,1231000,3693000,CUS 0339,KMR 003,MP 03,ST 001,LOK 005,CI 0307,CO 0308
RES001575,06:22:33,7,1248000,8736000,CUS 1572,KMR 003,MP 05,ST 003,LOK 004,CI 0377,CO 0385
RES001576,15:10:11,2,582000,1164000,CUS 0024,KMR 001,MP 06,ST 003,LOK 019,CI 0552,CO 0554
RES001577,21:46:59,4,386000,1544000,CUS 0430,KMR 002,MP 06,ST 004,LOK 011,CI 0764,CO 0770
RES001578,23:53:30,4,549000,2196000,CUS 3465,KMR 001,MP 06,ST 001,LOK 011,CI 0362,CO 0365
RES001579,23:38:28,6,347000,2082000,CUS 3777,KMR 002,MP 04,ST 003,LOK 012,CI 0692,CO 0700
RES001580,12:59:13,1,358000,358000,CUS 0348,KMR 002,MP 02,ST 004,LOK 012,CI 0534,CO 0536
RES001581,04:05:30,5,367000,1835000,CUS 3862,KMR 002,MP 06,ST 003,LOK 015,CI 0574,CO 0579
RES001582,23:25:20,1,502000,502000,CUS 4076,KMR 004,MP 05,ST 003,LOK 019,CI 0302,CO 0301
RES001583,15:05:27,6,1115000,6690000,CUS 1568,KMR 003,MP 06,ST 004,LOK 015,CI 0402,CO 0409
RES001584,13:02:54,6,1140000,6840000,CUS 2016,KMR 003,MP 06,ST 003,LOK 010,CI 1058,CO 1066
RES001585,20:53:03,3,1238000,3714000,CUS 0485,KMR 003,MP 01,ST 004,LOK 001,CI 0108,CO 0111
RES001586,00:35:38,3,423000,1269000,CUS 2096,KMR 004,MP 04,ST 004,LOK 005,CI 0008,CO 0010
RES001587,10:31:57,6,318000,1908000,CUS 1932,KMR 002,MP 06,ST 003,LOK 017,CI 0015,CO 0020
RES001588,02:00:52,7,677000,4739000,CUS 0815,KMR 001,MP 06,ST 004,LOK 014,CI 0287,CO 0292
RES001589,07:44:01,4,643000,2572000,CUS 3844,KMR 001,MP 02,ST 004,LOK 001,CI 0371,CO 0375
RES001590,08:34:14,1,379000,379000,CUS 4018,KMR 002,MP 03,ST 003,LOK 013,CI 0218,CO 0218
RES001591,12:07:56,8,422000,3376000,CUS 0406,KMR 004,MP 05,ST 003,LOK 013,CI 0412,CO 0422
RES001593,06:10:50,3,610000,1830000,CUS 3848,KMR 001,MP 04,ST 004,LOK 016,CI 0347,CO 0349
RES001595,16:39:11,1,431000,431000,CUS 0139,KMR 004,MP 03,ST 004,LOK 004,CI 0323,CO 0323
RES001596,16:56:25,6,402000,2412000,CUS 0644,KMR 002,MP 06,ST 002,LOK 003,CI 0926,CO 0934
RES001597,18:11:30,2,687000,1374000,CUS 2798,KMR 001,MP 01,ST 004,LOK 004,CI 0996,CO 1001
RES001598,06:26:17,8,1305000,10440000,CUS 0626,KMR 003,MP 04,ST 004,LOK 011,CI 0195,CO 0204
RES001599,13:53:54,1,576000,576000,CUS 0102,KMR 001,MP 02,ST 002,LOK 010,CI 0443,CO 0446
RES001600,15:23:11,6,1218000,7308000,CUS 1183,KMR 003,MP 05,ST 003,LOK 017,CI 0081,CO 0087
RES001601,17:42:31,5,453000,2265000,CUS 3973,KMR 004,MP 05,ST 003,LOK 017,CI 0861,CO 0868
RES001602,22:06:33,3,422000,1266000,CUS 3008,KMR 004,MP 02,ST 003,LOK 015,CI 0161,CO 0165
RES001603,10:48:00,6,363000,2178000,CUS 4005,KMR 002,MP 06,ST 004,LOK 006,CI 0515,CO 0522
RES001604,15:36:58,6,1193000,7158000,CUS 2989,KMR 003,MP 06,ST 004,LOK 012,CI 1058,CO 1066
RES001605,02:16:53,6,1294000,7764000,CUS 3083,KMR 003,MP 03,ST 004,LOK 002,CI 0348,CO 0353
RES001606,15:36:51,5,1158000,5790000,CUS 0139,KMR 003,MP 04,ST 003,LOK 009,CI 0846,CO 0853
RES001607,12:37:41,2,487000,974000,CUS 0302,KMR 004,MP 06,ST 004,LOK 017,CI 0550,CO 0552
RES001608,13:26:20,2,656000,1312000,CUS 0310,KMR 001,MP 06,ST 004,LOK 013,CI 0380,CO 0383
RES001609,16:45:29,1,397000,397000,CUS 2968,KMR 002,MP 02,ST 004,LOK 019,CI 0725,CO 0729
RES001610,18:36:07,8,629000,5032000,CUS 0139,KMR 001,MP 05,ST 001,LOK 005,CI 0422,CO 0432
RES001611,12:03:49,1,1165000,1165000,CUS 1363,KMR 003,MP 06,ST 003,LOK 016,CI 0750,CO 0753
RES001612,00:49:48,4,1141000,4564000,CUS 3622,KMR 003,MP 05,ST 004,LOK 009,CI 0223,CO 0226
RES001613,02:22:22,6,325000,1950000,CUS 3495,KMR 002,MP 05,ST 004,LOK 015,CI 0007,CO 0012
RES001614,18:22:13,8,610000,4880000,CUS 3147,KMR 001,MP 03,ST 004,LOK 002,CI 0729,CO 0740
RES001615,12:50:45,9,650000,5850000,CUS 0429,KMR 001,MP 03,ST 004,LOK 019,CI 1072,CO 1083
RES001616,10:39:38,8,1291000,10328000,CUS 0918,KMR 003,MP 02,ST 004,LOK 001,CI 0593,CO 0601
RES001617,14:44:19,7,1373000,9611000,CUS 2567,KMR 003,MP 05,ST 004,LOK 008,CI 0468,CO 0476
RES001618,12:40:24,7,378000,2646000,CUS 3242,KMR 002,MP 04,ST 001,LOK 010,CI 0734,CO 0744
RES001619,18:31:17,3,407000,1221000,CUS 0354,KMR 004,MP 03,ST 003,LOK 020,CI 1031,CO 1037
RES001620,16:52:06,9,688000,6192000,CUS 0270,KMR 001,MP 03,ST 003,LOK 005,CI 0617,CO 0626
RES001621,12:45:00,9,1363000,12267000,CUS 2783,KMR 003,MP 01,ST 003,LOK 013,CI 0617,CO 0626
RES001622,18:30:19,3,464000,1392000,CUS 1916,KMR 004,MP 06,ST 002,LOK 008,CI 1009,CO 1015
RES001623,05:52:18,2,498000,996000,CUS 2379,KMR 004,MP 01,ST 003,LOK 018,CI 0953,CO 0958
RES001624,07:14:28,8,1376000,11008000,CUS 1875,KMR 003,MP 03,ST 001,LOK 020,CI 0436,CO 0446
RES001625,10:02:22,3,620000,1860000,CUS 2556,KMR 001,MP 03,ST 004,LOK 004,CI 0115,CO 0118
RES001626,10:16:13,6,370000,2220000,CUS 2954,KMR 002,MP 03,ST 004,LOK 020,CI 0580,CO 0586
RES001627,15:38:18,1,510000,510000,CUS 1162,KMR 004,MP 03,ST 002,LOK 009,CI 0966,CO 0970
RES001628,01:40:31,8,513000,4104000,CUS 0980,KMR 004,MP 04,ST 003,LOK 008,CI 0164,CO 0173
RES001629,09:16:54,2,448000,896000,CUS 2641,KMR 004,MP 01,ST 003,LOK 004,CI 0767,CO 0771
RES001630,01:34:21,5,1313000,6565000,CUS 3238,KMR 003,MP 01,ST 004,LOK 001,CI 0940,CO 0948
RES001631,23:58:10,9,1099000,9891000,CUS 3687,KMR 003,MP 05,ST 003,LOK 005,CI 1055,CO 1066
RES001632,21:49:45,6,503000,3018000,CUS 2183,KMR 004,MP 06,ST 004,LOK 015,CI 0981,CO 0990
RES001633,23:13:42,8,412000,3296000,CUS 1911,KMR 004,MP 06,ST 003,LOK 018,CI 0183,CO 0192
RES001634,12:38:06,1,649000,649000,CUS 1706,KMR 001,MP 01,ST 003,LOK 019,CI 0352,CO 0352
RES001635,14:04:48,6,1141000,6846000,CUS 1876,KMR 003,MP 04,ST 004,LOK 007,CI 0046,CO 0052
RES001636,17:27:33,2,473000,946000,CUS 2250,KMR 004,MP 06,ST 003,LOK 015,CI 0720,CO 0725
RES002066,10:02:56,8,566000,4528000,CUS 0914,KMR 001,MP 05,ST 003,LOK 009,CI 0483,CO 0493
RES001638,06:34:41,1,374000,374000,CUS 3323,KMR 002,MP 01,ST 004,LOK 003,CI 0888,CO 0890
RES001640,02:10:47,7,1111000,7777000,CUS 0387,KMR 003,MP 02,ST 004,LOK 004,CI 0587,CO 0594
RES001641,18:21:06,4,421000,1684000,CUS 3990,KMR 004,MP 04,ST 003,LOK 002,CI 0703,CO 0709
RES001642,20:05:54,7,451000,3157000,CUS 3039,KMR 004,MP 02,ST 004,LOK 009,CI 0754,CO 0763
RES001643,15:19:11,3,1347000,4041000,CUS 1242,KMR 003,MP 05,ST 003,LOK 003,CI 0063,CO 0066
RES001644,20:56:24,8,598000,4784000,CUS 1055,KMR 001,MP 02,ST 001,LOK 015,CI 0487,CO 0497
RES001645,13:44:02,9,336000,3024000,CUS 3154,KMR 002,MP 02,ST 001,LOK 002,CI 0764,CO 0775
RES001646,22:00:52,3,1207000,3621000,CUS 1821,KMR 003,MP 01,ST 003,LOK 019,CI 0934,CO 0940
RES001647,18:22:43,5,1249000,6245000,CUS 1110,KMR 003,MP 02,ST 003,LOK 015,CI 0678,CO 0684
RES001648,13:45:13,4,381000,1524000,CUS 2159,KMR 002,MP 03,ST 004,LOK 012,CI 0456,CO 0462
RES001649,16:01:32,5,1349000,6745000,CUS 1919,KMR 003,MP 01,ST 001,LOK 020,CI 0511,CO 0517
RES001650,08:12:23,4,350000,1400000,CUS 0139,KMR 002,MP 03,ST 001,LOK 020,CI 0657,CO 0662
RES001651,23:06:18,5,669000,3345000,CUS 3931,KMR 001,MP 01,ST 003,LOK 014,CI 0623,CO 0628
RES001652,13:57:30,6,1344000,8064000,CUS 1694,KMR 003,MP 02,ST 004,LOK 019,CI 0492,CO 0499
RES001653,03:39:10,8,1358000,10864000,CUS 0288,KMR 003,MP 06,ST 003,LOK 004,CI 0578,CO 0586
RES001654,05:01:28,4,1183000,4732000,CUS 2592,KMR 003,MP 01,ST 004,LOK 002,CI 0491,CO 0497
RES001655,16:57:37,1,1368000,1368000,CUS 0499,KMR 003,MP 04,ST 003,LOK 006,CI 0361,CO 0361
RES001656,19:11:56,6,551000,3306000,CUS 0276,KMR 001,MP 06,ST 004,LOK 005,CI 0290,CO 0294
RES001658,16:23:46,4,1158000,4632000,CUS 2769,KMR 003,MP 05,ST 003,LOK 020,CI 0097,CO 0101
RES001659,13:19:08,6,417000,2502000,CUS 1075,KMR 004,MP 04,ST 004,LOK 018,CI 0373,CO 0379
RES001660,13:28:16,2,1086000,2172000,CUS 0649,KMR 003,MP 01,ST 004,LOK 003,CI 0774,CO 0779
RES001661,18:21:01,5,338000,1690000,CUS 2827,KMR 002,MP 03,ST 004,LOK 008,CI 0288,CO 0291
RES001662,10:22:26,9,336000,3024000,CUS 1495,KMR 002,MP 04,ST 003,LOK 019,CI 0506,CO 0516
RES001663,05:42:52,4,572000,2288000,CUS 0599,KMR 001,MP 06,ST 003,LOK 004,CI 0390,CO 0395
RES001664,14:31:08,9,1194000,10746000,CUS 2625,KMR 003,MP 02,ST 003,LOK 015,CI 0453,CO 0464
RES001665,05:08:19,8,685000,5480000,CUS 0139,KMR 001,MP 05,ST 004,LOK 014,CI 0379,CO 0388
RES001666,05:56:46,3,420000,1260000,CUS 3841,KMR 004,MP 04,ST 004,LOK 010,CI 0910,CO 0915
RES001667,03:07:45,5,1194000,5970000,CUS 2189,KMR 003,MP 06,ST 003,LOK 013,CI 0539,CO 0544
RES002754,16:43:23,1,497000,497000,CUS 2262,KMR 004,MP 03,ST 003,LOK 019,CI 0814,CO 0819
RES001669,14:09:21,9,441000,3969000,CUS 0368,KMR 004,MP 03,ST 004,LOK 007,CI 0106,CO 0115
RES001670,04:03:24,5,627000,3135000,CUS 2121,KMR 001,MP 05,ST 003,LOK 003,CI 0326,CO 0330
RES001671,05:48:39,1,544000,544000,CUS 0890,KMR 001,MP 06,ST 003,LOK 011,CI 0389,CO 0391
RES001672,05:30:11,6,568000,3408000,CUS 3025,KMR 001,MP 01,ST 002,LOK 005,CI 0376,CO 0383
RES001673,10:57:55,5,669000,3345000,CUS 2730,KMR 001,MP 06,ST 004,LOK 002,CI 0663,CO 0669
RES001674,18:56:07,3,494000,1482000,CUS 2294,KMR 004,MP 03,ST 003,LOK 005,CI 0326,CO 0328
RES001675,06:11:02,1,357000,357000,CUS 1416,KMR 002,MP 03,ST 003,LOK 003,CI 0745,CO 0749
RES001676,16:43:49,5,621000,3105000,CUS 2034,KMR 001,MP 04,ST 003,LOK 018,CI 0730,CO 0738
RES001677,08:28:41,2,369000,738000,CUS 1381,KMR 002,MP 01,ST 004,LOK 013,CI 0586,CO 0589
RES001678,09:23:28,4,380000,1520000,CUS 0590,KMR 002,MP 06,ST 003,LOK 006,CI 0689,CO 0695
RES001679,05:06:54,2,658000,1316000,CUS 1836,KMR 001,MP 05,ST 003,LOK 011,CI 0954,CO 0959
RES001681,08:48:01,6,517000,3102000,CUS 2509,KMR 004,MP 06,ST 004,LOK 019,CI 0663,CO 0670
RES001682,05:33:04,4,411000,1644000,CUS 3700,KMR 004,MP 06,ST 004,LOK 019,CI 1004,CO 1011
RES001683,22:58:26,6,558000,3348000,CUS 1058,KMR 001,MP 06,ST 003,LOK 015,CI 1026,CO 1035
RES001684,09:02:54,5,1294000,6470000,CUS 0864,KMR 003,MP 05,ST 004,LOK 012,CI 0658,CO 0664
RES001685,04:37:26,4,410000,1640000,CUS 0139,KMR 004,MP 05,ST 004,LOK 019,CI 0350,CO 0353
RES001686,21:41:14,2,1221000,2442000,CUS 0139,KMR 003,MP 04,ST 003,LOK 014,CI 0549,CO 0551
RES001687,17:50:17,7,341000,2387000,CUS 2935,KMR 002,MP 02,ST 001,LOK 005,CI 0377,CO 0385
RES001688,02:36:13,1,470000,470000,CUS 1092,KMR 004,MP 06,ST 004,LOK 014,CI 0704,CO 0707
RES001689,17:34:34,7,440000,3080000,CUS 3190,KMR 004,MP 02,ST 003,LOK 010,CI 0167,CO 0176
RES001690,06:13:43,7,1345000,9415000,CUS 1976,KMR 003,MP 05,ST 003,LOK 013,CI 0055,CO 0062
RES001691,23:39:12,4,600000,2400000,CUS 2744,KMR 001,MP 01,ST 004,LOK 003,CI 0632,CO 0636
RES001692,15:11:37,6,637000,3822000,CUS 3251,KMR 001,MP 05,ST 002,LOK 018,CI 0717,CO 0726
RES001693,09:53:57,5,1110000,5550000,CUS 3176,KMR 003,MP 05,ST 004,LOK 011,CI 0273,CO 0276
RES001694,19:10:21,3,332000,996000,CUS 0088,KMR 002,MP 06,ST 004,LOK 020,CI 0725,CO 0731
RES003087,16:40:59,8,1106000,8848000,CUS 2097,KMR 003,MP 05,ST 003,LOK 013,CI 0862,CO 0872
RES001696,20:07:42,5,571000,2855000,CUS 3065,KMR 001,MP 06,ST 002,LOK 008,CI 0863,CO 0870
RES001697,22:41:25,5,377000,1885000,CUS 3804,KMR 002,MP 03,ST 003,LOK 005,CI 0952,CO 0960
RES001698,07:07:30,1,500000,500000,CUS 0206,KMR 004,MP 05,ST 004,LOK 010,CI 0822,CO 0827
RES001699,11:49:46,4,663000,2652000,CUS 2626,KMR 001,MP 01,ST 003,LOK 013,CI 0190,CO 0195
RES001700,18:10:58,6,499000,2994000,CUS 0020,KMR 004,MP 01,ST 004,LOK 006,CI 0504,CO 0511
RES001701,11:01:25,1,564000,564000,CUS 3088,KMR 001,MP 04,ST 004,LOK 012,CI 0955,CO 0959
RES001702,04:30:32,4,360000,1440000,CUS 1886,KMR 002,MP 01,ST 004,LOK 010,CI 0645,CO 0649
RES001703,20:20:48,9,348000,3132000,CUS 2185,KMR 002,MP 04,ST 004,LOK 020,CI 0881,CO 0891
RES001704,03:02:00,3,421000,1263000,CUS 3934,KMR 004,MP 03,ST 004,LOK 019,CI 0808,CO 0815
RES001705,15:17:49,1,408000,408000,CUS 1594,KMR 004,MP 04,ST 002,LOK 014,CI 0603,CO 0604
RES001706,12:05:32,4,1305000,5220000,CUS 1256,KMR 003,MP 02,ST 004,LOK 017,CI 0470,CO 0475
RES001707,21:39:26,2,446000,892000,CUS 1759,KMR 004,MP 01,ST 001,LOK 015,CI 0605,CO 0607
RES001708,19:18:42,7,1082000,7574000,CUS 2992,KMR 003,MP 06,ST 004,LOK 019,CI 0593,CO 0600
RES001709,02:32:29,7,509000,3563000,CUS 0159,KMR 004,MP 03,ST 003,LOK 019,CI 0894,CO 0902
RES001710,10:51:35,6,572000,3432000,CUS 0139,KMR 001,MP 03,ST 002,LOK 013,CI 0312,CO 0316
RES001711,21:38:33,3,593000,1779000,CUS 3152,KMR 001,MP 03,ST 003,LOK 019,CI 0563,CO 0566
RES001712,07:03:21,7,1118000,7826000,CUS 0712,KMR 003,MP 01,ST 004,LOK 001,CI 0310,CO 0315
RES001713,00:01:02,5,326000,1630000,CUS 1464,KMR 002,MP 03,ST 004,LOK 017,CI 0153,CO 0159
RES001714,16:54:34,8,356000,2848000,CUS 2853,KMR 002,MP 06,ST 003,LOK 008,CI 0628,CO 0636
RES001715,02:23:13,8,353000,2824000,CUS 3233,KMR 002,MP 03,ST 003,LOK 004,CI 0447,CO 0457
RES001716,09:56:06,5,474000,2370000,CUS 2455,KMR 004,MP 06,ST 003,LOK 008,CI 0721,CO 0729
RES001717,15:43:03,9,422000,3798000,CUS 2208,KMR 004,MP 03,ST 004,LOK 003,CI 1038,CO 1050
RES001718,18:34:05,6,451000,2706000,CUS 0160,KMR 004,MP 01,ST 003,LOK 012,CI 0245,CO 0249
RES001719,11:17:57,9,469000,4221000,CUS 0086,KMR 004,MP 01,ST 004,LOK 014,CI 0853,CO 0864
RES001720,03:47:59,5,545000,2725000,CUS 3984,KMR 001,MP 03,ST 003,LOK 011,CI 0057,CO 0062
RES001721,14:36:06,3,486000,1458000,CUS 4096,KMR 004,MP 02,ST 004,LOK 004,CI 0199,CO 0203
RES001722,13:47:13,9,319000,2871000,CUS 1255,KMR 002,MP 06,ST 003,LOK 013,CI 0631,CO 0640
RES001723,02:04:28,7,1095000,7665000,CUS 3866,KMR 003,MP 02,ST 004,LOK 001,CI 1072,CO 1081
RES001724,17:30:48,6,507000,3042000,CUS 0089,KMR 004,MP 03,ST 004,LOK 002,CI 0927,CO 0935
RES001725,08:53:21,9,426000,3834000,CUS 3830,KMR 004,MP 05,ST 003,LOK 004,CI 0755,CO 0766
RES001726,11:02:30,8,683000,5464000,CUS 4082,KMR 001,MP 06,ST 004,LOK 005,CI 0404,CO 0413
RES001727,13:57:57,3,1332000,3996000,CUS 2636,KMR 003,MP 03,ST 004,LOK 007,CI 1033,CO 1039
RES001728,14:20:49,1,414000,414000,CUS 1716,KMR 004,MP 01,ST 004,LOK 020,CI 1040,CO 1044
RES001729,18:19:03,2,1132000,2264000,CUS 0573,KMR 003,MP 05,ST 004,LOK 017,CI 0296,CO 0296
RES001730,13:17:48,4,508000,2032000,CUS 1045,KMR 004,MP 06,ST 003,LOK 013,CI 0375,CO 0380
RES001731,18:44:13,3,552000,1656000,CUS 3034,KMR 001,MP 02,ST 003,LOK 005,CI 0291,CO 0292
RES001732,11:09:12,9,1210000,10890000,CUS 3631,KMR 003,MP 02,ST 004,LOK 020,CI 1011,CO 1023
RES001733,16:41:56,8,687000,5496000,CUS 3149,KMR 001,MP 06,ST 001,LOK 008,CI 0900,CO 0909
RES001734,03:12:49,5,542000,2710000,CUS 3343,KMR 001,MP 05,ST 004,LOK 015,CI 0520,CO 0526
RES001735,23:41:52,1,1099000,1099000,CUS 1741,KMR 003,MP 02,ST 003,LOK 013,CI 0436,CO 0439
RES001736,16:46:57,8,1191000,9528000,CUS 1412,KMR 003,MP 03,ST 003,LOK 014,CI 0151,CO 0159
RES001737,19:23:53,9,437000,3933000,CUS 3335,KMR 004,MP 03,ST 004,LOK 009,CI 1073,CO 1084
RES001738,08:04:36,3,1348000,4044000,CUS 1281,KMR 003,MP 06,ST 003,LOK 013,CI 0573,CO 0576
RES001739,20:22:30,3,395000,1185000,CUS 0840,KMR 002,MP 03,ST 004,LOK 001,CI 0929,CO 0935
RES001740,00:59:05,7,562000,3934000,CUS 0816,KMR 001,MP 01,ST 004,LOK 014,CI 0807,CO 0818
RES001741,02:02:17,4,421000,1684000,CUS 0703,KMR 004,MP 06,ST 003,LOK 005,CI 0725,CO 0732
RES001742,18:51:36,8,584000,4672000,CUS 3048,KMR 001,MP 02,ST 004,LOK 011,CI 0016,CO 0023
RES001743,12:21:57,5,489000,2445000,CUS 3965,KMR 004,MP 01,ST 004,LOK 019,CI 0936,CO 0944
RES001744,03:28:48,4,488000,1952000,CUS 1500,KMR 004,MP 06,ST 004,LOK 010,CI 0239,CO 0241
RES001745,11:07:53,1,672000,672000,CUS 3131,KMR 001,MP 05,ST 003,LOK 005,CI 0570,CO 0571
RES001746,07:59:01,3,1162000,3486000,CUS 3113,KMR 003,MP 02,ST 003,LOK 016,CI 0561,CO 0564
RES001747,03:48:31,8,402000,3216000,CUS 3090,KMR 002,MP 03,ST 004,LOK 012,CI 0771,CO 0781
RES001748,10:17:05,4,466000,1864000,CUS 1807,KMR 004,MP 01,ST 004,LOK 001,CI 0119,CO 0123
RES001749,12:48:42,4,465000,1860000,CUS 2958,KMR 004,MP 05,ST 003,LOK 001,CI 0635,CO 0639
RES001750,09:13:46,5,1309000,6545000,CUS 4184,KMR 003,MP 02,ST 003,LOK 011,CI 0479,CO 0486
RES001751,13:21:37,4,396000,1584000,CUS 0224,KMR 002,MP 05,ST 001,LOK 019,CI 0421,CO 0427
RES001752,04:54:16,8,408000,3264000,CUS 3635,KMR 004,MP 06,ST 003,LOK 011,CI 0497,CO 0506
RES001753,19:30:11,2,1234000,2468000,CUS 2308,KMR 003,MP 02,ST 003,LOK 008,CI 0520,CO 0523
RES001754,11:16:05,9,448000,4032000,CUS 2088,KMR 004,MP 02,ST 002,LOK 015,CI 0332,CO 0340
RES001755,06:19:31,8,495000,3960000,CUS 2743,KMR 004,MP 01,ST 004,LOK 002,CI 0975,CO 0986
RES001756,21:05:56,4,588000,2352000,CUS 0139,KMR 001,MP 04,ST 003,LOK 007,CI 0218,CO 0221
RES001757,12:31:50,6,322000,1932000,CUS 3118,KMR 002,MP 05,ST 003,LOK 016,CI 0961,CO 0970
RES001758,08:46:00,4,379000,1516000,CUS 3741,KMR 002,MP 04,ST 001,LOK 009,CI 0036,CO 0040
RES001759,20:08:01,5,326000,1630000,CUS 3688,KMR 002,MP 05,ST 001,LOK 007,CI 0037,CO 0042
RES001760,08:21:08,3,675000,2025000,CUS 0359,KMR 001,MP 06,ST 004,LOK 007,CI 0874,CO 0879
RES001761,15:35:05,5,359000,1795000,CUS 0139,KMR 002,MP 05,ST 004,LOK 005,CI 0216,CO 0220
RES001762,23:39:57,6,1174000,7044000,CUS 1060,KMR 003,MP 04,ST 001,LOK 006,CI 0521,CO 0528
RES001763,10:41:54,7,626000,4382000,CUS 2816,KMR 001,MP 03,ST 001,LOK 015,CI 0658,CO 0666
RES001764,01:59:45,5,1325000,6625000,CUS 2207,KMR 003,MP 06,ST 003,LOK 017,CI 0799,CO 0808
RES001765,19:58:19,9,1197000,10773000,CUS 0324,KMR 003,MP 01,ST 004,LOK 018,CI 0766,CO 0777
RES001766,03:49:31,8,442000,3536000,CUS 0839,KMR 004,MP 01,ST 004,LOK 011,CI 0930,CO 0941
RES001767,14:21:40,6,550000,3300000,CUS 0780,KMR 001,MP 06,ST 002,LOK 018,CI 0421,CO 0429
RES001768,15:38:15,7,551000,3857000,CUS 3117,KMR 001,MP 06,ST 002,LOK 009,CI 0787,CO 0797
RES001769,16:25:20,7,379000,2653000,CUS 1958,KMR 002,MP 04,ST 004,LOK 010,CI 1001,CO 1011
RES001770,16:57:58,7,1176000,8232000,CUS 0662,KMR 003,MP 01,ST 004,LOK 004,CI 0135,CO 0142
RES001771,09:42:46,6,552000,3312000,CUS 0366,KMR 001,MP 02,ST 004,LOK 008,CI 0611,CO 0617
RES001772,06:02:24,4,554000,2216000,CUS 4131,KMR 001,MP 06,ST 001,LOK 001,CI 0133,CO 0137
RES001773,19:20:16,8,541000,4328000,CUS 2370,KMR 001,MP 03,ST 004,LOK 014,CI 0949,CO 0960
RES001774,20:49:10,1,684000,684000,CUS 0332,KMR 001,MP 02,ST 003,LOK 005,CI 0161,CO 0163
RES001775,18:07:36,6,653000,3918000,CUS 2688,KMR 001,MP 02,ST 004,LOK 016,CI 0859,CO 0867
RES001776,05:02:22,5,1265000,6325000,CUS 3756,KMR 003,MP 05,ST 003,LOK 014,CI 0371,CO 0376
RES001777,00:27:04,8,440000,3520000,CUS 1566,KMR 004,MP 05,ST 003,LOK 016,CI 0527,CO 0536
RES001778,16:01:00,8,1354000,10832000,CUS 3280,KMR 003,MP 04,ST 003,LOK 015,CI 0335,CO 0342
RES001779,10:40:35,6,646000,3876000,CUS 0369,KMR 001,MP 02,ST 003,LOK 017,CI 0869,CO 0877
RES001780,18:19:20,3,320000,960000,CUS 0358,KMR 002,MP 03,ST 003,LOK 016,CI 1046,CO 1052
RES001781,00:22:08,9,546000,4914000,CUS 2670,KMR 001,MP 05,ST 003,LOK 020,CI 0433,CO 0444
RES001782,03:20:06,7,490000,3430000,CUS 4026,KMR 004,MP 04,ST 003,LOK 017,CI 0429,CO 0438
RES001783,08:30:53,4,580000,2320000,CUS 2037,KMR 001,MP 01,ST 003,LOK 003,CI 1006,CO 1013
RES001784,18:48:26,6,1223000,7338000,CUS 1625,KMR 003,MP 05,ST 004,LOK 001,CI 0098,CO 0104
RES001786,00:34:55,2,613000,1226000,CUS 0345,KMR 001,MP 06,ST 004,LOK 014,CI 1015,CO 1020
RES003166,15:48:50,4,390000,1560000,CUS 0424,KMR 002,MP 01,ST 004,LOK 020,CI 0406,CO 0411
RES001788,12:53:47,3,355000,1065000,CUS 0960,KMR 002,MP 06,ST 003,LOK 020,CI 0505,CO 0509
RES001789,23:36:24,2,1258000,2516000,CUS 3012,KMR 003,MP 02,ST 004,LOK 003,CI 0667,CO 0670
RES001790,15:30:21,9,399000,3591000,CUS 3228,KMR 002,MP 05,ST 004,LOK 007,CI 0749,CO 0760
RES001791,04:08:06,6,651000,3906000,CUS 2251,KMR 001,MP 02,ST 003,LOK 014,CI 0641,CO 0647
RES001792,11:44:07,3,397000,1191000,CUS 3137,KMR 002,MP 06,ST 004,LOK 003,CI 0106,CO 0109
RES001793,16:48:57,1,346000,346000,CUS 0419,KMR 002,MP 02,ST 004,LOK 009,CI 0034,CO 0035
RES001794,13:03:09,6,494000,2964000,CUS 1307,KMR 004,MP 01,ST 004,LOK 001,CI 1028,CO 1037
RES001795,04:21:16,6,355000,2130000,CUS 2996,KMR 002,MP 03,ST 004,LOK 011,CI 0068,CO 0074
RES001796,00:53:50,3,454000,1362000,CUS 4075,KMR 004,MP 06,ST 002,LOK 015,CI 0698,CO 0703
RES001797,23:44:06,4,547000,2188000,CUS 1229,KMR 001,MP 01,ST 001,LOK 001,CI 0344,CO 0347
RES001798,13:19:09,5,631000,3155000,CUS 0290,KMR 001,MP 06,ST 004,LOK 020,CI 0678,CO 0684
RES001799,10:01:48,4,392000,1568000,CUS 2942,KMR 002,MP 06,ST 003,LOK 012,CI 0158,CO 0163
RES001800,07:03:05,5,446000,2230000,CUS 2014,KMR 004,MP 01,ST 003,LOK 005,CI 0225,CO 0229
RES001801,06:35:26,3,567000,1701000,CUS 1857,KMR 001,MP 01,ST 003,LOK 001,CI 0702,CO 0707
RES001802,07:00:39,3,445000,1335000,CUS 3592,KMR 004,MP 06,ST 004,LOK 005,CI 0300,CO 0301
RES001803,00:04:59,4,665000,2660000,CUS 0425,KMR 001,MP 06,ST 004,LOK 015,CI 0260,CO 0262
RES001804,16:49:42,8,562000,4496000,CUS 1504,KMR 001,MP 05,ST 003,LOK 020,CI 0473,CO 0483
RES001805,14:26:23,9,1142000,10278000,CUS 2561,KMR 003,MP 02,ST 003,LOK 003,CI 0100,CO 0109
RES001806,15:27:57,4,1099000,4396000,CUS 1028,KMR 003,MP 06,ST 004,LOK 010,CI 0940,CO 0947
RES001807,21:47:29,7,1338000,9366000,CUS 0459,KMR 003,MP 01,ST 004,LOK 017,CI 0336,CO 0342
RES001808,11:41:20,2,341000,682000,CUS 1711,KMR 002,MP 02,ST 004,LOK 010,CI 0794,CO 0799
RES001809,05:26:30,7,584000,4088000,CUS 4159,KMR 001,MP 04,ST 004,LOK 018,CI 0698,CO 0707
RES001810,10:55:33,8,1170000,9360000,CUS 3305,KMR 003,MP 06,ST 004,LOK 004,CI 0737,CO 0748
RES001811,14:45:49,1,626000,626000,CUS 1567,KMR 001,MP 06,ST 003,LOK 012,CI 0534,CO 0536
RES001812,10:02:19,6,591000,3546000,CUS 0705,KMR 001,MP 06,ST 003,LOK 007,CI 0216,CO 0221
RES001813,03:58:27,5,485000,2425000,CUS 3719,KMR 004,MP 01,ST 003,LOK 001,CI 0222,CO 0226
RES002986,22:01:29,6,341000,2046000,CUS 2486,KMR 002,MP 03,ST 004,LOK 020,CI 0063,CO 0069
RES001815,22:11:15,5,475000,2375000,CUS 3692,KMR 004,MP 05,ST 003,LOK 015,CI 0427,CO 0434
RES001816,12:27:55,8,1098000,8784000,CUS 0824,KMR 003,MP 01,ST 003,LOK 006,CI 0207,CO 0214
RES001817,08:42:36,9,353000,3177000,CUS 1744,KMR 002,MP 03,ST 004,LOK 014,CI 0307,CO 0314
RES001818,11:02:58,9,1276000,11484000,CUS 0139,KMR 003,MP 01,ST 002,LOK 016,CI 0417,CO 0428
RES001819,09:45:48,8,613000,4904000,CUS 2013,KMR 001,MP 06,ST 003,LOK 001,CI 0974,CO 0985
RES001820,03:40:41,8,1369000,10952000,CUS 0139,KMR 003,MP 05,ST 002,LOK 011,CI 0358,CO 0364
RES001821,06:45:30,9,1110000,9990000,CUS 4165,KMR 003,MP 06,ST 004,LOK 012,CI 0635,CO 0644
RES001822,10:00:04,8,569000,4552000,CUS 3355,KMR 001,MP 02,ST 004,LOK 012,CI 0449,CO 0459
RES001823,19:33:19,8,399000,3192000,CUS 3864,KMR 002,MP 04,ST 003,LOK 008,CI 0508,CO 0517
RES001824,12:38:11,3,332000,996000,CUS 3336,KMR 002,MP 03,ST 002,LOK 015,CI 0479,CO 0484
RES001825,23:33:22,5,1182000,5910000,CUS 2217,KMR 003,MP 05,ST 004,LOK 019,CI 0712,CO 0719
RES001826,15:41:19,3,339000,1017000,CUS 1914,KMR 002,MP 02,ST 003,LOK 016,CI 0470,CO 0474
RES001827,23:42:18,2,542000,1084000,CUS 4042,KMR 001,MP 01,ST 002,LOK 003,CI 0156,CO 0159
RES001828,07:54:29,7,343000,2401000,CUS 0336,KMR 002,MP 03,ST 004,LOK 013,CI 0193,CO 0201
RES001829,05:27:05,4,583000,2332000,CUS 4053,KMR 001,MP 04,ST 003,LOK 014,CI 0879,CO 0884
RES001830,10:54:12,1,1277000,1277000,CUS 3077,KMR 003,MP 03,ST 004,LOK 001,CI 0726,CO 0730
RES001831,08:17:20,3,514000,1542000,CUS 0356,KMR 004,MP 06,ST 004,LOK 019,CI 0299,CO 0300
RES001832,15:38:56,5,449000,2245000,CUS 0139,KMR 004,MP 02,ST 001,LOK 020,CI 0998,CO 1006
RES001833,14:53:26,1,1168000,1168000,CUS 0026,KMR 003,MP 06,ST 003,LOK 009,CI 1066,CO 1069
RES001834,18:10:04,1,1191000,1191000,CUS 0512,KMR 003,MP 05,ST 004,LOK 013,CI 0336,CO 0336
RES001835,08:43:05,8,642000,5136000,CUS 4161,KMR 001,MP 02,ST 001,LOK 002,CI 0402,CO 0411
RES001836,17:11:27,7,584000,4088000,CUS 0778,KMR 001,MP 04,ST 002,LOK 004,CI 0392,CO 0400
RES001837,14:45:12,5,1102000,5510000,CUS 0753,KMR 003,MP 01,ST 003,LOK 001,CI 0566,CO 0571
RES001838,16:02:51,5,412000,2060000,CUS 1419,KMR 004,MP 06,ST 004,LOK 006,CI 0300,CO 0303
RES001839,07:23:52,6,391000,2346000,CUS 1091,KMR 002,MP 06,ST 003,LOK 020,CI 0480,CO 0488
RES001840,01:47:36,1,1344000,1344000,CUS 0393,KMR 003,MP 02,ST 004,LOK 009,CI 0597,CO 0598
RES001841,14:56:01,5,377000,1885000,CUS 3501,KMR 002,MP 05,ST 003,LOK 014,CI 0694,CO 0701
RES001842,06:03:37,8,1269000,10152000,CUS 3978,KMR 003,MP 06,ST 003,LOK 010,CI 0852,CO 0862
RES001843,01:37:59,7,564000,3948000,CUS 2502,KMR 001,MP 05,ST 004,LOK 008,CI 0469,CO 0477
RES001844,22:53:46,6,362000,2172000,CUS 0464,KMR 002,MP 03,ST 003,LOK 020,CI 0937,CO 0946
RES001845,11:33:29,3,345000,1035000,CUS 2600,KMR 002,MP 05,ST 004,LOK 009,CI 0766,CO 0771
RES001846,16:51:05,9,607000,5463000,CUS 0698,KMR 001,MP 06,ST 003,LOK 010,CI 0470,CO 0480
RES001847,21:15:56,1,478000,478000,CUS 3075,KMR 004,MP 03,ST 004,LOK 010,CI 0001,CO 0002
RES001848,11:04:19,9,679000,6111000,CUS 0216,KMR 001,MP 05,ST 003,LOK 020,CI 1000,CO 1012
RES001849,08:38:07,1,512000,512000,CUS 2719,KMR 004,MP 01,ST 003,LOK 020,CI 0466,CO 0001
RES001850,17:48:30,2,417000,834000,CUS 2055,KMR 004,MP 03,ST 004,LOK 009,CI 0970,CO 0976
RES001851,20:59:30,4,566000,2264000,CUS 3832,KMR 001,MP 01,ST 001,LOK 018,CI 0273,CO 0275
RES001852,14:53:16,2,362000,724000,CUS 0289,KMR 002,MP 06,ST 001,LOK 001,CI 0693,CO 0697
RES001853,09:19:59,9,476000,4284000,CUS 0104,KMR 004,MP 02,ST 003,LOK 002,CI 0629,CO 0638
RES001854,19:10:05,7,451000,3157000,CUS 0121,KMR 004,MP 06,ST 004,LOK 020,CI 0423,CO 0432
RES001855,18:16:08,5,1326000,6630000,CUS 3660,KMR 003,MP 02,ST 003,LOK 018,CI 0691,CO 0698
RES001856,23:17:34,5,458000,2290000,CUS 4043,KMR 004,MP 05,ST 003,LOK 015,CI 0600,CO 0605
RES001857,21:07:17,5,488000,2440000,CUS 3902,KMR 004,MP 02,ST 003,LOK 018,CI 0513,CO 0519
RES001858,00:19:24,2,1273000,2546000,CUS 4185,KMR 003,MP 06,ST 004,LOK 003,CI 1014,CO 1019
RES001859,03:11:06,7,1268000,8876000,CUS 1288,KMR 003,MP 04,ST 001,LOK 017,CI 0387,CO 0395
RES001860,18:11:40,5,544000,2720000,CUS 3279,KMR 001,MP 02,ST 004,LOK 004,CI 0228,CO 0232
RES001861,11:49:29,9,394000,3546000,CUS 0974,KMR 002,MP 01,ST 003,LOK 002,CI 0566,CO 0575
RES001862,15:36:18,4,371000,1484000,CUS 3937,KMR 002,MP 01,ST 001,LOK 012,CI 0614,CO 0618
RES001863,19:17:22,3,480000,1440000,CUS 2642,KMR 004,MP 01,ST 004,LOK 001,CI 0538,CO 0542
RES001864,04:01:56,6,548000,3288000,CUS 1584,KMR 001,MP 01,ST 001,LOK 019,CI 0885,CO 0892
RES001865,21:36:53,7,576000,4032000,CUS 2431,KMR 001,MP 03,ST 003,LOK 009,CI 0142,CO 0149
RES001866,02:23:28,3,1152000,3456000,CUS 3548,KMR 003,MP 04,ST 003,LOK 001,CI 0833,CO 0840
RES001867,00:32:36,9,1205000,10845000,CUS 0023,KMR 003,MP 04,ST 004,LOK 009,CI 0037,CO 0046
RES001868,08:24:52,8,633000,5064000,CUS 0578,KMR 001,MP 05,ST 003,LOK 010,CI 0771,CO 0781
RES001869,05:36:21,8,1206000,9648000,CUS 0664,KMR 003,MP 03,ST 003,LOK 002,CI 0376,CO 0385
RES001870,07:29:03,1,1331000,1331000,CUS 1484,KMR 003,MP 04,ST 003,LOK 011,CI 0198,CO 0200
RES001871,02:02:59,6,357000,2142000,CUS 1675,KMR 002,MP 03,ST 003,LOK 016,CI 0639,CO 0645
RES001872,18:15:19,4,338000,1352000,CUS 0487,KMR 002,MP 05,ST 002,LOK 008,CI 0821,CO 0829
RES001873,12:37:15,9,548000,4932000,CUS 1471,KMR 001,MP 01,ST 004,LOK 007,CI 0479,CO 0490
RES001874,04:16:41,7,1102000,7714000,CUS 0085,KMR 003,MP 04,ST 004,LOK 017,CI 0772,CO 0781
RES001875,13:51:43,4,1239000,4956000,CUS 0342,KMR 003,MP 02,ST 004,LOK 001,CI 0465,CO 0470
RES001876,05:16:50,8,1089000,8712000,CUS 0448,KMR 003,MP 02,ST 004,LOK 004,CI 0763,CO 0773
RES001877,04:29:03,1,1232000,1232000,CUS 1645,KMR 003,MP 05,ST 004,LOK 009,CI 0153,CO 0155
RES001878,04:52:17,8,584000,4672000,CUS 2019,KMR 001,MP 04,ST 003,LOK 005,CI 1067,CO 1077
RES001879,15:37:40,5,348000,1740000,CUS 3072,KMR 002,MP 01,ST 003,LOK 018,CI 0054,CO 0059
RES001880,09:26:45,3,409000,1227000,CUS 3800,KMR 004,MP 03,ST 004,LOK 010,CI 0948,CO 0954
RES001881,09:24:27,8,628000,5024000,CUS 2214,KMR 001,MP 05,ST 004,LOK 007,CI 0968,CO 0979
RES001882,11:28:11,4,1375000,5500000,CUS 1377,KMR 003,MP 04,ST 001,LOK 015,CI 0322,CO 0325
RES001883,05:12:10,5,560000,2800000,CUS 1719,KMR 001,MP 06,ST 003,LOK 014,CI 0157,CO 0163
RES001884,16:15:02,3,436000,1308000,CUS 0483,KMR 004,MP 04,ST 001,LOK 014,CI 0904,CO 0908
RES001885,23:12:11,5,340000,1700000,CUS 0139,KMR 002,MP 02,ST 004,LOK 008,CI 0142,CO 0147
RES001886,15:16:28,1,1348000,1348000,CUS 3332,KMR 003,MP 03,ST 002,LOK 003,CI 0088,CO 0089
RES001887,14:05:08,2,558000,1116000,CUS 1602,KMR 001,MP 06,ST 003,LOK 003,CI 0127,CO 0129
RES001888,12:18:43,6,682000,4092000,CUS 0201,KMR 001,MP 06,ST 001,LOK 016,CI 0337,CO 0342
RES001889,16:07:49,1,406000,406000,CUS 2061,KMR 004,MP 01,ST 003,LOK 011,CI 0275,CO 0274
RES001890,08:31:17,8,318000,2544000,CUS 0139,KMR 002,MP 04,ST 001,LOK 019,CI 0457,CO 0467
RES001891,09:41:08,7,1348000,9436000,CUS 2632,KMR 003,MP 06,ST 003,LOK 002,CI 0282,CO 0287
RES001892,18:29:28,3,1192000,3576000,CUS 1496,KMR 003,MP 06,ST 003,LOK 003,CI 0146,CO 0149
RES001893,01:00:43,9,687000,6183000,CUS 2224,KMR 001,MP 05,ST 003,LOK 019,CI 0484,CO 0495
RES001894,01:10:16,8,634000,5072000,CUS 1494,KMR 001,MP 05,ST 004,LOK 019,CI 0040,CO 0048
RES001895,02:18:00,7,666000,4662000,CUS 4177,KMR 001,MP 02,ST 004,LOK 019,CI 0664,CO 0672
RES001896,13:05:01,3,1193000,3579000,CUS 2540,KMR 003,MP 01,ST 003,LOK 013,CI 1046,CO 1052
RES001897,15:57:56,7,1311000,9177000,CUS 1009,KMR 003,MP 04,ST 002,LOK 003,CI 0801,CO 0812
RES001898,14:28:06,6,621000,3726000,CUS 1501,KMR 001,MP 01,ST 004,LOK 015,CI 0299,CO 0303
RES001899,22:26:26,8,494000,3952000,CUS 0196,KMR 004,MP 04,ST 003,LOK 005,CI 0638,CO 0646
RES001900,09:16:25,7,1284000,8988000,CUS 0559,KMR 003,MP 02,ST 003,LOK 008,CI 0416,CO 0425
RES001901,22:47:45,2,1378000,2756000,CUS 3429,KMR 003,MP 01,ST 003,LOK 020,CI 0207,CO 0209
RES001902,18:15:41,5,1112000,5560000,CUS 3352,KMR 003,MP 03,ST 003,LOK 008,CI 0911,CO 0918
RES001903,11:56:42,5,475000,2375000,CUS 2107,KMR 004,MP 06,ST 004,LOK 011,CI 0829,CO 0838
RES001904,17:13:44,8,1152000,9216000,CUS 2396,KMR 003,MP 03,ST 004,LOK 006,CI 0508,CO 0517
RES001905,09:54:07,8,1153000,9224000,CUS 0921,KMR 003,MP 01,ST 004,LOK 012,CI 0527,CO 0536
RES001906,04:04:06,5,454000,2270000,CUS 1690,KMR 004,MP 05,ST 004,LOK 007,CI 0235,CO 0238
RES001907,23:11:08,2,1350000,2700000,CUS 2454,KMR 003,MP 04,ST 002,LOK 012,CI 0416,CO 0420
RES001908,18:01:14,6,549000,3294000,CUS 3175,KMR 001,MP 05,ST 004,LOK 017,CI 0801,CO 0811
RES001909,19:06:06,8,575000,4600000,CUS 0074,KMR 001,MP 01,ST 003,LOK 013,CI 0162,CO 0171
RES001911,09:09:15,2,551000,1102000,CUS 1845,KMR 001,MP 06,ST 004,LOK 017,CI 0201,CO 0204
RES001912,15:03:32,4,380000,1520000,CUS 4092,KMR 002,MP 06,ST 004,LOK 001,CI 1075,CO 1081
RES001913,17:44:58,8,417000,3336000,CUS 3773,KMR 004,MP 02,ST 003,LOK 013,CI 0173,CO 0182
RES001914,15:08:48,6,689000,4134000,CUS 2060,KMR 001,MP 03,ST 002,LOK 015,CI 0961,CO 0970
RES001915,01:41:41,5,382000,1910000,CUS 2302,KMR 002,MP 04,ST 002,LOK 004,CI 0904,CO 0910
RES001916,11:32:51,8,648000,5184000,CUS 2633,KMR 001,MP 04,ST 004,LOK 003,CI 0261,CO 0267
RES001917,18:43:23,6,545000,3270000,CUS 3784,KMR 001,MP 01,ST 003,LOK 010,CI 0128,CO 0134
RES001918,17:57:14,9,465000,4185000,CUS 1038,KMR 004,MP 02,ST 003,LOK 008,CI 0944,CO 0956
RES001919,07:24:45,6,317000,1902000,CUS 0671,KMR 002,MP 04,ST 002,LOK 010,CI 0538,CO 0544
RES001920,12:48:54,4,461000,1844000,CUS 1227,KMR 004,MP 04,ST 003,LOK 001,CI 0401,CO 0406
RES001921,04:23:40,8,661000,5288000,CUS 4111,KMR 001,MP 06,ST 002,LOK 014,CI 0994,CO 1005
RES001922,11:28:12,5,1371000,6855000,CUS 0066,KMR 003,MP 05,ST 004,LOK 017,CI 0131,CO 0136
RES001923,08:30:25,9,495000,4455000,CUS 2195,KMR 004,MP 02,ST 003,LOK 007,CI 0568,CO 0577
RES001924,06:54:07,4,501000,2004000,CUS 2820,KMR 004,MP 02,ST 003,LOK 005,CI 0495,CO 0500
RES001925,16:12:32,2,510000,1020000,CUS 1528,KMR 004,MP 04,ST 003,LOK 012,CI 0350,CO 0351
RES001926,23:48:32,2,549000,1098000,CUS 2115,KMR 001,MP 04,ST 003,LOK 005,CI 0728,CO 0733
RES001927,03:30:25,5,1189000,5945000,CUS 3146,KMR 003,MP 01,ST 003,LOK 016,CI 0011,CO 0015
RES003795,13:39:26,1,563000,563000,CUS 0455,KMR 001,MP 03,ST 003,LOK 004,CI 0146,CO 0147
RES001930,04:44:48,9,396000,3564000,CUS 0454,KMR 002,MP 03,ST 002,LOK 009,CI 0002,CO 0010
RES001931,03:19:52,2,408000,816000,CUS 3527,KMR 004,MP 02,ST 003,LOK 015,CI 0239,CO 0239
RES001932,06:18:01,5,1330000,6650000,CUS 2703,KMR 003,MP 06,ST 003,LOK 013,CI 1019,CO 1027
RES001934,16:30:24,6,1269000,7614000,CUS 0139,KMR 003,MP 02,ST 001,LOK 018,CI 0701,CO 0709
RES001935,11:59:08,4,349000,1396000,CUS 2328,KMR 002,MP 05,ST 003,LOK 017,CI 1019,CO 1026
RES001936,12:18:10,4,464000,1856000,CUS 3221,KMR 004,MP 05,ST 003,LOK 012,CI 0048,CO 0052
RES001937,16:58:21,2,1315000,2630000,CUS 1935,KMR 003,MP 06,ST 003,LOK 010,CI 0798,CO 0804
RES001939,14:25:25,2,406000,812000,CUS 0291,KMR 004,MP 03,ST 004,LOK 018,CI 0746,CO 0751
RES001940,02:03:09,1,1154000,1154000,CUS 2590,KMR 003,MP 05,ST 001,LOK 016,CI 0917,CO 0920
RES001941,03:36:27,9,669000,6021000,CUS 0363,KMR 001,MP 05,ST 004,LOK 018,CI 0135,CO 0144
RES001942,06:31:06,9,623000,5607000,CUS 2274,KMR 001,MP 06,ST 004,LOK 019,CI 0952,CO 0964
RES001943,10:01:20,8,400000,3200000,CUS 2801,KMR 002,MP 06,ST 004,LOK 011,CI 0007,CO 0014
RES001944,09:12:18,6,1192000,7152000,CUS 1693,KMR 003,MP 01,ST 004,LOK 006,CI 0234,CO 0238
RES001945,06:57:23,5,478000,2390000,CUS 1383,KMR 004,MP 06,ST 003,LOK 012,CI 0036,CO 0041
RES001946,01:40:25,7,1134000,7938000,CUS 1498,KMR 003,MP 06,ST 003,LOK 007,CI 0537,CO 0544
RES001947,13:35:31,7,397000,2779000,CUS 1478,KMR 002,MP 06,ST 003,LOK 013,CI 0739,CO 0749
RES001948,04:14:35,3,1366000,4098000,CUS 2584,KMR 003,MP 01,ST 004,LOK 011,CI 0506,CO 0510
RES001949,15:36:59,4,378000,1512000,CUS 1614,KMR 002,MP 04,ST 004,LOK 014,CI 1035,CO 1042
RES001950,11:08:45,8,1186000,9488000,CUS 2720,KMR 003,MP 02,ST 003,LOK 004,CI 0882,CO 0891
RES001951,04:28:31,7,500000,3500000,CUS 2137,KMR 004,MP 06,ST 004,LOK 007,CI 0010,CO 0016
RES001952,21:19:59,6,669000,4014000,CUS 3737,KMR 001,MP 04,ST 003,LOK 006,CI 0303,CO 0307
RES001953,01:49:18,9,352000,3168000,CUS 2236,KMR 002,MP 02,ST 003,LOK 010,CI 0967,CO 0979
RES001954,00:04:08,2,1138000,2276000,CUS 0861,KMR 003,MP 01,ST 001,LOK 012,CI 0274,CO 0274
RES001955,21:33:45,6,411000,2466000,CUS 0434,KMR 004,MP 05,ST 003,LOK 013,CI 0418,CO 0426
RES001956,10:33:44,3,1182000,3546000,CUS 1913,KMR 003,MP 05,ST 003,LOK 009,CI 0863,CO 0868
RES001957,22:21:24,4,356000,1424000,CUS 1586,KMR 002,MP 04,ST 004,LOK 004,CI 1029,CO 1036
RES001958,21:46:19,2,656000,1312000,CUS 1016,KMR 001,MP 01,ST 004,LOK 014,CI 0759,CO 0763
RES001959,06:43:14,9,495000,4455000,CUS 2812,KMR 004,MP 06,ST 003,LOK 012,CI 0618,CO 0627
RES001960,23:38:03,6,340000,2040000,CUS 4027,KMR 002,MP 04,ST 001,LOK 005,CI 0933,CO 0942
RES001961,21:00:13,7,430000,3010000,CUS 0120,KMR 004,MP 04,ST 003,LOK 019,CI 0634,CO 0641
RES001962,15:59:28,4,589000,2356000,CUS 2919,KMR 001,MP 04,ST 003,LOK 002,CI 0235,CO 0237
RES001963,13:30:38,9,600000,5400000,CUS 4107,KMR 001,MP 01,ST 004,LOK 019,CI 0282,CO 0289
RES001964,07:43:01,8,349000,2792000,CUS 1270,KMR 002,MP 02,ST 004,LOK 012,CI 1040,CO 1051
RES001965,23:47:28,7,509000,3563000,CUS 2056,KMR 004,MP 05,ST 004,LOK 003,CI 0295,CO 0300
RES001966,18:04:34,2,454000,908000,CUS 3244,KMR 004,MP 02,ST 003,LOK 005,CI 0583,CO 0585
RES001967,13:03:20,2,317000,634000,CUS 0044,KMR 002,MP 04,ST 001,LOK 002,CI 0139,CO 0141
RES001968,23:11:25,2,1330000,2660000,CUS 1185,KMR 003,MP 02,ST 004,LOK 007,CI 0631,CO 0633
RES001969,15:12:01,5,1157000,5785000,CUS 0984,KMR 003,MP 05,ST 004,LOK 004,CI 0114,CO 0119
RES001970,13:55:41,2,366000,732000,CUS 3366,KMR 002,MP 02,ST 003,LOK 015,CI 0389,CO 0392
RES001971,23:57:48,2,361000,722000,CUS 2999,KMR 002,MP 06,ST 004,LOK 011,CI 0589,CO 0591
RES002289,09:47:16,8,563000,4504000,CUS 0299,KMR 001,MP 06,ST 004,LOK 002,CI 0152,CO 0161
RES001973,13:27:13,8,661000,5288000,CUS 0830,KMR 001,MP 05,ST 003,LOK 005,CI 0139,CO 0147
RES001974,23:31:40,8,474000,3792000,CUS 3566,KMR 004,MP 03,ST 002,LOK 011,CI 0043,CO 0051
RES001975,07:32:50,1,644000,644000,CUS 1310,KMR 001,MP 03,ST 001,LOK 002,CI 0311,CO 0310
RES001976,23:39:28,9,438000,3942000,CUS 1224,KMR 004,MP 05,ST 004,LOK 010,CI 0747,CO 0758
RES001977,07:28:49,2,316000,632000,CUS 3778,KMR 002,MP 06,ST 004,LOK 008,CI 0746,CO 0751
RES001978,20:03:11,9,446000,4014000,CUS 1778,KMR 004,MP 03,ST 003,LOK 006,CI 0719,CO 0731
RES001979,02:31:47,1,392000,392000,CUS 2403,KMR 002,MP 01,ST 004,LOK 008,CI 0414,CO 0417
RES001980,06:50:25,2,398000,796000,CUS 0139,KMR 002,MP 05,ST 002,LOK 001,CI 0076,CO 0078
RES001981,16:13:23,2,658000,1316000,CUS 3526,KMR 001,MP 02,ST 003,LOK 008,CI 0297,CO 0297
RES001982,21:41:39,2,670000,1340000,CUS 3949,KMR 001,MP 04,ST 004,LOK 002,CI 0214,CO 0215
RES001983,04:19:31,5,1261000,6305000,CUS 1552,KMR 003,MP 05,ST 003,LOK 015,CI 0858,CO 0865
RES001984,22:47:06,1,660000,660000,CUS 0796,KMR 001,MP 02,ST 004,LOK 009,CI 0756,CO 0759
RES001985,15:29:01,9,372000,3348000,CUS 3616,KMR 002,MP 03,ST 003,LOK 015,CI 0401,CO 0411
RES001986,02:04:31,7,356000,2492000,CUS 1232,KMR 002,MP 05,ST 003,LOK 008,CI 0207,CO 0213
RES001987,10:13:19,2,396000,792000,CUS 1948,KMR 002,MP 06,ST 004,LOK 007,CI 0271,CO 0271
RES001988,14:55:31,8,465000,3720000,CUS 2175,KMR 004,MP 03,ST 003,LOK 014,CI 0723,CO 0734
RES001989,21:06:59,1,494000,494000,CUS 3387,KMR 004,MP 05,ST 003,LOK 020,CI 0466,CO 0001
RES001990,21:28:03,5,452000,2260000,CUS 1519,KMR 004,MP 02,ST 004,LOK 019,CI 0812,CO 0821
RES001991,20:51:57,3,347000,1041000,CUS 2967,KMR 002,MP 01,ST 003,LOK 015,CI 0244,CO 0245
RES001992,03:45:07,7,615000,4305000,CUS 0139,KMR 001,MP 04,ST 003,LOK 011,CI 0234,CO 0239
RES001993,20:28:35,4,594000,2376000,CUS 2388,KMR 001,MP 03,ST 004,LOK 012,CI 0669,CO 0674
RES001994,18:27:17,3,431000,1293000,CUS 0701,KMR 004,MP 03,ST 004,LOK 018,CI 1005,CO 1011
RES001995,04:02:35,1,687000,687000,CUS 0139,KMR 001,MP 01,ST 003,LOK 020,CI 0136,CO 0137
RES001996,06:09:37,1,330000,330000,CUS 2878,KMR 002,MP 02,ST 002,LOK 013,CI 0562,CO 0563
RES001998,10:14:48,3,400000,1200000,CUS 2355,KMR 002,MP 06,ST 003,LOK 016,CI 1029,CO 1035
RES001999,16:32:15,2,595000,1190000,CUS 2041,KMR 001,MP 04,ST 004,LOK 002,CI 0659,CO 0662
RES002000,14:32:36,9,1340000,12060000,CUS 3066,KMR 003,MP 02,ST 004,LOK 003,CI 0874,CO 0884
RES002001,02:36:58,5,1134000,5670000,CUS 3510,KMR 003,MP 06,ST 004,LOK 010,CI 0855,CO 0862
RES002002,01:01:42,5,689000,3445000,CUS 3462,KMR 001,MP 03,ST 004,LOK 001,CI 0719,CO 0727
RES002003,22:04:35,8,381000,3048000,CUS 0241,KMR 002,MP 02,ST 002,LOK 019,CI 0829,CO 0841
RES002004,21:34:54,2,621000,1242000,CUS 3096,KMR 001,MP 03,ST 003,LOK 016,CI 0072,CO 0074
RES002005,08:33:11,6,319000,1914000,CUS 0286,KMR 002,MP 04,ST 002,LOK 010,CI 0445,CO 0453
RES002006,18:03:40,3,640000,1920000,CUS 0141,KMR 001,MP 06,ST 003,LOK 003,CI 0655,CO 0659
RES002008,20:24:24,5,370000,1850000,CUS 0849,KMR 002,MP 01,ST 004,LOK 018,CI 0312,CO 0315
RES002009,06:52:57,5,372000,1860000,CUS 0880,KMR 002,MP 06,ST 004,LOK 008,CI 0211,CO 0215
RES002010,14:02:13,2,658000,1316000,CUS 3426,KMR 001,MP 05,ST 001,LOK 015,CI 0793,CO 0798
RES002011,14:01:41,6,595000,3570000,CUS 0337,KMR 001,MP 03,ST 002,LOK 007,CI 1044,CO 1053
RES003221,11:43:10,2,664000,1328000,CUS 2698,KMR 001,MP 04,ST 004,LOK 020,CI 0298,CO 0298
RES002013,12:25:38,1,1315000,1315000,CUS 0850,KMR 003,MP 06,ST 003,LOK 018,CI 0107,CO 0108
RES002014,00:08:41,4,1090000,4360000,CUS 1178,KMR 003,MP 04,ST 003,LOK 014,CI 0760,CO 0766
RES002015,12:33:50,7,1261000,8827000,CUS 1161,KMR 003,MP 05,ST 003,LOK 013,CI 0187,CO 0195
RES002016,03:38:01,9,466000,4194000,CUS 1017,KMR 004,MP 03,ST 004,LOK 013,CI 0579,CO 0588
RES002017,01:36:23,1,351000,351000,CUS 3959,KMR 002,MP 03,ST 003,LOK 020,CI 1028,CO 1032
RES002018,22:34:17,6,560000,3360000,CUS 3032,KMR 001,MP 05,ST 004,LOK 003,CI 0193,CO 0200
RES002020,20:33:09,3,422000,1266000,CUS 3346,KMR 004,MP 02,ST 003,LOK 001,CI 0254,CO 0255
RES002021,08:22:16,9,458000,4122000,CUS 0532,KMR 004,MP 06,ST 004,LOK 003,CI 0414,CO 0425
RES002022,04:53:39,3,371000,1113000,CUS 1847,KMR 002,MP 01,ST 004,LOK 016,CI 0083,CO 0086
RES002023,03:06:18,5,1348000,6740000,CUS 0603,KMR 003,MP 01,ST 002,LOK 001,CI 0225,CO 0229
RES002024,07:20:27,4,455000,1820000,CUS 1830,KMR 004,MP 06,ST 003,LOK 001,CI 0138,CO 0142
RES002025,10:54:51,7,326000,2282000,CUS 2516,KMR 002,MP 01,ST 004,LOK 020,CI 0414,CO 0423
RES002026,10:04:12,8,411000,3288000,CUS 3696,KMR 004,MP 05,ST 001,LOK 014,CI 0306,CO 0312
RES002027,05:05:44,5,458000,2290000,CUS 1499,KMR 004,MP 03,ST 001,LOK 011,CI 0782,CO 0790
RES002028,05:18:55,8,444000,3552000,CUS 1141,KMR 004,MP 03,ST 004,LOK 011,CI 0725,CO 0736
RES002029,16:40:25,2,337000,674000,CUS 2164,KMR 002,MP 04,ST 004,LOK 006,CI 0584,CO 0587
RES002030,14:23:46,4,464000,1856000,CUS 2154,KMR 004,MP 04,ST 003,LOK 020,CI 0528,CO 0533
RES002031,04:21:55,4,677000,2708000,CUS 1486,KMR 001,MP 04,ST 001,LOK 008,CI 0414,CO 0420
RES002032,19:22:21,9,460000,4140000,CUS 2148,KMR 004,MP 05,ST 004,LOK 009,CI 0706,CO 0717
RES002033,07:01:04,3,385000,1155000,CUS 2630,KMR 002,MP 06,ST 004,LOK 008,CI 0912,CO 0917
RES002034,22:54:10,9,393000,3537000,CUS 4016,KMR 002,MP 05,ST 004,LOK 014,CI 0087,CO 0096
RES002035,23:49:59,8,1299000,10392000,CUS 2845,KMR 003,MP 05,ST 003,LOK 016,CI 0768,CO 0778
RES002036,16:46:17,6,1127000,6762000,CUS 3713,KMR 003,MP 04,ST 004,LOK 011,CI 0106,CO 0112
RES002038,04:13:42,3,416000,1248000,CUS 0883,KMR 004,MP 06,ST 004,LOK 017,CI 0222,CO 0224
RES002039,23:30:49,1,409000,409000,CUS 4000,KMR 004,MP 06,ST 004,LOK 020,CI 0190,CO 0192
RES002040,21:01:27,8,482000,3856000,CUS 0514,KMR 004,MP 04,ST 002,LOK 008,CI 0630,CO 0638
RES002041,19:05:07,7,621000,4347000,CUS 0632,KMR 001,MP 06,ST 003,LOK 005,CI 0512,CO 0520
RES002042,09:00:20,6,1227000,7362000,CUS 0251,KMR 003,MP 01,ST 004,LOK 006,CI 0517,CO 0524
RES002043,11:58:06,8,364000,2912000,CUS 0992,KMR 002,MP 04,ST 002,LOK 007,CI 0496,CO 0505
RES002044,21:49:28,8,688000,5504000,CUS 1164,KMR 001,MP 01,ST 004,LOK 015,CI 0812,CO 0824
RES002045,15:36:28,1,429000,429000,CUS 0139,KMR 004,MP 06,ST 003,LOK 008,CI 0472,CO 0474
RES002046,15:48:55,6,1241000,7446000,CUS 0586,KMR 003,MP 04,ST 004,LOK 005,CI 0597,CO 0603
RES002047,09:09:25,2,1151000,2302000,CUS 1510,KMR 003,MP 03,ST 002,LOK 019,CI 0720,CO 0725
RES002048,21:11:28,5,391000,1955000,CUS 2680,KMR 002,MP 04,ST 004,LOK 010,CI 0358,CO 0361
RES002049,03:14:16,8,645000,5160000,CUS 2557,KMR 001,MP 06,ST 004,LOK 001,CI 1005,CO 1016
RES002050,05:00:50,8,400000,3200000,CUS 0522,KMR 002,MP 05,ST 003,LOK 018,CI 0270,CO 0276
RES002051,01:36:13,7,325000,2275000,CUS 0587,KMR 002,MP 06,ST 004,LOK 017,CI 0172,CO 0181
RES002052,15:52:26,3,1126000,3378000,CUS 1902,KMR 003,MP 04,ST 004,LOK 018,CI 0653,CO 0657
RES002053,16:05:15,6,323000,1938000,CUS 3109,KMR 002,MP 06,ST 004,LOK 013,CI 0860,CO 0868
RES002054,22:16:05,6,1168000,7008000,CUS 2343,KMR 003,MP 04,ST 003,LOK 009,CI 0387,CO 0394
RES002055,14:10:37,3,372000,1116000,CUS 0029,KMR 002,MP 06,ST 003,LOK 005,CI 0022,CO 0025
RES002056,00:10:29,9,554000,4986000,CUS 0139,KMR 001,MP 02,ST 004,LOK 012,CI 0897,CO 0907
RES002057,04:19:27,7,604000,4228000,CUS 0704,KMR 001,MP 03,ST 003,LOK 016,CI 0292,CO 0297
RES002058,15:45:26,6,363000,2178000,CUS 3746,KMR 002,MP 01,ST 004,LOK 012,CI 0277,CO 0281
RES002059,05:13:07,4,451000,1804000,CUS 2491,KMR 004,MP 01,ST 004,LOK 007,CI 0612,CO 0616
RES002060,14:00:21,8,551000,4408000,CUS 1084,KMR 001,MP 05,ST 003,LOK 016,CI 0331,CO 0338
RES002061,22:47:22,4,1213000,4852000,CUS 0245,KMR 003,MP 03,ST 004,LOK 018,CI 0051,CO 0055
RES002062,06:44:03,9,353000,3177000,CUS 2952,KMR 002,MP 06,ST 004,LOK 015,CI 0525,CO 0535
RES002063,21:48:30,4,1212000,4848000,CUS 4030,KMR 003,MP 01,ST 003,LOK 011,CI 0823,CO 0831
RES002064,23:47:30,2,472000,944000,CUS 1397,KMR 004,MP 06,ST 003,LOK 019,CI 1066,CO 1070
RES002065,09:33:36,1,391000,391000,CUS 1591,KMR 002,MP 06,ST 004,LOK 008,CI 0848,CO 0851
RES002067,12:36:30,7,514000,3598000,CUS 3415,KMR 004,MP 05,ST 001,LOK 016,CI 0898,CO 0906
RES002068,02:58:54,9,354000,3186000,CUS 1789,KMR 002,MP 01,ST 003,LOK 013,CI 0519,CO 0529
RES002069,04:40:24,2,1131000,2262000,CUS 1966,KMR 003,MP 04,ST 003,LOK 011,CI 1023,CO 1028
RES002070,10:47:06,2,514000,1028000,CUS 0570,KMR 004,MP 03,ST 003,LOK 016,CI 0663,CO 0666
RES002071,20:05:01,8,317000,2536000,CUS 3913,KMR 002,MP 02,ST 003,LOK 008,CI 0704,CO 0714
RES002072,17:15:31,8,323000,2584000,CUS 2748,KMR 002,MP 03,ST 003,LOK 004,CI 0874,CO 0883
RES002073,00:29:45,7,391000,2737000,CUS 2645,KMR 002,MP 03,ST 003,LOK 010,CI 0033,CO 0040
RES002074,19:53:47,2,609000,1218000,CUS 0240,KMR 001,MP 06,ST 004,LOK 019,CI 0919,CO 0923
RES002076,22:07:52,8,1285000,10280000,CUS 1990,KMR 003,MP 04,ST 003,LOK 016,CI 0593,CO 0601
RES002077,05:37:44,8,458000,3664000,CUS 0254,KMR 004,MP 04,ST 002,LOK 002,CI 0017,CO 0024
RES002078,06:10:26,7,613000,4291000,CUS 1448,KMR 001,MP 02,ST 002,LOK 020,CI 0958,CO 0968
RES002079,01:01:18,4,597000,2388000,CUS 0878,KMR 001,MP 06,ST 003,LOK 011,CI 0123,CO 0127
RES002080,03:55:19,4,393000,1572000,CUS 0223,KMR 002,MP 03,ST 003,LOK 013,CI 0910,CO 0916
RES002081,08:33:47,7,364000,2548000,CUS 3824,KMR 002,MP 04,ST 004,LOK 003,CI 0064,CO 0071
RES002082,20:15:10,5,676000,3380000,CUS 2824,KMR 001,MP 06,ST 003,LOK 019,CI 0631,CO 0636
RES002083,19:41:29,5,628000,3140000,CUS 1047,KMR 001,MP 06,ST 004,LOK 009,CI 0324,CO 0328
RES002084,00:54:39,1,354000,354000,CUS 1409,KMR 002,MP 06,ST 003,LOK 007,CI 0491,CO 0494
RES002085,21:21:17,4,547000,2188000,CUS 2601,KMR 001,MP 05,ST 003,LOK 013,CI 0273,CO 0275
RES002086,15:58:36,4,675000,2700000,CUS 2305,KMR 001,MP 06,ST 002,LOK 008,CI 0201,CO 0205
RES002087,06:45:35,1,1091000,1091000,CUS 3063,KMR 003,MP 04,ST 002,LOK 005,CI 1010,CO 1014
RES002379,11:53:44,4,400000,1600000,CUS 1473,KMR 002,MP 01,ST 004,LOK 009,CI 0313,CO 0315
RES002090,19:09:58,8,317000,2536000,CUS 1104,KMR 002,MP 05,ST 004,LOK 011,CI 0997,CO 1008
RES002091,02:34:47,3,638000,1914000,CUS 3653,KMR 001,MP 06,ST 004,LOK 014,CI 0782,CO 0788
RES002092,14:43:11,6,504000,3024000,CUS 0175,KMR 004,MP 05,ST 003,LOK 011,CI 0115,CO 0121
RES002093,14:32:37,7,660000,4620000,CUS 1891,KMR 001,MP 05,ST 003,LOK 018,CI 0394,CO 0402
RES002094,22:39:13,3,454000,1362000,CUS 1703,KMR 004,MP 04,ST 004,LOK 001,CI 0749,CO 0754
RES002095,03:20:47,6,326000,1956000,CUS 3652,KMR 002,MP 02,ST 004,LOK 010,CI 0056,CO 0062
RES002096,02:39:33,9,323000,2907000,CUS 2369,KMR 002,MP 03,ST 003,LOK 018,CI 0492,CO 0502
RES002097,14:45:40,1,419000,419000,CUS 3107,KMR 004,MP 06,ST 004,LOK 016,CI 1003,CO 1007
RES002098,07:24:18,7,600000,4200000,CUS 0646,KMR 001,MP 03,ST 003,LOK 019,CI 0454,CO 0463
RES002099,23:17:36,4,678000,2712000,CUS 0025,KMR 001,MP 03,ST 003,LOK 001,CI 0220,CO 0223
RES002100,14:59:13,2,409000,818000,CUS 1189,KMR 004,MP 06,ST 003,LOK 006,CI 1072,CO 1076
RES002101,17:58:46,5,1084000,5420000,CUS 1655,KMR 003,MP 02,ST 003,LOK 019,CI 0554,CO 0559
RES002102,07:45:48,5,431000,2155000,CUS 3854,KMR 004,MP 06,ST 004,LOK 018,CI 0711,CO 0718
RES002103,17:04:53,4,1273000,5092000,CUS 3554,KMR 003,MP 06,ST 004,LOK 017,CI 0486,CO 0492
RES002104,08:33:04,5,587000,2935000,CUS 3481,KMR 001,MP 06,ST 004,LOK 003,CI 0047,CO 0052
RES002105,11:10:18,5,1197000,5985000,CUS 0139,KMR 003,MP 02,ST 004,LOK 015,CI 0374,CO 0380
RES002106,22:42:58,7,1352000,9464000,CUS 1305,KMR 003,MP 03,ST 004,LOK 017,CI 0211,CO 0217
RES002107,16:23:58,5,1313000,6565000,CUS 2394,KMR 003,MP 06,ST 004,LOK 019,CI 0859,CO 0866
RES002109,17:12:21,6,545000,3270000,CUS 2721,KMR 001,MP 02,ST 003,LOK 009,CI 0517,CO 0524
RES002110,22:47:15,6,665000,3990000,CUS 3625,KMR 001,MP 05,ST 003,LOK 015,CI 0715,CO 0724
RES002111,13:10:02,3,1321000,3963000,CUS 2595,KMR 003,MP 02,ST 004,LOK 016,CI 0521,CO 0525
RES002112,02:39:06,8,316000,2528000,CUS 1848,KMR 002,MP 02,ST 004,LOK 005,CI 0625,CO 0633
RES002113,04:34:20,1,1183000,1183000,CUS 2598,KMR 003,MP 06,ST 002,LOK 020,CI 0460,CO 0463
RES002114,22:35:36,1,1099000,1099000,CUS 2298,KMR 003,MP 02,ST 004,LOK 017,CI 0350,CO 0350
RES002115,19:52:34,9,1090000,9810000,CUS 1786,KMR 003,MP 02,ST 004,LOK 015,CI 0315,CO 0323
RES002116,14:53:32,5,382000,1910000,CUS 3793,KMR 002,MP 06,ST 001,LOK 012,CI 0517,CO 0523
RES002117,02:10:18,4,462000,1848000,CUS 2789,KMR 004,MP 04,ST 003,LOK 011,CI 0140,CO 0144
RES002118,14:45:26,3,1166000,3498000,CUS 0874,KMR 003,MP 02,ST 004,LOK 001,CI 1034,CO 1040
RES002119,03:33:20,2,1158000,2316000,CUS 2416,KMR 003,MP 01,ST 001,LOK 012,CI 0561,CO 0563
RES002120,01:04:03,8,449000,3592000,CUS 2655,KMR 004,MP 03,ST 003,LOK 010,CI 0922,CO 0932
RES002121,20:40:25,2,420000,840000,CUS 2360,KMR 004,MP 03,ST 002,LOK 003,CI 0408,CO 0412
RES002122,16:17:04,7,425000,2975000,CUS 1406,KMR 004,MP 05,ST 004,LOK 019,CI 0339,CO 0345
RES002123,15:43:27,8,1145000,9160000,CUS 3891,KMR 003,MP 02,ST 004,LOK 012,CI 0696,CO 0706
RES002124,09:20:40,1,489000,489000,CUS 2181,KMR 004,MP 06,ST 004,LOK 007,CI 0021,CO 0021
RES002125,06:33:17,7,492000,3444000,CUS 1728,KMR 004,MP 06,ST 002,LOK 009,CI 0183,CO 0191
RES002126,23:55:38,5,338000,1690000,CUS 1959,KMR 002,MP 06,ST 004,LOK 012,CI 0202,CO 0207
RES002127,11:36:08,8,452000,3616000,CUS 0897,KMR 004,MP 01,ST 004,LOK 016,CI 0680,CO 0689
RES002128,15:18:38,9,1083000,9747000,CUS 3851,KMR 003,MP 06,ST 003,LOK 018,CI 0579,CO 0588
RES002129,23:16:59,6,379000,2274000,CUS 2032,KMR 002,MP 01,ST 003,LOK 020,CI 0897,CO 0904
RES002130,04:10:05,4,360000,1440000,CUS 3285,KMR 002,MP 02,ST 004,LOK 011,CI 0618,CO 0622
RES002131,10:00:48,8,376000,3008000,CUS 2434,KMR 002,MP 03,ST 004,LOK 007,CI 0258,CO 0264
RES002132,18:31:39,6,338000,2028000,CUS 3205,KMR 002,MP 02,ST 004,LOK 004,CI 0395,CO 0402
RES002133,08:16:22,1,353000,353000,CUS 3598,KMR 002,MP 02,ST 004,LOK 003,CI 0961,CO 0965
RES002134,10:27:37,9,1363000,12267000,CUS 3287,KMR 003,MP 06,ST 003,LOK 020,CI 0799,CO 0812
RES002135,11:26:44,1,379000,379000,CUS 2653,KMR 002,MP 03,ST 003,LOK 018,CI 1017,CO 1021
RES002136,08:45:27,5,663000,3315000,CUS 3560,KMR 001,MP 05,ST 003,LOK 012,CI 0740,CO 0748
RES002137,13:24:29,6,565000,3390000,CUS 3081,KMR 001,MP 04,ST 001,LOK 007,CI 0712,CO 0720
RES002138,05:56:37,4,400000,1600000,CUS 0900,KMR 002,MP 06,ST 003,LOK 012,CI 0171,CO 0177
RES002139,07:18:57,4,1253000,5012000,CUS 1399,KMR 003,MP 01,ST 003,LOK 019,CI 0017,CO 0020
RES002140,23:05:13,5,637000,3185000,CUS 1878,KMR 001,MP 06,ST 004,LOK 006,CI 0386,CO 0392
RES002141,15:05:49,7,634000,4438000,CUS 0006,KMR 001,MP 03,ST 004,LOK 001,CI 0297,CO 0302
RES002142,16:17:43,1,372000,372000,CUS 2911,KMR 002,MP 06,ST 003,LOK 012,CI 0294,CO 0293
RES002143,06:54:56,7,331000,2317000,CUS 0311,KMR 002,MP 06,ST 003,LOK 017,CI 0500,CO 0508
RES002144,22:19:28,9,1357000,12213000,CUS 0258,KMR 003,MP 03,ST 001,LOK 004,CI 1060,CO 1071
RES002145,20:09:05,3,1156000,3468000,CUS 2929,KMR 003,MP 03,ST 003,LOK 010,CI 0672,CO 0676
RES002146,15:09:06,1,1165000,1165000,CUS 3908,KMR 003,MP 04,ST 002,LOK 009,CI 0360,CO 0359
RES002147,16:59:18,7,353000,2471000,CUS 0344,KMR 002,MP 04,ST 003,LOK 014,CI 0521,CO 0529
RES002148,22:07:35,5,661000,3305000,CUS 2128,KMR 001,MP 04,ST 002,LOK 016,CI 0765,CO 0772
RES002149,05:54:37,4,1159000,4636000,CUS 0805,KMR 003,MP 04,ST 004,LOK 012,CI 0507,CO 0512
RES002150,04:43:11,3,358000,1074000,CUS 2048,KMR 002,MP 03,ST 003,LOK 015,CI 0568,CO 0571
RES002151,21:52:16,1,668000,668000,CUS 3372,KMR 001,MP 03,ST 003,LOK 005,CI 0823,CO 0828
RES002152,21:04:24,5,515000,2575000,CUS 1352,KMR 004,MP 03,ST 004,LOK 002,CI 0140,CO 0145
RES002153,10:29:23,6,686000,4116000,CUS 0745,KMR 001,MP 06,ST 002,LOK 008,CI 0591,CO 0597
RES002154,02:08:15,8,634000,5072000,CUS 0247,KMR 001,MP 06,ST 001,LOK 013,CI 0147,CO 0155
RES002155,22:49:16,2,391000,782000,CUS 3593,KMR 002,MP 04,ST 001,LOK 016,CI 0267,CO 0267
RES002156,18:37:25,2,362000,724000,CUS 2077,KMR 002,MP 03,ST 003,LOK 006,CI 0553,CO 0555
RES002157,10:48:50,9,508000,4572000,CUS 0555,KMR 004,MP 06,ST 004,LOK 020,CI 1018,CO 1030
RES002158,20:56:50,3,425000,1275000,CUS 1193,KMR 004,MP 04,ST 001,LOK 014,CI 1011,CO 1017
RES002159,11:50:14,6,543000,3258000,CUS 4006,KMR 001,MP 06,ST 003,LOK 020,CI 0717,CO 0726
RES002160,07:41:46,1,341000,341000,CUS 1321,KMR 002,MP 06,ST 003,LOK 007,CI 0095,CO 0096
RES002161,16:29:23,1,358000,358000,CUS 2964,KMR 002,MP 06,ST 001,LOK 020,CI 0620,CO 0621
RES002162,11:58:49,9,450000,4050000,CUS 2299,KMR 004,MP 06,ST 003,LOK 011,CI 0452,CO 0463
RES002163,22:15:28,2,560000,1120000,CUS 1458,KMR 001,MP 05,ST 003,LOK 006,CI 0281,CO 0281
RES002164,15:32:23,8,575000,4600000,CUS 3611,KMR 001,MP 02,ST 002,LOK 019,CI 0815,CO 0827
RES002165,05:02:46,9,445000,4005000,CUS 1441,KMR 004,MP 01,ST 001,LOK 020,CI 0937,CO 0949
RES002166,04:16:18,4,367000,1468000,CUS 1646,KMR 002,MP 06,ST 003,LOK 012,CI 0466,CO 0471
RES002167,17:45:22,8,651000,5208000,CUS 1006,KMR 001,MP 06,ST 002,LOK 017,CI 0892,CO 0901
RES002168,02:46:57,9,352000,3168000,CUS 0051,KMR 002,MP 04,ST 001,LOK 008,CI 0140,CO 0149
RES002169,04:34:02,7,450000,3150000,CUS 1436,KMR 004,MP 04,ST 003,LOK 011,CI 0025,CO 0032
RES002170,08:32:53,1,611000,611000,CUS 1304,KMR 001,MP 02,ST 003,LOK 013,CI 0094,CO 0095
RES002171,05:18:03,5,381000,1905000,CUS 1854,KMR 002,MP 05,ST 004,LOK 014,CI 0263,CO 0266
RES002172,03:21:31,3,474000,1422000,CUS 0441,KMR 004,MP 05,ST 004,LOK 013,CI 0288,CO 0289
RES002173,08:26:06,3,461000,1383000,CUS 2729,KMR 004,MP 06,ST 004,LOK 007,CI 0017,CO 0019
RES002174,22:21:28,7,363000,2541000,CUS 0741,KMR 002,MP 03,ST 003,LOK 014,CI 0565,CO 0572
RES002175,01:49:48,9,596000,5364000,CUS 0814,KMR 001,MP 05,ST 003,LOK 007,CI 0190,CO 0200
RES002176,00:20:10,3,368000,1104000,CUS 1746,KMR 002,MP 02,ST 002,LOK 019,CI 0478,CO 0483
RES002177,17:37:11,1,1331000,1331000,CUS 0421,KMR 003,MP 06,ST 004,LOK 005,CI 0694,CO 0697
RES002178,20:34:40,3,602000,1806000,CUS 0913,KMR 001,MP 06,ST 004,LOK 020,CI 0889,CO 0893
RES002179,23:24:47,4,487000,1948000,CUS 0100,KMR 004,MP 05,ST 002,LOK 013,CI 0038,CO 0042
RES002180,21:28:06,1,356000,356000,CUS 1414,KMR 002,MP 06,ST 004,LOK 004,CI 0440,CO 0443
RES002181,22:51:56,5,338000,1690000,CUS 3771,KMR 002,MP 02,ST 004,LOK 017,CI 0268,CO 0271
RES002182,03:23:03,1,454000,454000,CUS 2078,KMR 004,MP 06,ST 003,LOK 007,CI 1018,CO 1022
RES002183,21:22:28,3,468000,1404000,CUS 0641,KMR 004,MP 06,ST 003,LOK 020,CI 0387,CO 0391
RES002184,00:27:18,1,1147000,1147000,CUS 0640,KMR 003,MP 02,ST 001,LOK 001,CI 0365,CO 0365
RES002185,13:52:40,2,461000,922000,CUS 3351,KMR 004,MP 01,ST 002,LOK 005,CI 1035,CO 1040
RES002186,09:10:20,2,349000,698000,CUS 2357,KMR 002,MP 01,ST 004,LOK 017,CI 0022,CO 0024
RES002187,07:03:12,2,1280000,2560000,CUS 3341,KMR 003,MP 01,ST 003,LOK 015,CI 0211,CO 0212
RES002188,15:27:34,6,661000,3966000,CUS 2265,KMR 001,MP 05,ST 003,LOK 002,CI 0751,CO 0759
RES002525,02:42:48,5,508000,2540000,CUS 1775,KMR 004,MP 01,ST 002,LOK 016,CI 0834,CO 0842
RES002190,01:14:09,7,316000,2212000,CUS 2763,KMR 002,MP 05,ST 003,LOK 020,CI 0447,CO 0456
RES002191,16:08:42,3,410000,1230000,CUS 1556,KMR 004,MP 06,ST 004,LOK 007,CI 1025,CO 1031
RES002192,16:26:51,9,324000,2916000,CUS 1931,KMR 002,MP 04,ST 003,LOK 017,CI 0114,CO 0123
RES002193,13:18:36,4,355000,1420000,CUS 1801,KMR 002,MP 06,ST 004,LOK 011,CI 0171,CO 0177
RES002194,18:01:24,5,1120000,5600000,CUS 0727,KMR 003,MP 01,ST 004,LOK 002,CI 0735,CO 0743
RES002195,11:19:52,5,393000,1965000,CUS 1805,KMR 002,MP 02,ST 003,LOK 009,CI 0379,CO 0385
RES002196,16:49:04,4,552000,2208000,CUS 0457,KMR 001,MP 03,ST 004,LOK 015,CI 0187,CO 0192
RES002197,22:21:03,2,619000,1238000,CUS 0452,KMR 001,MP 03,ST 003,LOK 016,CI 0523,CO 0526
RES002198,09:43:58,3,573000,1719000,CUS 0042,KMR 001,MP 04,ST 003,LOK 007,CI 0024,CO 0027
RES002199,07:17:21,4,609000,2436000,CUS 2745,KMR 001,MP 03,ST 004,LOK 007,CI 0979,CO 0986
RES002200,15:48:29,3,668000,2004000,CUS 0094,KMR 001,MP 05,ST 003,LOK 010,CI 0165,CO 0169
RES002201,19:16:19,1,689000,689000,CUS 2934,KMR 001,MP 02,ST 003,LOK 014,CI 0940,CO 0944
RES002202,18:52:42,3,1327000,3981000,CUS 3114,KMR 003,MP 01,ST 002,LOK 006,CI 0939,CO 0945
RES002203,00:36:44,4,369000,1476000,CUS 2784,KMR 002,MP 02,ST 004,LOK 013,CI 0496,CO 0501
RES002204,19:29:57,9,627000,5643000,CUS 0757,KMR 001,MP 06,ST 003,LOK 012,CI 0936,CO 0948
RES002205,19:29:58,7,454000,3178000,CUS 0037,KMR 004,MP 04,ST 003,LOK 011,CI 0600,CO 0607
RES002206,21:55:58,2,653000,1306000,CUS 3540,KMR 001,MP 05,ST 001,LOK 007,CI 0521,CO 0524
RES002207,22:47:41,7,1166000,8162000,CUS 0139,KMR 003,MP 02,ST 004,LOK 010,CI 0116,CO 0123
RES002208,21:26:35,3,497000,1491000,CUS 0985,KMR 004,MP 06,ST 004,LOK 012,CI 0286,CO 0287
RES002209,23:31:14,3,388000,1164000,CUS 2378,KMR 002,MP 05,ST 004,LOK 016,CI 0854,CO 0859
RES002210,23:42:47,3,689000,2067000,CUS 3670,KMR 001,MP 06,ST 001,LOK 008,CI 0241,CO 0242
RES002211,04:12:07,8,350000,2800000,CUS 3568,KMR 002,MP 06,ST 003,LOK 006,CI 0521,CO 0530
RES002212,12:05:10,2,400000,800000,CUS 1795,KMR 002,MP 05,ST 004,LOK 019,CI 0625,CO 0627
RES002213,14:09:50,8,502000,4016000,CUS 1901,KMR 004,MP 05,ST 003,LOK 018,CI 0668,CO 0677
RES002214,18:47:37,6,584000,3504000,CUS 2913,KMR 001,MP 06,ST 003,LOK 014,CI 0701,CO 0709
RES002215,03:28:37,6,1303000,7818000,CUS 1155,KMR 003,MP 06,ST 003,LOK 004,CI 0180,CO 0187
RES002216,03:23:29,5,610000,3050000,CUS 1955,KMR 001,MP 06,ST 003,LOK 002,CI 0618,CO 0623
RES002217,12:41:24,8,1361000,10888000,CUS 0139,KMR 003,MP 04,ST 003,LOK 002,CI 0948,CO 0959
RES002218,21:15:05,8,500000,4000000,CUS 0398,KMR 004,MP 03,ST 004,LOK 012,CI 0795,CO 0807
RES002219,23:20:37,3,381000,1143000,CUS 2678,KMR 002,MP 06,ST 002,LOK 006,CI 0189,CO 0193
RES002220,07:55:11,9,1225000,11025000,CUS 3901,KMR 003,MP 05,ST 004,LOK 017,CI 0683,CO 0694
RES002221,22:33:01,1,461000,461000,CUS 3497,KMR 004,MP 03,ST 003,LOK 005,CI 0017,CO 0017
RES002222,02:35:12,1,676000,676000,CUS 0395,KMR 001,MP 03,ST 001,LOK 012,CI 0115,CO 0116
RES002223,01:57:04,8,511000,4088000,CUS 3975,KMR 004,MP 02,ST 003,LOK 001,CI 0557,CO 0565
RES002224,13:43:34,6,1128000,6768000,CUS 3718,KMR 003,MP 02,ST 004,LOK 007,CI 0243,CO 0247
RES002225,17:22:18,3,1339000,4017000,CUS 1723,KMR 003,MP 01,ST 002,LOK 008,CI 0774,CO 0780
RES002226,18:36:27,2,545000,1090000,CUS 0400,KMR 001,MP 06,ST 002,LOK 006,CI 1020,CO 1025
RES002227,17:49:15,2,420000,840000,CUS 0647,KMR 004,MP 05,ST 004,LOK 005,CI 0924,CO 0928
RES002228,07:03:42,7,333000,2331000,CUS 3139,KMR 002,MP 02,ST 003,LOK 020,CI 0030,CO 0037
RES002229,03:17:47,8,333000,2664000,CUS 3234,KMR 002,MP 02,ST 004,LOK 020,CI 0957,CO 0968
RES002230,14:03:19,6,1335000,8010000,CUS 3511,KMR 003,MP 03,ST 003,LOK 002,CI 0546,CO 0552
RES002231,03:49:19,3,652000,1956000,CUS 3662,KMR 001,MP 02,ST 004,LOK 001,CI 0598,CO 0601
RES002232,14:01:11,3,1257000,3771000,CUS 1368,KMR 003,MP 05,ST 002,LOK 016,CI 0117,CO 0120
RES002233,04:46:34,2,541000,1082000,CUS 0927,KMR 001,MP 01,ST 003,LOK 019,CI 1040,CO 1045
RES002234,22:53:41,7,398000,2786000,CUS 0139,KMR 002,MP 04,ST 004,LOK 002,CI 0898,CO 0906
RES002235,12:45:15,5,1181000,5905000,CUS 3414,KMR 003,MP 05,ST 003,LOK 017,CI 0230,CO 0234
RES002236,00:58:48,7,547000,3829000,CUS 3905,KMR 001,MP 02,ST 004,LOK 005,CI 0224,CO 0230
RES002237,11:13:03,7,588000,4116000,CUS 3801,KMR 001,MP 01,ST 003,LOK 001,CI 0110,CO 0117
RES002238,08:57:30,8,616000,4928000,CUS 2658,KMR 001,MP 06,ST 003,LOK 017,CI 0373,CO 0381
RES002239,07:26:25,1,507000,507000,CUS 0351,KMR 004,MP 06,ST 004,LOK 019,CI 0717,CO 0721
RES002240,07:52:50,1,578000,578000,CUS 0768,KMR 001,MP 02,ST 004,LOK 015,CI 0124,CO 0125
RES002241,03:59:16,6,1131000,6786000,CUS 1995,KMR 003,MP 06,ST 002,LOK 012,CI 1024,CO 1033
RES002242,00:58:39,4,624000,2496000,CUS 0151,KMR 001,MP 04,ST 003,LOK 009,CI 0221,CO 0224
RES002243,22:58:48,2,1160000,2320000,CUS 1074,KMR 003,MP 06,ST 003,LOK 009,CI 0799,CO 0805
RES002244,03:56:13,8,1227000,9816000,CUS 3222,KMR 003,MP 05,ST 003,LOK 006,CI 0630,CO 0638
RES002245,00:34:10,1,469000,469000,CUS 2682,KMR 004,MP 01,ST 004,LOK 008,CI 0755,CO 0758
RES002246,08:55:54,3,333000,999000,CUS 1844,KMR 002,MP 01,ST 003,LOK 008,CI 0161,CO 0165
RES002247,19:31:10,6,1369000,8214000,CUS 4036,KMR 003,MP 03,ST 003,LOK 012,CI 0249,CO 0253
RES002248,16:53:52,6,637000,3822000,CUS 0139,KMR 001,MP 06,ST 003,LOK 014,CI 0820,CO 0830
RES002249,07:52:48,9,463000,4167000,CUS 1370,KMR 004,MP 01,ST 004,LOK 001,CI 0757,CO 0768
RES002251,08:56:54,2,614000,1228000,CUS 0977,KMR 001,MP 05,ST 004,LOK 004,CI 0234,CO 0235
RES002252,00:26:20,7,377000,2639000,CUS 0657,KMR 002,MP 05,ST 004,LOK 004,CI 0597,CO 0604
RES002253,02:07:03,9,471000,4239000,CUS 3404,KMR 004,MP 06,ST 004,LOK 003,CI 0695,CO 0706
RES002254,21:03:01,7,1171000,8197000,CUS 3950,KMR 003,MP 04,ST 003,LOK 010,CI 0767,CO 0776
RES002255,15:07:55,7,478000,3346000,CUS 3119,KMR 004,MP 03,ST 001,LOK 020,CI 0577,CO 0584
RES002256,21:10:00,5,1160000,5800000,CUS 2318,KMR 003,MP 06,ST 003,LOK 007,CI 0558,CO 0563
RES002257,07:21:56,8,1215000,9720000,CUS 0788,KMR 003,MP 04,ST 002,LOK 001,CI 0469,CO 0478
RES002258,05:42:04,8,1298000,10384000,CUS 2977,KMR 003,MP 06,ST 004,LOK 003,CI 1054,CO 1064
RES002259,12:11:12,2,419000,838000,CUS 3256,KMR 004,MP 02,ST 004,LOK 014,CI 0771,CO 0775
RES002260,02:59:47,4,336000,1344000,CUS 4160,KMR 002,MP 06,ST 003,LOK 010,CI 0086,CO 0090
RES002261,19:15:02,2,466000,932000,CUS 2711,KMR 004,MP 04,ST 003,LOK 007,CI 0245,CO 0245
RES002262,13:30:53,6,415000,2490000,CUS 2313,KMR 004,MP 03,ST 004,LOK 020,CI 0882,CO 0889
RES002263,23:44:53,9,1246000,11214000,CUS 2232,KMR 003,MP 05,ST 003,LOK 017,CI 0295,CO 0302
RES002264,15:47:27,3,573000,1719000,CUS 2335,KMR 001,MP 01,ST 003,LOK 011,CI 0136,CO 0139
RES002265,16:40:11,1,680000,680000,CUS 0193,KMR 001,MP 06,ST 004,LOK 005,CI 0056,CO 0057
RES002266,07:16:31,5,360000,1800000,CUS 0641,KMR 002,MP 06,ST 004,LOK 006,CI 0906,CO 0912
RES002267,07:07:32,5,1176000,5880000,CUS 2374,KMR 003,MP 06,ST 004,LOK 011,CI 0504,CO 0510
RES002268,04:52:27,5,656000,3280000,CUS 2881,KMR 001,MP 03,ST 002,LOK 016,CI 0079,CO 0084
RES002269,08:40:40,6,487000,2922000,CUS 1970,KMR 004,MP 02,ST 004,LOK 011,CI 0881,CO 0888
RES002270,03:14:06,7,611000,4277000,CUS 0866,KMR 001,MP 06,ST 004,LOK 015,CI 0392,CO 0400
RES002271,14:10:42,4,1358000,5432000,CUS 0735,KMR 003,MP 02,ST 002,LOK 003,CI 0079,CO 0083
RES002272,23:56:59,5,384000,1920000,CUS 0800,KMR 002,MP 02,ST 003,LOK 017,CI 0285,CO 0288
RES002273,08:23:26,8,616000,4928000,CUS 0098,KMR 001,MP 04,ST 004,LOK 018,CI 0427,CO 0437
RES002274,08:25:56,6,381000,2286000,CUS 0829,KMR 002,MP 06,ST 003,LOK 012,CI 0557,CO 0563
RES002275,07:38:51,2,338000,676000,CUS 3520,KMR 002,MP 02,ST 001,LOK 004,CI 0861,CO 0865
RES002276,01:06:07,2,1293000,2586000,CUS 3834,KMR 003,MP 03,ST 004,LOK 005,CI 0466,CO 0469
RES002277,01:03:35,2,662000,1324000,CUS 0822,KMR 001,MP 05,ST 004,LOK 017,CI 0562,CO 0564
RES002278,03:00:27,5,1149000,5745000,CUS 3916,KMR 003,MP 01,ST 003,LOK 018,CI 0002,CO 0007
RES002279,01:32:06,5,394000,1970000,CUS 0055,KMR 002,MP 05,ST 003,LOK 003,CI 0377,CO 0383
RES002280,10:17:57,3,548000,1644000,CUS 1925,KMR 001,MP 01,ST 004,LOK 007,CI 0328,CO 0330
RES002281,16:57:18,8,596000,4768000,CUS 0316,KMR 001,MP 01,ST 004,LOK 003,CI 0119,CO 0127
RES002282,01:16:57,9,508000,4572000,CUS 1820,KMR 004,MP 01,ST 001,LOK 014,CI 0879,CO 0889
RES002283,20:13:13,2,1266000,2532000,CUS 2405,KMR 003,MP 05,ST 004,LOK 014,CI 0081,CO 0083
RES002284,06:39:29,1,340000,340000,CUS 3538,KMR 002,MP 02,ST 003,LOK 008,CI 0812,CO 0817
RES002285,07:01:50,2,1139000,2278000,CUS 0139,KMR 003,MP 05,ST 002,LOK 019,CI 0485,CO 0489
RES002286,06:00:16,5,1225000,6125000,CUS 0976,KMR 003,MP 03,ST 003,LOK 010,CI 0655,CO 0661
RES003967,22:52:29,9,497000,4473000,CUS 2796,KMR 004,MP 04,ST 004,LOK 019,CI 0415,CO 0426
RES002288,04:28:17,6,1257000,7542000,CUS 0139,KMR 003,MP 03,ST 004,LOK 020,CI 0660,CO 0667
RES002290,18:30:41,2,461000,922000,CUS 0597,KMR 004,MP 04,ST 003,LOK 010,CI 0238,CO 0238
RES002291,19:59:27,9,657000,5913000,CUS 3961,KMR 001,MP 01,ST 004,LOK 006,CI 0305,CO 0312
RES002292,19:10:06,2,425000,850000,CUS 2487,KMR 004,MP 06,ST 004,LOK 020,CI 0413,CO 0417
RES002293,09:31:16,3,492000,1476000,CUS 0675,KMR 004,MP 03,ST 004,LOK 014,CI 0454,CO 0459
RES002294,12:41:17,3,366000,1098000,CUS 1600,KMR 002,MP 01,ST 003,LOK 010,CI 0051,CO 0054
RES002295,22:49:17,5,1377000,6885000,CUS 0903,KMR 003,MP 01,ST 004,LOK 006,CI 0401,CO 0407
RES002296,06:41:14,9,385000,3465000,CUS 3624,KMR 002,MP 01,ST 004,LOK 008,CI 0140,CO 0149
RES002297,08:38:04,6,1271000,7626000,CUS 2120,KMR 003,MP 06,ST 004,LOK 002,CI 0862,CO 0870
RES002298,11:32:28,9,658000,5922000,CUS 2122,KMR 001,MP 06,ST 002,LOK 003,CI 0696,CO 0707
RES002299,11:42:50,8,347000,2776000,CUS 0686,KMR 002,MP 06,ST 003,LOK 011,CI 0548,CO 0556
RES002300,07:01:57,6,510000,3060000,CUS 4162,KMR 004,MP 05,ST 003,LOK 010,CI 0696,CO 0704
RES002301,18:29:03,8,489000,3912000,CUS 3123,KMR 004,MP 06,ST 003,LOK 004,CI 0243,CO 0249
RES002302,02:55:10,8,350000,2800000,CUS 1081,KMR 002,MP 03,ST 002,LOK 017,CI 0454,CO 0464
RES002303,00:14:38,8,407000,3256000,CUS 1053,KMR 004,MP 06,ST 002,LOK 014,CI 0512,CO 0521
RES002304,07:11:03,1,1253000,1253000,CUS 3376,KMR 003,MP 05,ST 003,LOK 008,CI 0412,CO 0415
RES002305,16:32:18,1,386000,386000,CUS 1837,KMR 002,MP 02,ST 004,LOK 016,CI 1069,CO 1072
RES002306,08:03:02,8,499000,3992000,CUS 2182,KMR 004,MP 06,ST 004,LOK 008,CI 0579,CO 0587
RES002307,20:52:35,8,391000,3128000,CUS 2650,KMR 002,MP 06,ST 004,LOK 015,CI 0724,CO 0735
RES002308,03:09:53,2,435000,870000,CUS 2624,KMR 004,MP 04,ST 004,LOK 011,CI 0681,CO 0684
RES002309,00:24:47,8,317000,2536000,CUS 1113,KMR 002,MP 06,ST 003,LOK 005,CI 0612,CO 0620
RES002310,22:54:03,5,1164000,5820000,CUS 0598,KMR 003,MP 01,ST 004,LOK 002,CI 1059,CO 1066
RES002311,19:58:59,3,1276000,3828000,CUS 1989,KMR 003,MP 02,ST 004,LOK 012,CI 0195,CO 0199
RES002312,14:52:42,6,320000,1920000,CUS 0806,KMR 002,MP 01,ST 004,LOK 008,CI 0699,CO 0707
RES002313,05:50:39,2,431000,862000,CUS 0139,KMR 004,MP 06,ST 004,LOK 007,CI 0684,CO 0688
RES002314,08:22:32,4,673000,2692000,CUS 3262,KMR 001,MP 04,ST 002,LOK 019,CI 1011,CO 1018
RES002315,13:46:53,2,1238000,2476000,CUS 0625,KMR 003,MP 06,ST 004,LOK 011,CI 0664,CO 0667
RES002316,08:03:34,5,1319000,6595000,CUS 2376,KMR 003,MP 02,ST 001,LOK 019,CI 0177,CO 0183
RES002317,10:58:23,7,627000,4389000,CUS 1853,KMR 001,MP 05,ST 003,LOK 014,CI 1066,CO 1075
RES002318,17:02:50,2,410000,820000,CUS 2263,KMR 004,MP 06,ST 004,LOK 004,CI 0944,CO 0949
RES002319,14:52:49,7,615000,4305000,CUS 3207,KMR 001,MP 05,ST 004,LOK 007,CI 0259,CO 0264
RES002320,17:59:02,1,608000,608000,CUS 0176,KMR 001,MP 03,ST 004,LOK 011,CI 0506,CO 0508
RES002321,07:31:33,6,473000,2838000,CUS 1555,KMR 004,MP 02,ST 002,LOK 016,CI 0546,CO 0552
RES002322,11:42:42,6,1120000,6720000,CUS 1541,KMR 003,MP 04,ST 001,LOK 006,CI 0565,CO 0571
RES002323,01:41:38,3,623000,1869000,CUS 3714,KMR 001,MP 04,ST 004,LOK 008,CI 0174,CO 0179
RES002324,10:16:51,8,409000,3272000,CUS 0961,KMR 004,MP 05,ST 003,LOK 016,CI 0418,CO 0428
RES002325,01:05:30,3,473000,1419000,CUS 0841,KMR 004,MP 02,ST 002,LOK 001,CI 0110,CO 0113
RES002326,21:35:38,1,1085000,1085000,CUS 3258,KMR 003,MP 06,ST 003,LOK 006,CI 0474,CO 0477
RES002327,08:20:17,8,1225000,9800000,CUS 1829,KMR 003,MP 06,ST 003,LOK 002,CI 0244,CO 0250
RES002328,02:15:30,8,337000,2696000,CUS 0139,KMR 002,MP 04,ST 003,LOK 010,CI 0617,CO 0625
RES002329,17:14:00,1,412000,412000,CUS 2508,KMR 004,MP 06,ST 002,LOK 005,CI 0660,CO 0662
RES002330,01:32:03,9,1372000,12348000,CUS 3111,KMR 003,MP 04,ST 004,LOK 016,CI 0207,CO 0215
RES002331,06:27:16,4,1212000,4848000,CUS 0952,KMR 003,MP 06,ST 004,LOK 018,CI 0653,CO 0658
RES002332,22:36:42,7,328000,2296000,CUS 2725,KMR 002,MP 03,ST 004,LOK 002,CI 0577,CO 0584
RES002333,01:07:52,4,1234000,4936000,CUS 1415,KMR 003,MP 04,ST 004,LOK 004,CI 0845,CO 0851
RES002334,04:55:47,2,682000,1364000,CUS 3040,KMR 001,MP 03,ST 003,LOK 003,CI 0102,CO 0104
RES002335,10:44:14,3,349000,1047000,CUS 1634,KMR 002,MP 05,ST 004,LOK 003,CI 0343,CO 0345
RES002336,01:04:55,8,352000,2816000,CUS 4054,KMR 002,MP 04,ST 004,LOK 007,CI 0324,CO 0331
RES002337,03:58:23,1,501000,501000,CUS 3759,KMR 004,MP 03,ST 004,LOK 013,CI 0876,CO 0879
RES002338,21:16:45,6,596000,3576000,CUS 3705,KMR 001,MP 04,ST 003,LOK 014,CI 0489,CO 0497
RES002339,13:02:18,1,1209000,1209000,CUS 3795,KMR 003,MP 01,ST 003,LOK 006,CI 0229,CO 0229
RES002340,17:32:09,9,323000,2907000,CUS 0490,KMR 002,MP 05,ST 004,LOK 006,CI 0511,CO 0521
RES002341,10:33:29,4,601000,2404000,CUS 1490,KMR 001,MP 05,ST 004,LOK 004,CI 0261,CO 0263
RES002342,13:36:57,9,398000,3582000,CUS 3035,KMR 002,MP 06,ST 003,LOK 018,CI 0645,CO 0654
RES002343,17:36:13,4,665000,2660000,CUS 0048,KMR 001,MP 06,ST 003,LOK 008,CI 0191,CO 0196
RES002344,16:45:10,3,1185000,3555000,CUS 0139,KMR 003,MP 06,ST 004,LOK 010,CI 0387,CO 0391
RES002345,17:58:26,5,580000,2900000,CUS 3421,KMR 001,MP 06,ST 003,LOK 004,CI 0694,CO 0701
RES002346,03:42:14,3,388000,1164000,CUS 1905,KMR 002,MP 03,ST 004,LOK 008,CI 0037,CO 0040
RES002347,06:34:20,9,671000,6039000,CUS 2817,KMR 001,MP 05,ST 003,LOK 002,CI 0886,CO 0896
RES002348,22:33:07,5,676000,3380000,CUS 2428,KMR 001,MP 06,ST 003,LOK 010,CI 0027,CO 0032
RES002349,09:53:32,7,383000,2681000,CUS 3046,KMR 002,MP 02,ST 004,LOK 015,CI 0317,CO 0323
RES002350,04:13:26,2,1291000,2582000,CUS 3270,KMR 003,MP 05,ST 003,LOK 002,CI 0115,CO 0117
RES002351,09:30:02,3,377000,1131000,CUS 2216,KMR 002,MP 04,ST 003,LOK 011,CI 0581,CO 0584
RES002352,11:49:41,8,620000,4960000,CUS 3633,KMR 001,MP 06,ST 004,LOK 005,CI 0089,CO 0097
RES002353,01:37:47,5,369000,1845000,CUS 3227,KMR 002,MP 06,ST 001,LOK 002,CI 0481,CO 0488
RES002354,19:31:44,1,446000,446000,CUS 3587,KMR 004,MP 02,ST 003,LOK 019,CI 0955,CO 0959
RES002355,06:12:57,1,583000,583000,CUS 0986,KMR 001,MP 01,ST 004,LOK 008,CI 0154,CO 0156
RES003666,15:55:03,3,1225000,3675000,CUS 2747,KMR 003,MP 02,ST 004,LOK 010,CI 0663,CO 0667
RES002357,05:58:41,4,633000,2532000,CUS 1261,KMR 001,MP 05,ST 004,LOK 010,CI 0342,CO 0345
RES002358,07:08:51,1,1097000,1097000,CUS 0652,KMR 003,MP 06,ST 003,LOK 015,CI 0143,CO 0144
RES002359,07:42:19,3,497000,1491000,CUS 1565,KMR 004,MP 03,ST 004,LOK 007,CI 0405,CO 0409
RES002360,05:58:03,8,640000,5120000,CUS 0955,KMR 001,MP 03,ST 004,LOK 003,CI 0611,CO 0619
RES002361,08:11:35,2,543000,1086000,CUS 1389,KMR 001,MP 02,ST 003,LOK 005,CI 0658,CO 0661
RES002362,05:10:29,8,1098000,8784000,CUS 1379,KMR 003,MP 04,ST 004,LOK 013,CI 0681,CO 0690
RES002363,09:56:40,7,318000,2226000,CUS 3666,KMR 002,MP 05,ST 001,LOK 006,CI 0239,CO 0244
RES002364,07:57:29,2,1255000,2510000,CUS 0572,KMR 003,MP 01,ST 004,LOK 020,CI 0523,CO 0526
RES002365,14:10:49,9,364000,3276000,CUS 1973,KMR 002,MP 04,ST 003,LOK 017,CI 0215,CO 0223
RES002366,02:04:34,8,419000,3352000,CUS 0243,KMR 004,MP 04,ST 001,LOK 004,CI 0672,CO 0681
RES002367,07:19:40,9,318000,2862000,CUS 3488,KMR 002,MP 02,ST 001,LOK 020,CI 0954,CO 0966
RES002368,05:43:00,2,584000,1168000,CUS 3571,KMR 001,MP 06,ST 004,LOK 002,CI 0575,CO 0577
RES002369,09:35:35,7,501000,3507000,CUS 3930,KMR 004,MP 02,ST 002,LOK 014,CI 0511,CO 0519
RES002370,07:04:49,2,1286000,2572000,CUS 2400,KMR 003,MP 02,ST 004,LOK 002,CI 0584,CO 0587
RES002371,23:18:34,5,1152000,5760000,CUS 1903,KMR 003,MP 06,ST 003,LOK 011,CI 0587,CO 0592
RES002372,20:15:14,8,1352000,10816000,CUS 3153,KMR 003,MP 03,ST 004,LOK 001,CI 0686,CO 0696
RES002373,12:38:14,9,605000,5445000,CUS 1158,KMR 001,MP 01,ST 004,LOK 007,CI 0625,CO 0634
RES002374,22:12:02,1,387000,387000,CUS 0139,KMR 002,MP 05,ST 004,LOK 007,CI 0002,CO 0003
RES002375,19:36:37,1,1090000,1090000,CUS 1630,KMR 003,MP 03,ST 004,LOK 020,CI 0633,CO 0634
RES002376,04:03:38,8,349000,2792000,CUS 0568,KMR 002,MP 03,ST 004,LOK 003,CI 0567,CO 0575
RES002377,17:52:34,6,665000,3990000,CUS 1885,KMR 001,MP 02,ST 001,LOK 001,CI 0544,CO 0550
RES002378,23:39:00,1,1236000,1236000,CUS 1894,KMR 003,MP 05,ST 004,LOK 014,CI 0743,CO 0747
RES002380,06:57:24,7,399000,2793000,CUS 3413,KMR 002,MP 03,ST 002,LOK 009,CI 0759,CO 0768
RES002381,10:21:14,1,1373000,1373000,CUS 2585,KMR 003,MP 06,ST 003,LOK 014,CI 0145,CO 0146
RES002382,09:28:18,2,673000,1346000,CUS 4152,KMR 001,MP 01,ST 003,LOK 013,CI 0786,CO 0791
RES002383,03:12:30,5,359000,1795000,CUS 3321,KMR 002,MP 05,ST 003,LOK 016,CI 0593,CO 0598
RES002384,02:07:04,2,317000,634000,CUS 3698,KMR 002,MP 04,ST 003,LOK 020,CI 0266,CO 0266
RES002385,13:16:46,6,508000,3048000,CUS 3300,KMR 004,MP 02,ST 004,LOK 009,CI 1018,CO 1027
RES002386,06:32:19,8,1123000,8984000,CUS 1737,KMR 003,MP 03,ST 004,LOK 012,CI 0553,CO 0561
RES002387,01:41:32,1,574000,574000,CUS 0786,KMR 001,MP 03,ST 004,LOK 019,CI 0473,CO 0476
RES002832,17:21:57,1,1089000,1089000,CUS 1287,KMR 003,MP 01,ST 003,LOK 013,CI 0249,CO 0248
RES002389,16:54:58,9,1146000,10314000,CUS 3924,KMR 003,MP 01,ST 001,LOK 018,CI 0566,CO 0575
RES002390,21:54:29,2,675000,1350000,CUS 0202,KMR 001,MP 02,ST 003,LOK 015,CI 0152,CO 0155
RES002391,18:06:07,6,400000,2400000,CUS 0463,KMR 002,MP 03,ST 003,LOK 019,CI 1025,CO 1034
RES002392,16:14:12,8,349000,2792000,CUS 1910,KMR 002,MP 02,ST 001,LOK 018,CI 0450,CO 0460
RES002393,16:35:11,5,1321000,6605000,CUS 2438,KMR 003,MP 06,ST 004,LOK 010,CI 1038,CO 1046
RES002394,16:02:55,8,467000,3736000,CUS 2568,KMR 004,MP 06,ST 001,LOK 017,CI 0166,CO 0175
RES002395,09:25:32,4,398000,1592000,CUS 3894,KMR 002,MP 02,ST 004,LOK 015,CI 0998,CO 1005
RES002396,16:26:16,1,615000,615000,CUS 3282,KMR 001,MP 04,ST 003,LOK 011,CI 0489,CO 0492
RES002397,13:32:09,8,687000,5496000,CUS 0281,KMR 001,MP 06,ST 003,LOK 010,CI 0711,CO 0721
RES002398,23:59:51,8,407000,3256000,CUS 3860,KMR 004,MP 04,ST 004,LOK 003,CI 0060,CO 0068
RES002399,22:18:21,5,1111000,5555000,CUS 2410,KMR 003,MP 02,ST 004,LOK 006,CI 0572,CO 0577
RES002400,08:24:04,7,630000,4410000,CUS 2960,KMR 001,MP 04,ST 003,LOK 003,CI 0470,CO 0478
RES002401,05:25:36,6,325000,1950000,CUS 3022,KMR 002,MP 06,ST 001,LOK 004,CI 0991,CO 1000
RES002402,15:15:59,1,1242000,1242000,CUS 1575,KMR 003,MP 02,ST 003,LOK 008,CI 0025,CO 0026
RES002403,00:23:44,8,451000,3608000,CUS 0770,KMR 004,MP 02,ST 003,LOK 013,CI 0875,CO 0884
RES002404,14:38:51,6,318000,1908000,CUS 3649,KMR 002,MP 02,ST 003,LOK 011,CI 0895,CO 0902
RES002405,11:52:43,5,1219000,6095000,CUS 0456,KMR 003,MP 05,ST 003,LOK 002,CI 0542,CO 0547
RES002406,13:07:00,2,468000,936000,CUS 3055,KMR 004,MP 04,ST 003,LOK 009,CI 0196,CO 0199
RES002407,01:27:55,8,614000,4912000,CUS 3363,KMR 001,MP 01,ST 004,LOK 004,CI 0256,CO 0262
RES002408,18:37:36,2,361000,722000,CUS 3929,KMR 002,MP 02,ST 003,LOK 001,CI 0596,CO 0598
RES002409,18:34:08,3,1298000,3894000,CUS 0211,KMR 003,MP 02,ST 003,LOK 012,CI 0969,CO 0976
RES002410,10:12:28,3,653000,1959000,CUS 0544,KMR 001,MP 04,ST 004,LOK 001,CI 0814,CO 0821
RES002412,13:15:06,2,392000,784000,CUS 0182,KMR 002,MP 01,ST 003,LOK 004,CI 0313,CO 0313
RES002413,20:05:37,6,591000,3546000,CUS 1664,KMR 001,MP 01,ST 003,LOK 005,CI 0612,CO 0618
RES002414,17:16:05,2,686000,1372000,CUS 1056,KMR 001,MP 02,ST 003,LOK 014,CI 0268,CO 0268
RES002415,01:32:36,3,639000,1917000,CUS 3659,KMR 001,MP 05,ST 002,LOK 003,CI 0716,CO 0722
RES002416,06:53:23,5,513000,2565000,CUS 1294,KMR 004,MP 02,ST 004,LOK 012,CI 0625,CO 0630
RES002417,00:26:56,7,401000,2807000,CUS 1042,KMR 002,MP 06,ST 003,LOK 005,CI 0656,CO 0664
RES002418,10:57:24,1,435000,435000,CUS 1739,KMR 004,MP 02,ST 003,LOK 016,CI 0483,CO 0486
RES002419,09:45:20,9,650000,5850000,CUS 2258,KMR 001,MP 06,ST 003,LOK 018,CI 0307,CO 0314
RES002420,03:40:53,1,571000,571000,CUS 1272,KMR 001,MP 04,ST 003,LOK 002,CI 0617,CO 0618
RES002421,06:26:26,6,1279000,7674000,CUS 1992,KMR 003,MP 01,ST 004,LOK 020,CI 0120,CO 0126
RES002422,02:02:56,4,650000,2600000,CUS 0467,KMR 001,MP 05,ST 003,LOK 018,CI 0645,CO 0649
RES002423,10:06:00,5,1170000,5850000,CUS 1924,KMR 003,MP 06,ST 003,LOK 012,CI 1075,CO 1082
RES002424,16:44:23,3,1144000,3432000,CUS 2177,KMR 003,MP 01,ST 001,LOK 006,CI 0204,CO 0207
RES002425,13:10:15,7,653000,4571000,CUS 0003,KMR 001,MP 03,ST 003,LOK 007,CI 0875,CO 0883
RES002426,11:28:12,4,1150000,4600000,CUS 1393,KMR 003,MP 02,ST 004,LOK 016,CI 0593,CO 0597
RES002427,04:31:05,5,354000,1770000,CUS 3915,KMR 002,MP 05,ST 003,LOK 013,CI 0574,CO 0579
RES002428,00:52:03,5,1156000,5780000,CUS 2705,KMR 003,MP 03,ST 003,LOK 011,CI 0306,CO 0309
RES002429,21:27:37,2,479000,958000,CUS 1106,KMR 004,MP 04,ST 004,LOK 013,CI 0672,CO 0675
RES002430,23:29:00,5,402000,2010000,CUS 2632,KMR 002,MP 03,ST 004,LOK 015,CI 0530,CO 0536
RES002431,00:42:37,5,619000,3095000,CUS 3987,KMR 001,MP 06,ST 004,LOK 005,CI 0672,CO 0678
RES002432,10:06:17,1,570000,570000,CUS 3268,KMR 001,MP 03,ST 003,LOK 012,CI 0587,CO 0589
RES002433,06:53:52,1,633000,633000,CUS 1576,KMR 001,MP 02,ST 004,LOK 002,CI 0565,CO 0566
RES002434,11:33:10,6,1105000,6630000,CUS 1322,KMR 003,MP 05,ST 001,LOK 010,CI 0752,CO 0760
RES002435,15:40:08,1,618000,618000,CUS 2481,KMR 001,MP 01,ST 003,LOK 019,CI 0406,CO 0408
RES002436,12:27:05,2,335000,670000,CUS 0749,KMR 002,MP 06,ST 003,LOK 013,CI 0458,CO 0462
RES002437,21:11:19,4,428000,1712000,CUS 2537,KMR 004,MP 01,ST 004,LOK 007,CI 0569,CO 0573
RES002438,01:32:50,8,332000,2656000,CUS 1823,KMR 002,MP 01,ST 004,LOK 019,CI 1067,CO 1077
RES002439,17:35:22,2,614000,1228000,CUS 0333,KMR 001,MP 05,ST 003,LOK 017,CI 0002,CO 0004
RES002440,21:54:26,2,675000,1350000,CUS 3440,KMR 001,MP 04,ST 004,LOK 015,CI 0623,CO 0625
RES002441,01:09:34,9,1365000,12285000,CUS 1159,KMR 003,MP 05,ST 003,LOK 012,CI 0827,CO 0840
RES002442,01:22:40,9,632000,5688000,CUS 1020,KMR 001,MP 02,ST 003,LOK 012,CI 0379,CO 0389
RES002443,11:07:20,5,671000,3355000,CUS 3155,KMR 001,MP 06,ST 002,LOK 014,CI 0633,CO 0638
RES002444,15:27:51,5,450000,2250000,CUS 0660,KMR 004,MP 03,ST 004,LOK 011,CI 0678,CO 0684
RES002445,00:19:46,4,1130000,4520000,CUS 1061,KMR 003,MP 06,ST 003,LOK 004,CI 0661,CO 0666
RES002446,10:00:30,9,1174000,10566000,CUS 1479,KMR 003,MP 01,ST 002,LOK 003,CI 0470,CO 0480
RES002447,05:21:36,6,1299000,7794000,CUS 0139,KMR 003,MP 06,ST 004,LOK 016,CI 0953,CO 0962
RES002448,21:21:27,2,1258000,2516000,CUS 0507,KMR 003,MP 06,ST 003,LOK 011,CI 0976,CO 0981
RES002449,02:19:36,7,687000,4809000,CUS 1147,KMR 001,MP 03,ST 004,LOK 010,CI 0465,CO 0473
RES002450,17:16:05,1,491000,491000,CUS 1233,KMR 004,MP 06,ST 004,LOK 017,CI 0581,CO 0582
RES002451,06:38:07,1,671000,671000,CUS 2099,KMR 001,MP 01,ST 004,LOK 005,CI 0421,CO 0424
RES002452,08:18:04,6,354000,2124000,CUS 0139,KMR 002,MP 02,ST 004,LOK 014,CI 0318,CO 0323
RES002453,06:35:46,9,341000,3069000,CUS 3716,KMR 002,MP 05,ST 003,LOK 009,CI 0386,CO 0396
RES002454,19:30:22,5,442000,2210000,CUS 1173,KMR 004,MP 02,ST 004,LOK 011,CI 0960,CO 0968
RES002455,14:33:25,5,396000,1980000,CUS 1337,KMR 002,MP 06,ST 004,LOK 018,CI 0510,CO 0516
RES002456,22:59:05,7,333000,2331000,CUS 1062,KMR 002,MP 01,ST 003,LOK 018,CI 0736,CO 0746
RES002457,02:34:30,2,497000,994000,CUS 1736,KMR 004,MP 06,ST 003,LOK 010,CI 1072,CO 1076
RES002458,11:43:03,8,507000,4056000,CUS 0264,KMR 004,MP 06,ST 003,LOK 020,CI 0686,CO 0696
RES002459,00:04:51,1,322000,322000,CUS 1052,KMR 002,MP 02,ST 001,LOK 005,CI 0365,CO 0365
RES002460,14:05:27,4,1288000,5152000,CUS 3273,KMR 003,MP 06,ST 002,LOK 003,CI 0240,CO 0242
RES002461,12:58:25,3,324000,972000,CUS 0103,KMR 002,MP 06,ST 003,LOK 004,CI 0638,CO 0641
RES002462,20:19:28,5,1107000,5535000,CUS 3359,KMR 003,MP 06,ST 003,LOK 018,CI 0377,CO 0383
RES002463,11:20:51,4,517000,2068000,CUS 1347,KMR 004,MP 04,ST 004,LOK 018,CI 0692,CO 0698
RES002464,15:25:56,1,465000,465000,CUS 0250,KMR 004,MP 03,ST 004,LOK 016,CI 0401,CO 0403
RES002465,15:41:30,6,645000,3870000,CUS 1277,KMR 001,MP 04,ST 003,LOK 004,CI 0193,CO 0200
RES002466,18:59:15,2,465000,930000,CUS 3776,KMR 004,MP 06,ST 001,LOK 002,CI 0860,CO 0864
RES002467,18:06:54,9,689000,6201000,CUS 2856,KMR 001,MP 03,ST 004,LOK 005,CI 0743,CO 0754
RES002468,13:04:36,5,1121000,5605000,CUS 1236,KMR 003,MP 03,ST 001,LOK 004,CI 0461,CO 0468
RES002469,10:23:03,2,322000,644000,CUS 2350,KMR 002,MP 05,ST 001,LOK 007,CI 0683,CO 0687
RES002470,03:07:51,2,587000,1174000,CUS 3106,KMR 001,MP 04,ST 001,LOK 012,CI 0550,CO 0552
RES002471,16:34:56,8,432000,3456000,CUS 3917,KMR 004,MP 02,ST 004,LOK 012,CI 0660,CO 0669
RES002472,05:36:44,5,481000,2405000,CUS 1640,KMR 004,MP 06,ST 004,LOK 002,CI 0407,CO 0413
RES002473,00:20:39,6,381000,2286000,CUS 1722,KMR 002,MP 06,ST 001,LOK 008,CI 0775,CO 0784
RES002474,18:32:38,8,407000,3256000,CUS 2353,KMR 004,MP 06,ST 001,LOK 016,CI 0088,CO 0096
RES002475,15:50:22,2,332000,664000,CUS 2894,KMR 002,MP 03,ST 004,LOK 016,CI 0080,CO 0082
RES002476,05:40:32,9,1266000,11394000,CUS 2267,KMR 003,MP 01,ST 003,LOK 010,CI 1042,CO 1054
RES002477,14:10:19,6,1287000,7722000,CUS 3977,KMR 003,MP 05,ST 003,LOK 008,CI 0876,CO 0883
RES002478,17:12:11,4,472000,1888000,CUS 2211,KMR 004,MP 06,ST 004,LOK 007,CI 0885,CO 0890
RES002479,08:29:25,8,547000,4376000,CUS 1689,KMR 001,MP 02,ST 003,LOK 003,CI 0743,CO 0753
RES002480,13:04:50,5,506000,2530000,CUS 3042,KMR 004,MP 03,ST 004,LOK 006,CI 0012,CO 0016
RES002481,14:08:22,6,463000,2778000,CUS 3446,KMR 004,MP 01,ST 004,LOK 007,CI 0437,CO 0445
RES002482,11:04:00,8,427000,3416000,CUS 0506,KMR 004,MP 04,ST 004,LOK 020,CI 0656,CO 0665
RES002483,09:17:00,7,425000,2975000,CUS 2582,KMR 004,MP 02,ST 004,LOK 008,CI 0782,CO 0792
RES002484,03:10:43,6,391000,2346000,CUS 3243,KMR 002,MP 06,ST 003,LOK 007,CI 0105,CO 0111
RES002485,07:15:24,7,399000,2793000,CUS 2244,KMR 002,MP 06,ST 004,LOK 010,CI 0850,CO 0859
RES002486,16:08:04,1,431000,431000,CUS 2257,KMR 004,MP 06,ST 003,LOK 005,CI 0580,CO 0581
RES002487,05:14:25,8,322000,2576000,CUS 1871,KMR 002,MP 05,ST 003,LOK 011,CI 0879,CO 0888
RES002488,07:08:07,1,1253000,1253000,CUS 1269,KMR 003,MP 06,ST 003,LOK 008,CI 0231,CO 0231
RES002489,01:57:10,3,419000,1257000,CUS 2248,KMR 004,MP 02,ST 003,LOK 006,CI 0769,CO 0774
RES002490,05:18:31,7,1256000,8792000,CUS 3398,KMR 003,MP 06,ST 004,LOK 003,CI 0256,CO 0261
RES002491,21:27:04,1,1099000,1099000,CUS 2462,KMR 003,MP 03,ST 003,LOK 006,CI 1013,CO 1017
RES002492,11:47:16,1,505000,505000,CUS 2033,KMR 004,MP 06,ST 002,LOK 006,CI 0266,CO 0265
RES002493,00:56:36,6,420000,2520000,CUS 3879,KMR 004,MP 06,ST 004,LOK 011,CI 1019,CO 1028
RES002494,14:51:44,9,350000,3150000,CUS 3408,KMR 002,MP 02,ST 003,LOK 010,CI 0207,CO 0215
RES002495,10:30:12,8,616000,4928000,CUS 0579,KMR 001,MP 01,ST 003,LOK 013,CI 0039,CO 0047
RES002496,07:51:15,3,461000,1383000,CUS 3957,KMR 004,MP 06,ST 004,LOK 014,CI 0757,CO 0762
RES002497,20:10:53,2,626000,1252000,CUS 1357,KMR 001,MP 01,ST 003,LOK 001,CI 0069,CO 0071
RES002498,06:44:09,8,1142000,9136000,CUS 1073,KMR 003,MP 06,ST 004,LOK 007,CI 0453,CO 0463
RES002499,17:50:53,7,514000,3598000,CUS 3903,KMR 004,MP 06,ST 004,LOK 003,CI 0825,CO 0836
RES002500,05:46:07,4,323000,1292000,CUS 2765,KMR 002,MP 05,ST 003,LOK 005,CI 0260,CO 0262
RES002501,19:02:18,3,512000,1536000,CUS 0637,KMR 004,MP 04,ST 002,LOK 007,CI 0240,CO 0241
RES002502,05:40:21,1,1179000,1179000,CUS 1863,KMR 003,MP 06,ST 003,LOK 020,CI 0439,CO 0442
RES002503,08:20:36,4,331000,1324000,CUS 2940,KMR 002,MP 01,ST 003,LOK 019,CI 1037,CO 1044
RES002504,17:48:07,7,564000,3948000,CUS 2802,KMR 001,MP 02,ST 003,LOK 008,CI 0039,CO 0046
RES002505,19:39:28,3,569000,1707000,CUS 3464,KMR 001,MP 05,ST 001,LOK 014,CI 0811,CO 0818
RES002506,18:27:49,3,1094000,3282000,CUS 3310,KMR 003,MP 05,ST 002,LOK 002,CI 0571,CO 0574
RES002507,11:04:19,9,1214000,10926000,CUS 0567,KMR 003,MP 02,ST 003,LOK 009,CI 0026,CO 0035
RES002508,16:24:10,8,578000,4624000,CUS 2283,KMR 001,MP 06,ST 004,LOK 001,CI 1000,CO 1011
RES002509,14:03:57,4,591000,2364000,CUS 0565,KMR 001,MP 03,ST 003,LOK 002,CI 0172,CO 0178
RES002510,21:55:04,7,489000,3423000,CUS 3811,KMR 004,MP 01,ST 002,LOK 013,CI 0328,CO 0334
RES002759,12:54:50,1,632000,632000,CUS 2588,KMR 001,MP 04,ST 004,LOK 011,CI 0537,CO 0539
RES002512,03:47:23,9,618000,5562000,CUS 1962,KMR 001,MP 02,ST 003,LOK 016,CI 0919,CO 0930
RES002513,18:26:58,9,546000,4914000,CUS 0588,KMR 001,MP 02,ST 004,LOK 017,CI 0768,CO 0779
RES002514,02:02:47,9,570000,5130000,CUS 0550,KMR 001,MP 04,ST 001,LOK 010,CI 0232,CO 0239
RES002515,19:15:52,9,579000,5211000,CUS 1762,KMR 001,MP 02,ST 004,LOK 008,CI 0972,CO 0984
RES002516,16:46:35,9,496000,4464000,CUS 1535,KMR 004,MP 02,ST 003,LOK 006,CI 0929,CO 0941
RES002517,20:23:17,1,1122000,1122000,CUS 2707,KMR 003,MP 05,ST 001,LOK 001,CI 0547,CO 0548
RES002518,03:34:43,6,516000,3096000,CUS 2202,KMR 004,MP 03,ST 003,LOK 020,CI 0080,CO 0086
RES002519,18:45:49,6,453000,2718000,CUS 1044,KMR 004,MP 03,ST 002,LOK 005,CI 1012,CO 1021
RES002520,04:19:28,7,324000,2268000,CUS 3522,KMR 002,MP 04,ST 003,LOK 015,CI 0080,CO 0087
RES002521,16:59:22,1,605000,605000,CUS 1982,KMR 001,MP 06,ST 003,LOK 007,CI 0953,CO 0957
RES002522,05:45:30,2,1288000,2576000,CUS 2821,KMR 003,MP 05,ST 003,LOK 006,CI 0376,CO 0379
RES002523,11:04:06,3,1153000,3459000,CUS 3890,KMR 003,MP 06,ST 002,LOK 009,CI 0375,CO 0379
RES002524,03:37:48,6,362000,2172000,CUS 0371,KMR 002,MP 02,ST 003,LOK 019,CI 0362,CO 0367
RES002526,07:11:06,7,440000,3080000,CUS 3281,KMR 004,MP 06,ST 004,LOK 007,CI 0177,CO 0185
RES002527,05:57:27,6,554000,3324000,CUS 0635,KMR 001,MP 05,ST 003,LOK 002,CI 0543,CO 0549
RES002528,15:38:00,7,1158000,8106000,CUS 3259,KMR 003,MP 02,ST 004,LOK 012,CI 0090,CO 0097
RES002529,08:50:10,9,630000,5670000,CUS 2312,KMR 001,MP 06,ST 002,LOK 016,CI 0802,CO 0815
RES002530,23:47:06,3,585000,1755000,CUS 3475,KMR 001,MP 03,ST 003,LOK 001,CI 0784,CO 0790
RES002531,07:19:31,7,366000,2562000,CUS 0889,KMR 002,MP 06,ST 001,LOK 015,CI 0911,CO 0920
RES002532,11:01:36,1,1082000,1082000,CUS 1790,KMR 003,MP 02,ST 004,LOK 008,CI 0068,CO 0069
RES002533,11:56:46,2,340000,680000,CUS 1289,KMR 002,MP 05,ST 004,LOK 017,CI 0159,CO 0162
RES002534,20:11:09,8,473000,3784000,CUS 3438,KMR 004,MP 01,ST 003,LOK 012,CI 0814,CO 0826
RES002535,05:19:22,6,388000,2328000,CUS 0110,KMR 002,MP 06,ST 003,LOK 020,CI 0955,CO 0964
RES003349,17:50:05,5,1191000,5955000,CUS 1505,KMR 003,MP 05,ST 003,LOK 019,CI 0524,CO 0530
RES002537,20:35:28,9,543000,4887000,CUS 0687,KMR 001,MP 05,ST 003,LOK 011,CI 0735,CO 0747
RES002538,18:49:22,2,364000,728000,CUS 3130,KMR 002,MP 05,ST 004,LOK 014,CI 0351,CO 0352
RES002539,22:57:47,8,1198000,9584000,CUS 2695,KMR 003,MP 02,ST 003,LOK 014,CI 0336,CO 0343
RES002540,00:52:23,6,633000,3798000,CUS 0139,KMR 001,MP 06,ST 004,LOK 008,CI 0271,CO 0275
RES002541,22:44:09,2,346000,692000,CUS 2317,KMR 002,MP 05,ST 002,LOK 016,CI 0811,CO 0817
RES002542,06:37:58,4,579000,2316000,CUS 1128,KMR 001,MP 06,ST 003,LOK 005,CI 0409,CO 0415
RES002543,05:57:37,2,364000,728000,CUS 2513,KMR 002,MP 03,ST 001,LOK 001,CI 0316,CO 0317
RES002544,04:25:51,8,345000,2760000,CUS 3597,KMR 002,MP 06,ST 004,LOK 007,CI 0920,CO 0930
RES002545,13:26:23,9,672000,6048000,CUS 0139,KMR 001,MP 06,ST 004,LOK 017,CI 0672,CO 0682
RES002546,18:07:32,7,1156000,8092000,CUS 0907,KMR 003,MP 03,ST 001,LOK 011,CI 0926,CO 0935
RES002547,22:21:38,9,493000,4437000,CUS 0739,KMR 004,MP 01,ST 002,LOK 008,CI 1067,CO 1078
RES002548,23:20:51,1,383000,383000,CUS 0542,KMR 002,MP 01,ST 003,LOK 014,CI 0352,CO 0352
RES002549,23:53:52,2,1292000,2584000,CUS 3833,KMR 003,MP 03,ST 001,LOK 020,CI 0272,CO 0272
RES002550,23:34:30,9,670000,6030000,CUS 0278,KMR 001,MP 04,ST 004,LOK 014,CI 0639,CO 0648
RES002551,06:51:51,9,1133000,10197000,CUS 0126,KMR 003,MP 04,ST 003,LOK 008,CI 0875,CO 0885
RES002552,01:47:48,2,1346000,2692000,CUS 3658,KMR 003,MP 03,ST 004,LOK 011,CI 0672,CO 0675
RES002553,14:42:59,9,327000,2943000,CUS 3794,KMR 002,MP 02,ST 001,LOK 013,CI 0637,CO 0646
RES002554,08:20:14,6,445000,2670000,CUS 3021,KMR 004,MP 05,ST 004,LOK 008,CI 0289,CO 0293
RES002555,18:51:17,7,510000,3570000,CUS 2512,KMR 004,MP 06,ST 003,LOK 001,CI 0754,CO 0763
RES002556,09:44:46,9,1178000,10602000,CUS 4007,KMR 003,MP 01,ST 003,LOK 013,CI 0628,CO 0637
RES002557,08:39:36,5,430000,2150000,CUS 1760,KMR 004,MP 04,ST 004,LOK 016,CI 0085,CO 0090
RES002558,19:42:02,9,677000,6093000,CUS 3427,KMR 001,MP 02,ST 004,LOK 001,CI 0022,CO 0031
RES002559,03:45:35,9,441000,3969000,CUS 3038,KMR 004,MP 06,ST 004,LOK 003,CI 0895,CO 0905
RES002560,16:29:27,3,362000,1086000,CUS 0941,KMR 002,MP 05,ST 003,LOK 002,CI 0600,CO 0603
RES002561,12:11:26,8,357000,2856000,CUS 0562,KMR 002,MP 01,ST 004,LOK 001,CI 0426,CO 0436
RES002562,09:13:30,9,430000,3870000,CUS 0140,KMR 004,MP 06,ST 002,LOK 006,CI 0821,CO 0834
RES002563,22:08:54,9,447000,4023000,CUS 2100,KMR 004,MP 03,ST 004,LOK 002,CI 0225,CO 0233
RES002564,02:06:12,4,482000,1928000,CUS 0256,KMR 004,MP 05,ST 003,LOK 011,CI 0155,CO 0160
RES002565,04:00:44,4,461000,1844000,CUS 0513,KMR 004,MP 05,ST 001,LOK 019,CI 0579,CO 0583
RES002566,23:04:30,5,621000,3105000,CUS 2939,KMR 001,MP 04,ST 003,LOK 001,CI 0925,CO 0932
RES002567,08:50:14,7,1329000,9303000,CUS 1455,KMR 003,MP 02,ST 002,LOK 011,CI 0727,CO 0737
RES002568,08:01:33,8,385000,3080000,CUS 3483,KMR 002,MP 03,ST 004,LOK 007,CI 0095,CO 0103
RES002569,08:06:58,7,1114000,7798000,CUS 4123,KMR 003,MP 01,ST 004,LOK 003,CI 0701,CO 0710
RES002570,20:58:41,1,561000,561000,CUS 3835,KMR 001,MP 01,ST 004,LOK 010,CI 1070,CO 1073
RES002571,02:10:56,4,623000,2492000,CUS 1536,KMR 001,MP 05,ST 004,LOK 004,CI 0276,CO 0278
RES002572,09:04:14,7,1264000,8848000,CUS 3361,KMR 003,MP 03,ST 004,LOK 005,CI 0073,CO 0080
RES002573,05:48:12,9,658000,5922000,CUS 2201,KMR 001,MP 01,ST 003,LOK 016,CI 0459,CO 0469
RES002574,23:48:15,3,1242000,3726000,CUS 1268,KMR 003,MP 05,ST 003,LOK 009,CI 1031,CO 1037
RES002575,10:22:09,8,372000,2976000,CUS 0970,KMR 002,MP 05,ST 002,LOK 008,CI 0782,CO 0793
RES002576,06:55:35,2,402000,804000,CUS 0157,KMR 002,MP 05,ST 003,LOK 005,CI 0718,CO 0723
RES002577,07:45:37,1,503000,503000,CUS 3814,KMR 004,MP 02,ST 004,LOK 004,CI 0193,CO 0195
RES002578,12:20:02,9,1193000,10737000,CUS 1725,KMR 003,MP 01,ST 003,LOK 005,CI 0413,CO 0424
RES002579,09:42:31,1,361000,361000,CUS 2776,KMR 002,MP 04,ST 004,LOK 015,CI 0415,CO 0418
RES002580,09:40:03,9,364000,3276000,CUS 3319,KMR 002,MP 03,ST 003,LOK 001,CI 1061,CO 1072
RES002581,13:40:29,1,688000,688000,CUS 0764,KMR 001,MP 06,ST 003,LOK 019,CI 0265,CO 0264
RES002582,01:06:11,8,1103000,8824000,CUS 0873,KMR 003,MP 06,ST 004,LOK 011,CI 0077,CO 0085
RES002583,05:47:17,7,454000,3178000,CUS 3333,KMR 004,MP 02,ST 004,LOK 009,CI 0146,CO 0153
RES002584,21:25:40,2,325000,650000,CUS 0111,KMR 002,MP 03,ST 003,LOK 004,CI 0594,CO 0596
RES002585,23:48:12,4,503000,2012000,CUS 0303,KMR 004,MP 06,ST 004,LOK 006,CI 0251,CO 0253
RES002586,22:32:27,2,1158000,2316000,CUS 3673,KMR 003,MP 02,ST 004,LOK 011,CI 0097,CO 0099
RES002587,20:17:00,5,351000,1755000,CUS 3831,KMR 002,MP 01,ST 003,LOK 017,CI 0569,CO 0574
RES002588,02:04:47,2,348000,696000,CUS 3508,KMR 002,MP 06,ST 004,LOK 017,CI 0746,CO 0751
RES002589,06:47:16,5,627000,3135000,CUS 1396,KMR 001,MP 01,ST 002,LOK 012,CI 0337,CO 0341
RES002590,21:43:03,5,461000,2305000,CUS 0010,KMR 004,MP 04,ST 004,LOK 004,CI 0927,CO 0934
RES002591,05:18:42,8,316000,2528000,CUS 3521,KMR 002,MP 03,ST 004,LOK 006,CI 1065,CO 1075
RES002592,09:04:19,3,465000,1395000,CUS 0135,KMR 004,MP 06,ST 002,LOK 006,CI 0672,CO 0676
RES002593,23:53:43,9,371000,3339000,CUS 2383,KMR 002,MP 06,ST 003,LOK 019,CI 0063,CO 0072
RES002594,18:02:42,5,418000,2090000,CUS 0926,KMR 004,MP 04,ST 004,LOK 015,CI 0331,CO 0335
RES002595,14:01:42,2,598000,1196000,CUS 2981,KMR 001,MP 03,ST 003,LOK 011,CI 0601,CO 0603
RES002596,12:22:26,7,1133000,7931000,CUS 3638,KMR 003,MP 04,ST 003,LOK 020,CI 0006,CO 0012
RES002598,01:15:12,7,672000,4704000,CUS 0676,KMR 001,MP 03,ST 003,LOK 005,CI 0269,CO 0274
RES002599,10:27:05,1,1248000,1248000,CUS 3541,KMR 003,MP 06,ST 004,LOK 019,CI 0223,CO 0223
RES004299,14:51:05,3,380000,1140000,CUS 2702,KMR 002,MP 06,ST 001,LOK 020,CI 0290,CO 0291
RES002601,06:12:33,2,364000,728000,CUS 4174,KMR 002,MP 02,ST 002,LOK 012,CI 0225,CO 0226
RES002602,09:53:13,9,611000,5499000,CUS 2746,KMR 001,MP 06,ST 003,LOK 006,CI 0665,CO 0674
RES002603,03:04:16,3,368000,1104000,CUS 3517,KMR 002,MP 06,ST 003,LOK 010,CI 0149,CO 0152
RES002604,12:08:10,6,347000,2082000,CUS 3050,KMR 002,MP 01,ST 003,LOK 007,CI 0346,CO 0351
RES002605,01:18:58,9,678000,6102000,CUS 0016,KMR 001,MP 05,ST 002,LOK 014,CI 1031,CO 1043
RES002606,05:55:22,7,349000,2443000,CUS 4144,KMR 002,MP 02,ST 003,LOK 018,CI 0518,CO 0526
RES002607,07:02:10,6,569000,3414000,CUS 2117,KMR 001,MP 06,ST 004,LOK 006,CI 0730,CO 0739
RES002608,20:47:12,7,423000,2961000,CUS 0423,KMR 004,MP 03,ST 004,LOK 005,CI 0176,CO 0184
RES002609,12:44:51,4,1377000,5508000,CUS 3334,KMR 003,MP 06,ST 003,LOK 005,CI 0336,CO 0339
RES002610,14:45:50,7,425000,2975000,CUS 2668,KMR 004,MP 02,ST 003,LOK 020,CI 0560,CO 0567
RES002611,06:19:24,6,496000,2976000,CUS 0685,KMR 004,MP 01,ST 002,LOK 009,CI 0793,CO 0802
RES002612,03:42:56,9,1117000,10053000,CUS 2054,KMR 003,MP 04,ST 004,LOK 009,CI 0351,CO 0358
RES002613,07:05:31,3,1208000,3624000,CUS 2006,KMR 003,MP 03,ST 003,LOK 007,CI 0675,CO 0679
RES002614,23:58:30,1,684000,684000,CUS 2477,KMR 001,MP 04,ST 003,LOK 015,CI 0558,CO 0559
RES002615,05:58:25,7,1227000,8589000,CUS 0536,KMR 003,MP 01,ST 004,LOK 018,CI 0500,CO 0508
RES002616,01:54:27,4,595000,2380000,CUS 3946,KMR 001,MP 01,ST 003,LOK 011,CI 0786,CO 0793
RES002617,19:52:59,4,436000,1744000,CUS 2184,KMR 004,MP 03,ST 003,LOK 015,CI 0676,CO 0681
RES002618,11:18:08,7,1284000,8988000,CUS 0867,KMR 003,MP 05,ST 003,LOK 013,CI 0729,CO 0739
RES002619,15:38:21,9,495000,4455000,CUS 0139,KMR 004,MP 02,ST 003,LOK 015,CI 1070,CO 1081
RES002620,20:21:38,4,409000,1636000,CUS 1077,KMR 004,MP 02,ST 004,LOK 007,CI 0206,CO 0210
RES002621,06:40:49,5,358000,1790000,CUS 4088,KMR 002,MP 04,ST 002,LOK 014,CI 0942,CO 0950
RES002622,23:13:06,5,612000,3060000,CUS 4073,KMR 001,MP 06,ST 003,LOK 010,CI 0524,CO 0530
RES002623,16:52:23,4,1261000,5044000,CUS 2914,KMR 003,MP 06,ST 002,LOK 016,CI 0901,CO 0906
RES002624,16:46:22,1,335000,335000,CUS 0139,KMR 002,MP 03,ST 003,LOK 016,CI 0090,CO 0091
RES002625,09:14:17,9,414000,3726000,CUS 3204,KMR 004,MP 06,ST 003,LOK 014,CI 0718,CO 0730
RES002626,15:42:27,8,458000,3664000,CUS 2544,KMR 004,MP 01,ST 002,LOK 008,CI 0176,CO 0185
RES002627,16:46:55,4,612000,2448000,CUS 3940,KMR 001,MP 02,ST 004,LOK 010,CI 0650,CO 0654
RES002628,21:56:12,1,318000,318000,CUS 2057,KMR 002,MP 05,ST 002,LOK 006,CI 0921,CO 0924
RES002629,22:35:53,3,319000,957000,CUS 1176,KMR 002,MP 06,ST 004,LOK 017,CI 0467,CO 0471
RES002630,02:35:30,2,660000,1320000,CUS 0001,KMR 001,MP 06,ST 004,LOK 014,CI 0095,CO 0097
RES002631,06:21:08,4,416000,1664000,CUS 1306,KMR 004,MP 02,ST 004,LOK 003,CI 0327,CO 0330
RES002632,03:27:34,1,472000,472000,CUS 4106,KMR 004,MP 05,ST 004,LOK 005,CI 0242,CO 0241
RES002633,05:28:10,8,337000,2696000,CUS 3263,KMR 002,MP 06,ST 004,LOK 015,CI 0743,CO 0753
RES002634,21:15:23,9,471000,4239000,CUS 0117,KMR 004,MP 06,ST 003,LOK 004,CI 0574,CO 0583
RES002635,01:21:21,9,1114000,10026000,CUS 3386,KMR 003,MP 06,ST 004,LOK 011,CI 0797,CO 0810
RES002636,02:37:15,2,549000,1098000,CUS 3230,KMR 001,MP 02,ST 004,LOK 002,CI 0564,CO 0566
RES002637,05:27:28,1,384000,384000,CUS 3669,KMR 002,MP 04,ST 004,LOK 003,CI 0144,CO 0145
RES002638,00:03:59,8,481000,3848000,CUS 0990,KMR 004,MP 03,ST 001,LOK 007,CI 0390,CO 0399
RES002639,08:17:09,3,456000,1368000,CUS 3401,KMR 004,MP 02,ST 003,LOK 020,CI 0637,CO 0640
RES002640,15:03:24,1,1124000,1124000,CUS 2869,KMR 003,MP 02,ST 003,LOK 001,CI 0770,CO 0773
RES002641,07:26:14,9,1094000,9846000,CUS 1457,KMR 003,MP 02,ST 004,LOK 001,CI 0354,CO 0361
RES002642,02:29:13,7,644000,4508000,CUS 2749,KMR 001,MP 01,ST 004,LOK 020,CI 0954,CO 0964
RES002643,09:23:29,6,1161000,6966000,CUS 2880,KMR 003,MP 05,ST 001,LOK 019,CI 0737,CO 0746
RES002644,08:53:23,8,379000,3032000,CUS 0171,KMR 002,MP 05,ST 004,LOK 020,CI 0466,CO 0475
RES002645,03:34:34,6,401000,2406000,CUS 1641,KMR 002,MP 02,ST 004,LOK 017,CI 0812,CO 0822
RES002646,12:17:40,1,626000,626000,CUS 0789,KMR 001,MP 06,ST 003,LOK 016,CI 0489,CO 0492
RES002647,19:36:36,5,682000,3410000,CUS 2380,KMR 001,MP 06,ST 004,LOK 001,CI 0465,CO 0471
RES002648,20:52:46,3,378000,1134000,CUS 3589,KMR 002,MP 04,ST 004,LOK 010,CI 0425,CO 0430
RES002649,02:10:39,8,1236000,9888000,CUS 1831,KMR 003,MP 01,ST 002,LOK 013,CI 0403,CO 0412
RES002650,17:57:18,8,662000,5296000,CUS 2652,KMR 001,MP 02,ST 004,LOK 018,CI 0190,CO 0199
RES002651,20:13:36,1,335000,335000,CUS 3169,KMR 002,MP 02,ST 004,LOK 012,CI 0684,CO 0687
RES002652,21:46:27,7,358000,2506000,CUS 3471,KMR 002,MP 01,ST 004,LOK 016,CI 0852,CO 0861
RES002653,14:58:48,9,1267000,11403000,CUS 0108,KMR 003,MP 04,ST 001,LOK 013,CI 0497,CO 0507
RES002654,18:06:52,7,616000,4312000,CUS 3031,KMR 001,MP 02,ST 003,LOK 007,CI 0977,CO 0987
RES002655,13:31:21,6,594000,3564000,CUS 2288,KMR 001,MP 06,ST 003,LOK 003,CI 0574,CO 0580
RES002656,02:29:00,1,1327000,1327000,CUS 0388,KMR 003,MP 01,ST 003,LOK 016,CI 0577,CO 0578
RES002657,01:50:24,4,611000,2444000,CUS 1589,KMR 001,MP 01,ST 003,LOK 009,CI 0019,CO 0022
RES002658,17:28:26,7,1329000,9303000,CUS 1411,KMR 003,MP 02,ST 004,LOK 019,CI 0070,CO 0077
RES002659,14:16:31,6,639000,3834000,CUS 3920,KMR 001,MP 05,ST 003,LOK 018,CI 0584,CO 0590
RES002660,18:20:02,8,1164000,9312000,CUS 0479,KMR 003,MP 06,ST 002,LOK 008,CI 0678,CO 0687
RES002661,09:45:05,2,320000,640000,CUS 3967,KMR 002,MP 05,ST 002,LOK 012,CI 0532,CO 0535
RES002662,20:16:38,1,376000,376000,CUS 1041,KMR 002,MP 05,ST 003,LOK 003,CI 0760,CO 0763
RES002663,20:31:45,6,1177000,7062000,CUS 2496,KMR 003,MP 05,ST 004,LOK 007,CI 0951,CO 0960
RES002664,18:54:42,7,430000,3010000,CUS 2094,KMR 004,MP 03,ST 001,LOK 015,CI 0955,CO 0965
RES002665,05:09:21,4,500000,2000000,CUS 0618,KMR 004,MP 05,ST 002,LOK 010,CI 0167,CO 0173
RES002666,13:09:15,4,611000,2444000,CUS 2459,KMR 001,MP 05,ST 001,LOK 002,CI 0936,CO 0943
RES002667,05:32:54,7,471000,3297000,CUS 0934,KMR 004,MP 04,ST 003,LOK 009,CI 0815,CO 0826
RES002668,03:41:47,4,1253000,5012000,CUS 0812,KMR 003,MP 03,ST 003,LOK 011,CI 0793,CO 0800
RES002669,03:04:03,4,408000,1632000,CUS 3108,KMR 004,MP 02,ST 003,LOK 007,CI 0655,CO 0660
RES002670,06:18:23,3,1096000,3288000,CUS 2807,KMR 003,MP 03,ST 002,LOK 016,CI 0682,CO 0687
RES002671,18:05:49,1,1162000,1162000,CUS 3345,KMR 003,MP 02,ST 003,LOK 014,CI 0057,CO 0058
RES002672,23:26:41,6,343000,2058000,CUS 0248,KMR 002,MP 06,ST 003,LOK 017,CI 0629,CO 0635
RES002673,11:20:01,7,455000,3185000,CUS 1382,KMR 004,MP 05,ST 004,LOK 003,CI 0645,CO 0652
RES002674,13:03:13,8,1184000,9472000,CUS 2109,KMR 003,MP 03,ST 003,LOK 009,CI 0050,CO 0058
RES002675,03:13:12,1,456000,456000,CUS 0604,KMR 004,MP 04,ST 004,LOK 014,CI 0425,CO 0428
RES002676,16:28:00,8,417000,3336000,CUS 3936,KMR 004,MP 06,ST 004,LOK 003,CI 0913,CO 0923
RES002677,19:28:06,2,483000,966000,CUS 1140,KMR 004,MP 03,ST 004,LOK 011,CI 0916,CO 0920
RES002678,18:33:07,9,396000,3564000,CUS 2316,KMR 002,MP 01,ST 003,LOK 008,CI 0753,CO 0764
RES002679,12:46:13,4,316000,1264000,CUS 4166,KMR 002,MP 05,ST 004,LOK 014,CI 0376,CO 0381
RES002680,12:08:17,6,664000,3984000,CUS 1717,KMR 001,MP 06,ST 004,LOK 004,CI 0175,CO 0182
RES002681,09:20:07,7,343000,2401000,CUS 3676,KMR 002,MP 04,ST 003,LOK 014,CI 0752,CO 0761
RES002682,07:01:44,9,509000,4581000,CUS 1027,KMR 004,MP 04,ST 003,LOK 005,CI 0523,CO 0533
RES002683,17:50:16,8,1113000,8904000,CUS 3980,KMR 003,MP 04,ST 002,LOK 009,CI 1045,CO 1056
RES002684,08:56:31,2,651000,1302000,CUS 2640,KMR 001,MP 06,ST 003,LOK 009,CI 0855,CO 0859
RES002685,15:11:58,3,579000,1737000,CUS 0945,KMR 001,MP 01,ST 004,LOK 018,CI 0011,CO 0013
RES002686,19:16:38,1,460000,460000,CUS 3770,KMR 004,MP 02,ST 003,LOK 012,CI 0025,CO 0026
RES002687,00:01:50,4,676000,2704000,CUS 3619,KMR 001,MP 06,ST 002,LOK 006,CI 0693,CO 0699
RES002688,20:35:25,2,1359000,2718000,CUS 0237,KMR 003,MP 06,ST 001,LOK 007,CI 0970,CO 0976
RES002689,23:33:36,3,372000,1116000,CUS 3607,KMR 002,MP 04,ST 004,LOK 013,CI 0705,CO 0710
RES002690,09:41:59,4,685000,2740000,CUS 4074,KMR 001,MP 06,ST 001,LOK 009,CI 1017,CO 1024
RES002691,06:57:58,8,438000,3504000,CUS 3179,KMR 004,MP 05,ST 004,LOK 012,CI 0660,CO 0669
RES002692,21:49:19,4,1229000,4916000,CUS 3099,KMR 003,MP 06,ST 003,LOK 019,CI 0689,CO 0695
RES002693,06:20:17,8,508000,4064000,CUS 1007,KMR 004,MP 04,ST 002,LOK 019,CI 0246,CO 0252
RES002694,00:10:51,7,1087000,7609000,CUS 0718,KMR 003,MP 03,ST 003,LOK 018,CI 0195,CO 0203
RES002695,07:01:08,9,686000,6174000,CUS 2160,KMR 001,MP 04,ST 004,LOK 003,CI 0498,CO 0508
RES002696,16:18:37,7,353000,2471000,CUS 2879,KMR 002,MP 02,ST 001,LOK 016,CI 0780,CO 0790
RES002697,04:33:04,1,1291000,1291000,CUS 2750,KMR 003,MP 04,ST 002,LOK 010,CI 0303,CO 0302
RES002698,13:56:33,9,1288000,11592000,CUS 3419,KMR 003,MP 06,ST 003,LOK 015,CI 0673,CO 0683
RES002699,10:35:45,5,323000,1615000,CUS 3544,KMR 002,MP 06,ST 003,LOK 008,CI 0398,CO 0404
RES002700,09:43:11,2,1370000,2740000,CUS 1367,KMR 003,MP 06,ST 004,LOK 008,CI 0909,CO 0912
RES002701,22:42:18,2,1323000,2646000,CUS 0265,KMR 003,MP 05,ST 004,LOK 015,CI 1065,CO 1069
RES002702,20:14:30,6,1183000,7098000,CUS 3556,KMR 003,MP 06,ST 003,LOK 018,CI 0430,CO 0438
RES002703,03:32:05,5,468000,2340000,CUS 0585,KMR 004,MP 05,ST 003,LOK 013,CI 0754,CO 0761
RES002704,20:53:10,7,396000,2772000,CUS 2757,KMR 002,MP 06,ST 003,LOK 019,CI 0078,CO 0085
RES002705,23:05:33,2,487000,974000,CUS 0156,KMR 004,MP 02,ST 003,LOK 002,CI 0547,CO 0549
RES002706,19:30:07,8,634000,5072000,CUS 0370,KMR 001,MP 04,ST 003,LOK 018,CI 0615,CO 0623
RES002707,17:34:31,1,1163000,1163000,CUS 2529,KMR 003,MP 06,ST 003,LOK 016,CI 1051,CO 1055
RES002708,16:41:24,9,332000,2988000,CUS 0858,KMR 002,MP 05,ST 004,LOK 020,CI 0348,CO 0355
RES002709,09:03:46,9,1097000,9873000,CUS 1123,KMR 003,MP 02,ST 003,LOK 008,CI 0789,CO 0801
RES002710,01:33:34,9,592000,5328000,CUS 3599,KMR 001,MP 01,ST 003,LOK 015,CI 0398,CO 0408
RES002711,15:15:13,5,1112000,5560000,CUS 2700,KMR 003,MP 06,ST 003,LOK 001,CI 0280,CO 0283
RES002713,07:17:14,2,1084000,2168000,CUS 2622,KMR 003,MP 06,ST 003,LOK 007,CI 0327,CO 0328
RES002714,22:53:13,5,1263000,6315000,CUS 1870,KMR 003,MP 03,ST 003,LOK 016,CI 0425,CO 0432
RES002715,17:05:39,3,326000,978000,CUS 2425,KMR 002,MP 06,ST 004,LOK 001,CI 0384,CO 0388
RES002716,21:25:57,1,390000,390000,CUS 3163,KMR 002,MP 03,ST 004,LOK 011,CI 0805,CO 0810
RES002717,11:27:14,1,568000,568000,CUS 3689,KMR 001,MP 06,ST 004,LOK 001,CI 0501,CO 0503
RES002718,08:18:09,7,1117000,7819000,CUS 3963,KMR 003,MP 05,ST 002,LOK 002,CI 0811,CO 0822
RES002719,08:32:46,3,318000,954000,CUS 3444,KMR 002,MP 05,ST 003,LOK 009,CI 0992,CO 0998
RES002720,13:38:27,1,594000,594000,CUS 2754,KMR 001,MP 04,ST 003,LOK 006,CI 0907,CO 0909
RES002721,22:18:07,9,488000,4392000,CUS 0167,KMR 004,MP 06,ST 004,LOK 005,CI 0297,CO 0304
RES002722,16:08:42,2,561000,1122000,CUS 2213,KMR 001,MP 01,ST 004,LOK 009,CI 0174,CO 0178
RES002723,19:38:04,7,440000,3080000,CUS 2931,KMR 004,MP 05,ST 004,LOK 018,CI 0761,CO 0770
RES002724,01:25:39,7,541000,3787000,CUS 3712,KMR 001,MP 06,ST 003,LOK 002,CI 0278,CO 0283
RES002725,00:11:00,6,1235000,7410000,CUS 3135,KMR 003,MP 06,ST 004,LOK 020,CI 0368,CO 0373
RES002726,19:22:29,1,440000,440000,CUS 2524,KMR 004,MP 04,ST 003,LOK 020,CI 1002,CO 1006
RES002727,05:44:40,6,1365000,8190000,CUS 0856,KMR 003,MP 02,ST 003,LOK 005,CI 0545,CO 0551
RES002728,09:26:36,9,649000,5841000,CUS 3766,KMR 001,MP 03,ST 003,LOK 013,CI 0112,CO 0121
RES002729,15:45:46,8,347000,2776000,CUS 1049,KMR 002,MP 05,ST 001,LOK 002,CI 0441,CO 0451
RES002730,11:46:02,8,1248000,9984000,CUS 0919,KMR 003,MP 03,ST 001,LOK 005,CI 0107,CO 0115
RES002731,19:29:30,3,490000,1470000,CUS 3266,KMR 004,MP 05,ST 003,LOK 010,CI 0966,CO 0972
RES002732,13:46:21,5,394000,1970000,CUS 1515,KMR 002,MP 04,ST 004,LOK 007,CI 0684,CO 0691
RES002733,10:43:54,6,516000,3096000,CUS 3044,KMR 004,MP 05,ST 003,LOK 006,CI 0732,CO 0741
RES002734,09:59:46,8,337000,2696000,CUS 3092,KMR 002,MP 06,ST 003,LOK 008,CI 0725,CO 0736
RES002735,20:17:20,1,353000,353000,CUS 2735,KMR 002,MP 06,ST 003,LOK 013,CI 0885,CO 0887
RES002736,00:31:47,8,461000,3688000,CUS 0589,KMR 004,MP 01,ST 003,LOK 012,CI 0508,CO 0517
RES002737,03:28:36,4,575000,2300000,CUS 0180,KMR 001,MP 01,ST 004,LOK 003,CI 0323,CO 0326
RES002738,22:27:15,5,458000,2290000,CUS 0738,KMR 004,MP 05,ST 004,LOK 013,CI 0850,CO 0857
RES002739,00:56:09,9,1358000,12222000,CUS 1669,KMR 003,MP 03,ST 004,LOK 006,CI 0540,CO 0549
RES002740,09:33:13,3,690000,2070000,CUS 1895,KMR 001,MP 04,ST 004,LOK 006,CI 0853,CO 0858
RES002741,05:41:41,4,1152000,4608000,CUS 0064,KMR 003,MP 06,ST 004,LOK 015,CI 0767,CO 0773
RES002742,08:08:44,9,669000,6021000,CUS 0732,KMR 001,MP 01,ST 004,LOK 004,CI 0557,CO 0566
RES002743,04:09:05,1,354000,354000,CUS 1662,KMR 002,MP 01,ST 003,LOK 020,CI 0809,CO 0814
RES002744,19:31:04,5,345000,1725000,CUS 2534,KMR 002,MP 06,ST 003,LOK 004,CI 0157,CO 0163
RES002745,12:39:55,3,673000,2019000,CUS 3605,KMR 001,MP 06,ST 003,LOK 010,CI 0868,CO 0873
RES002746,00:16:57,6,455000,2730000,CUS 3056,KMR 004,MP 03,ST 003,LOK 004,CI 0879,CO 0886
RES002747,10:48:37,6,497000,2982000,CUS 1474,KMR 004,MP 06,ST 004,LOK 018,CI 0485,CO 0493
RES002748,04:00:10,2,1198000,2396000,CUS 0283,KMR 003,MP 04,ST 003,LOK 008,CI 0208,CO 0210
RES002749,06:13:01,9,557000,5013000,CUS 1196,KMR 001,MP 06,ST 003,LOK 018,CI 0358,CO 0365
RES002750,07:27:03,3,442000,1326000,CUS 1169,KMR 004,MP 05,ST 004,LOK 019,CI 0998,CO 1004
RES002751,11:55:44,3,483000,1449000,CUS 1810,KMR 004,MP 03,ST 004,LOK 019,CI 0643,CO 0646
RES002752,17:26:44,8,1284000,10272000,CUS 0139,KMR 003,MP 06,ST 003,LOK 013,CI 0398,CO 0407
RES002753,21:51:58,1,441000,441000,CUS 3015,KMR 004,MP 05,ST 003,LOK 005,CI 0658,CO 0660
RES002755,01:06:36,4,577000,2308000,CUS 4179,KMR 001,MP 05,ST 003,LOK 017,CI 0140,CO 0144
RES002756,12:01:27,5,347000,1735000,CUS 1402,KMR 002,MP 01,ST 001,LOK 002,CI 0875,CO 0881
RES002757,21:10:39,7,317000,2219000,CUS 2391,KMR 002,MP 06,ST 004,LOK 019,CI 0779,CO 0789
RES002758,08:50:37,8,349000,2792000,CUS 0083,KMR 002,MP 03,ST 004,LOK 005,CI 0735,CO 0746
RES002760,06:43:13,1,1275000,1275000,CUS 2345,KMR 003,MP 05,ST 004,LOK 001,CI 0570,CO 0571
RES002761,10:18:24,1,1258000,1258000,CUS 1067,KMR 003,MP 06,ST 001,LOK 008,CI 1066,CO 1069
RES002762,22:59:05,1,399000,399000,CUS 0139,KMR 002,MP 03,ST 002,LOK 001,CI 0364,CO 0364
RES002763,09:19:51,6,332000,1992000,CUS 1136,KMR 002,MP 06,ST 003,LOK 006,CI 0815,CO 0825
RES002764,16:00:17,4,498000,1992000,CUS 4181,KMR 004,MP 01,ST 002,LOK 002,CI 1005,CO 1012
RES002765,21:47:57,9,589000,5301000,CUS 0891,KMR 001,MP 06,ST 004,LOK 020,CI 1057,CO 1068
RES002766,15:53:08,3,438000,1314000,CUS 0174,KMR 004,MP 02,ST 004,LOK 010,CI 0727,CO 0733
RES002767,19:46:29,3,428000,1284000,CUS 3727,KMR 004,MP 05,ST 003,LOK 016,CI 0450,CO 0455
RES002768,12:51:17,8,389000,3112000,CUS 2306,KMR 002,MP 04,ST 001,LOK 006,CI 0189,CO 0198
RES002769,16:11:56,9,505000,4545000,CUS 0493,KMR 004,MP 06,ST 002,LOK 005,CI 0080,CO 0089
RES002770,19:28:37,3,333000,999000,CUS 3473,KMR 002,MP 04,ST 003,LOK 002,CI 0744,CO 0750
RES002771,10:12:16,1,354000,354000,CUS 0259,KMR 002,MP 01,ST 003,LOK 011,CI 0825,CO 0830
RES002772,08:31:26,1,322000,322000,CUS 1286,KMR 002,MP 05,ST 003,LOK 006,CI 0610,CO 0611
RES002773,02:34:16,8,339000,2712000,CUS 2194,KMR 002,MP 03,ST 001,LOK 020,CI 0661,CO 0670
RES002774,08:33:34,4,638000,2552000,CUS 2515,KMR 001,MP 04,ST 003,LOK 010,CI 0658,CO 0663
RES002775,22:47:43,1,670000,670000,CUS 2278,KMR 001,MP 02,ST 004,LOK 014,CI 0763,CO 0766
RES002776,08:22:04,5,507000,2535000,CUS 1190,KMR 004,MP 06,ST 004,LOK 014,CI 1068,CO 1075
RES002777,15:55:26,5,678000,3390000,CUS 1283,KMR 001,MP 03,ST 003,LOK 007,CI 1074,CO 1081
RES002778,01:15:37,6,1269000,7614000,CUS 2406,KMR 003,MP 06,ST 002,LOK 011,CI 0129,CO 0135
RES002779,09:47:06,1,360000,360000,CUS 2969,KMR 002,MP 04,ST 003,LOK 007,CI 0939,CO 0943
RES002780,12:41:39,2,318000,636000,CUS 0226,KMR 002,MP 06,ST 002,LOK 017,CI 0572,CO 0574
RES002781,18:00:41,5,1102000,5510000,CUS 3165,KMR 003,MP 02,ST 001,LOK 008,CI 0588,CO 0593
RES002782,22:55:56,5,1185000,5925000,CUS 1404,KMR 003,MP 03,ST 003,LOK 015,CI 0358,CO 0361
RES002783,21:32:23,9,482000,4338000,CUS 0321,KMR 004,MP 06,ST 003,LOK 007,CI 1045,CO 1057
RES002784,18:36:41,1,379000,379000,CUS 0857,KMR 002,MP 04,ST 004,LOK 018,CI 0308,CO 0307
RES002785,04:24:33,5,1149000,5745000,CUS 3895,KMR 003,MP 06,ST 003,LOK 011,CI 0050,CO 0055
RES002786,22:32:11,2,329000,658000,CUS 1999,KMR 002,MP 01,ST 003,LOK 015,CI 0349,CO 0350
RES002787,17:12:18,4,341000,1364000,CUS 3105,KMR 002,MP 06,ST 003,LOK 003,CI 0789,CO 0796
RES002788,02:06:33,7,488000,3416000,CUS 1826,KMR 004,MP 04,ST 003,LOK 016,CI 0405,CO 0413
RES002789,21:11:24,6,484000,2904000,CUS 3839,KMR 004,MP 01,ST 004,LOK 003,CI 0676,CO 0683
RES002790,11:55:38,9,383000,3447000,CUS 1772,KMR 002,MP 01,ST 001,LOK 020,CI 0220,CO 0228
RES002791,22:50:46,2,1269000,2538000,CUS 3760,KMR 003,MP 05,ST 002,LOK 016,CI 0905,CO 0908
RES002792,20:45:25,4,368000,1472000,CUS 2926,KMR 002,MP 05,ST 004,LOK 007,CI 0128,CO 0132
RES002793,02:57:10,4,1149000,4596000,CUS 0944,KMR 003,MP 01,ST 004,LOK 003,CI 0987,CO 0994
RES002794,00:27:29,1,361000,361000,CUS 1417,KMR 002,MP 04,ST 003,LOK 020,CI 0190,CO 0192
RES002795,15:04:14,3,1171000,3513000,CUS 2933,KMR 003,MP 04,ST 003,LOK 011,CI 0742,CO 0748
RES002796,10:11:14,4,391000,1564000,CUS 1470,KMR 002,MP 06,ST 003,LOK 020,CI 0075,CO 0079
RES002797,12:20:25,4,492000,1968000,CUS 1605,KMR 004,MP 05,ST 003,LOK 004,CI 0629,CO 0633
RES002798,03:27:51,7,462000,3234000,CUS 3315,KMR 004,MP 06,ST 004,LOK 004,CI 0404,CO 0412
RES002799,12:06:42,8,453000,3624000,CUS 1701,KMR 004,MP 06,ST 004,LOK 009,CI 0734,CO 0745
RES002800,22:24:41,4,1132000,4528000,CUS 2591,KMR 003,MP 04,ST 003,LOK 018,CI 0243,CO 0245
RES002801,17:42:05,3,1246000,3738000,CUS 1621,KMR 003,MP 03,ST 002,LOK 005,CI 1042,CO 1048
RES002802,17:40:09,8,330000,2640000,CUS 1072,KMR 002,MP 03,ST 004,LOK 013,CI 0335,CO 0342
RES002803,23:24:54,4,321000,1284000,CUS 3385,KMR 002,MP 06,ST 004,LOK 011,CI 0513,CO 0518
RES002804,19:11:37,8,579000,4632000,CUS 2963,KMR 001,MP 03,ST 003,LOK 001,CI 0087,CO 0095
RES002805,22:43:20,2,1296000,2592000,CUS 1311,KMR 003,MP 06,ST 001,LOK 006,CI 0777,CO 0782
RES002806,06:16:17,7,348000,2436000,CUS 1817,KMR 002,MP 05,ST 003,LOK 003,CI 0102,CO 0109
RES002807,20:23:20,6,1225000,7350000,CUS 0081,KMR 003,MP 03,ST 004,LOK 004,CI 0115,CO 0121
RES002808,06:52:46,4,415000,1660000,CUS 2976,KMR 004,MP 01,ST 002,LOK 018,CI 0536,CO 0541
RES002809,12:33:00,6,1342000,8052000,CUS 1440,KMR 003,MP 02,ST 004,LOK 015,CI 0062,CO 0068
RES002810,10:33:46,9,338000,3042000,CUS 1492,KMR 002,MP 04,ST 003,LOK 015,CI 0379,CO 0389
RES002811,03:07:49,7,442000,3094000,CUS 1908,KMR 004,MP 05,ST 004,LOK 017,CI 0625,CO 0632
RES002812,20:41:49,4,593000,2372000,CUS 2446,KMR 001,MP 02,ST 003,LOK 015,CI 0964,CO 0971
RES002813,04:11:22,9,561000,5049000,CUS 1629,KMR 001,MP 06,ST 004,LOK 011,CI 0648,CO 0657
RES002814,13:43:15,2,661000,1322000,CUS 0335,KMR 001,MP 02,ST 003,LOK 017,CI 1047,CO 1052
RES002815,09:10:24,3,1094000,3282000,CUS 2315,KMR 003,MP 05,ST 004,LOK 014,CI 0929,CO 0935
RES002816,03:30:41,1,385000,385000,CUS 2842,KMR 002,MP 05,ST 004,LOK 018,CI 0487,CO 0490
RES002817,02:18:02,2,379000,758000,CUS 3708,KMR 002,MP 06,ST 003,LOK 012,CI 0326,CO 0327
RES002818,19:56:56,7,329000,2303000,CUS 3678,KMR 002,MP 04,ST 001,LOK 001,CI 0060,CO 0067
RES002819,15:56:15,6,591000,3546000,CUS 1967,KMR 001,MP 01,ST 004,LOK 007,CI 0963,CO 0972
RES002820,13:08:32,2,379000,758000,CUS 2423,KMR 002,MP 06,ST 003,LOK 001,CI 0079,CO 0081
RES002821,20:00:53,5,541000,2705000,CUS 3456,KMR 001,MP 05,ST 003,LOK 004,CI 0901,CO 0907
RES002822,14:00:03,3,1338000,4014000,CUS 0139,KMR 003,MP 06,ST 003,LOK 018,CI 0861,CO 0866
RES002823,16:31:54,2,644000,1288000,CUS 2364,KMR 001,MP 06,ST 002,LOK 012,CI 0721,CO 0726
RES002824,16:36:43,2,1356000,2712000,CUS 0868,KMR 003,MP 06,ST 004,LOK 019,CI 0903,CO 0906
RES002825,19:41:27,4,469000,1876000,CUS 3409,KMR 004,MP 06,ST 004,LOK 014,CI 1052,CO 1059
RES002826,12:54:38,8,1245000,9960000,CUS 0993,KMR 003,MP 03,ST 004,LOK 013,CI 0338,CO 0345
RES002827,03:36:03,9,398000,3582000,CUS 0608,KMR 002,MP 02,ST 003,LOK 020,CI 0202,CO 0211
RES002828,21:10:23,1,680000,680000,CUS 3339,KMR 001,MP 06,ST 004,LOK 020,CI 0985,CO 0989
RES002829,20:56:23,6,335000,2010000,CUS 1660,KMR 002,MP 03,ST 004,LOK 004,CI 1045,CO 1054
RES002830,05:05:32,4,346000,1384000,CUS 2671,KMR 002,MP 01,ST 003,LOK 017,CI 0204,CO 0208
RES002831,11:03:31,5,664000,3320000,CUS 2674,KMR 001,MP 02,ST 003,LOK 019,CI 1010,CO 1018
RES002833,11:57:16,5,352000,1760000,CUS 1182,KMR 002,MP 05,ST 002,LOK 001,CI 0822,CO 0831
RES002834,21:17:24,9,394000,3546000,CUS 0129,KMR 002,MP 04,ST 004,LOK 006,CI 0873,CO 0883
RES002835,03:46:46,9,433000,3897000,CUS 3197,KMR 004,MP 01,ST 004,LOK 006,CI 0263,CO 0270
RES002836,01:25:10,8,644000,5152000,CUS 4127,KMR 001,MP 03,ST 004,LOK 017,CI 1062,CO 1072
RES002837,19:35:01,8,474000,3792000,CUS 1001,KMR 004,MP 06,ST 003,LOK 005,CI 0444,CO 0454
RES002838,22:23:15,7,1379000,9653000,CUS 0747,KMR 003,MP 03,ST 003,LOK 020,CI 0854,CO 0863
RES002839,01:42:29,2,1261000,2522000,CUS 0271,KMR 003,MP 04,ST 003,LOK 015,CI 0442,CO 0446
RES002840,02:25:13,9,464000,4176000,CUS 1184,KMR 004,MP 05,ST 002,LOK 020,CI 0085,CO 0094
RES002841,02:08:31,5,355000,1775000,CUS 2510,KMR 002,MP 02,ST 003,LOK 019,CI 0836,CO 0844
RES002842,03:11:39,8,492000,3936000,CUS 2953,KMR 004,MP 06,ST 003,LOK 001,CI 0608,CO 0616
RES002843,17:03:54,5,613000,3065000,CUS 1112,KMR 001,MP 06,ST 003,LOK 009,CI 0036,CO 0041
RES002844,14:14:45,2,1227000,2454000,CUS 3582,KMR 003,MP 06,ST 003,LOK 007,CI 0613,CO 0615
RES002845,05:06:55,9,1127000,10143000,CUS 3914,KMR 003,MP 02,ST 004,LOK 012,CI 0294,CO 0301
RES002846,22:28:47,7,1325000,9275000,CUS 1898,KMR 003,MP 06,ST 003,LOK 009,CI 0946,CO 0956
RES002847,16:46:23,3,1187000,3561000,CUS 0408,KMR 003,MP 05,ST 003,LOK 001,CI 0590,CO 0593
RES002848,15:10:35,8,456000,3648000,CUS 1413,KMR 004,MP 03,ST 003,LOK 013,CI 0713,CO 0723
RES002849,06:17:11,2,672000,1344000,CUS 0575,KMR 001,MP 01,ST 002,LOK 010,CI 0585,CO 0588
RES002850,23:12:42,9,667000,6003000,CUS 3180,KMR 001,MP 06,ST 003,LOK 002,CI 0148,CO 0157
RES002851,19:15:01,7,507000,3549000,CUS 1292,KMR 004,MP 04,ST 002,LOK 019,CI 0366,CO 0372
RES002852,16:32:45,4,1094000,4376000,CUS 0893,KMR 003,MP 05,ST 003,LOK 001,CI 0072,CO 0076
RES002853,03:56:17,9,688000,6192000,CUS 1897,KMR 001,MP 03,ST 004,LOK 013,CI 0559,CO 0568
RES002854,23:31:22,5,1186000,5930000,CUS 1354,KMR 003,MP 02,ST 003,LOK 008,CI 0762,CO 0769
RES002855,12:36:59,7,382000,2674000,CUS 3709,KMR 002,MP 02,ST 003,LOK 009,CI 0142,CO 0149
RES002856,22:16:35,1,490000,490000,CUS 2286,KMR 004,MP 02,ST 004,LOK 002,CI 0003,CO 0004
RES002857,06:06:25,4,472000,1888000,CUS 1864,KMR 004,MP 02,ST 003,LOK 019,CI 0551,CO 0555
RES002858,11:14:28,9,444000,3996000,CUS 3701,KMR 004,MP 06,ST 003,LOK 006,CI 0929,CO 0941
RES002859,23:39:45,9,1119000,10071000,CUS 3181,KMR 003,MP 04,ST 004,LOK 016,CI 0284,CO 0291
RES002860,08:29:02,3,1119000,3357000,CUS 1291,KMR 003,MP 05,ST 004,LOK 020,CI 0627,CO 0630
RES002861,13:36:21,3,369000,1107000,CUS 1468,KMR 002,MP 03,ST 002,LOK 015,CI 0002,CO 0005
RES002862,12:37:06,7,503000,3521000,CUS 1021,KMR 004,MP 05,ST 001,LOK 004,CI 0937,CO 0947
RES002863,04:06:45,9,639000,5751000,CUS 0313,KMR 001,MP 05,ST 003,LOK 018,CI 0699,CO 0710
RES002864,09:03:56,9,513000,4617000,CUS 2314,KMR 004,MP 06,ST 004,LOK 008,CI 0892,CO 0902
RES002865,18:36:18,1,619000,619000,CUS 2959,KMR 001,MP 03,ST 003,LOK 020,CI 0973,CO 0977
RES002866,11:50:31,7,345000,2415000,CUS 3893,KMR 002,MP 05,ST 004,LOK 001,CI 0764,CO 0773
RES002867,02:30:31,4,1213000,4852000,CUS 2131,KMR 003,MP 05,ST 004,LOK 003,CI 0116,CO 0120
RES002868,20:19:28,5,1346000,6730000,CUS 0229,KMR 003,MP 03,ST 003,LOK 017,CI 0637,CO 0642
RES002869,17:06:24,7,380000,2660000,CUS 0415,KMR 002,MP 04,ST 003,LOK 011,CI 0857,CO 0866
RES002870,14:07:31,9,372000,3348000,CUS 2727,KMR 002,MP 05,ST 001,LOK 017,CI 0608,CO 0617
RES002871,18:36:53,8,468000,3744000,CUS 3641,KMR 004,MP 04,ST 004,LOK 019,CI 0382,CO 0391
RES002872,17:05:35,8,1297000,10376000,CUS 1279,KMR 003,MP 01,ST 004,LOK 011,CI 0953,CO 0964
RES002873,13:11:10,6,1179000,7074000,CUS 0139,KMR 003,MP 01,ST 003,LOK 019,CI 0914,CO 0922
RES002874,06:57:11,1,447000,447000,CUS 1969,KMR 004,MP 03,ST 003,LOK 002,CI 0506,CO 0508
RES002875,12:49:28,8,660000,5280000,CUS 2373,KMR 001,MP 03,ST 004,LOK 017,CI 0578,CO 0586
RES002876,22:13:06,1,652000,652000,CUS 2124,KMR 001,MP 01,ST 003,LOK 015,CI 0087,CO 0088
RES002877,07:09:26,8,373000,2984000,CUS 2285,KMR 002,MP 02,ST 004,LOK 009,CI 0298,CO 0304
RES002878,14:48:23,7,328000,2296000,CUS 4045,KMR 002,MP 04,ST 003,LOK 010,CI 0342,CO 0348
RES002879,08:47:00,8,617000,4936000,CUS 1926,KMR 001,MP 04,ST 004,LOK 005,CI 0861,CO 0871
RES002880,13:43:03,3,416000,1248000,CUS 2480,KMR 004,MP 04,ST 004,LOK 017,CI 1063,CO 1068
RES002881,01:43:18,5,467000,2335000,CUS 2956,KMR 004,MP 06,ST 003,LOK 007,CI 0512,CO 0518
RES002882,13:04:52,2,618000,1236000,CUS 2346,KMR 001,MP 03,ST 003,LOK 015,CI 0279,CO 0279
RES002883,17:42:47,8,1189000,9512000,CUS 2831,KMR 003,MP 06,ST 004,LOK 005,CI 0492,CO 0501
RES002884,08:51:22,1,1315000,1315000,CUS 2834,KMR 003,MP 01,ST 004,LOK 005,CI 0106,CO 0107
RES002885,23:21:11,1,463000,463000,CUS 0659,KMR 004,MP 02,ST 003,LOK 003,CI 1061,CO 1064
RES002886,07:39:20,4,1332000,5328000,CUS 1705,KMR 003,MP 04,ST 004,LOK 018,CI 0153,CO 0158
RES002887,18:17:15,3,448000,1344000,CUS 2359,KMR 004,MP 02,ST 002,LOK 014,CI 0174,CO 0179
RES002888,01:46:59,7,387000,2709000,CUS 0748,KMR 002,MP 03,ST 003,LOK 007,CI 0213,CO 0219
RES002889,21:02:22,1,1279000,1279000,CUS 1784,KMR 003,MP 04,ST 003,LOK 001,CI 0611,CO 0612
RES002890,05:39:17,9,393000,3537000,CUS 2139,KMR 002,MP 02,ST 004,LOK 015,CI 0021,CO 0029
RES002891,01:20:58,2,438000,876000,CUS 1276,KMR 004,MP 06,ST 003,LOK 001,CI 0843,CO 0848
RES002892,15:42:09,2,604000,1208000,CUS 0405,KMR 001,MP 02,ST 003,LOK 018,CI 0520,CO 0523
RES002893,00:22:30,3,332000,996000,CUS 1039,KMR 002,MP 03,ST 003,LOK 020,CI 0984,CO 0990
RES002894,15:53:58,2,439000,878000,CUS 0772,KMR 004,MP 03,ST 002,LOK 001,CI 0814,CO 0820
RES002895,15:36:57,4,325000,1300000,CUS 1624,KMR 002,MP 02,ST 004,LOK 001,CI 0704,CO 0710
RES002896,07:01:01,8,1351000,10808000,CUS 2930,KMR 003,MP 05,ST 003,LOK 013,CI 0634,CO 0642
RES002897,17:18:38,3,1113000,3339000,CUS 3249,KMR 003,MP 02,ST 002,LOK 004,CI 0188,CO 0192
RES002898,11:47:46,5,472000,2360000,CUS 0207,KMR 004,MP 05,ST 001,LOK 020,CI 0180,CO 0186
RES002899,18:17:00,2,344000,688000,CUS 3264,KMR 002,MP 05,ST 004,LOK 020,CI 0204,CO 0206
RES002900,00:58:13,3,1147000,3441000,CUS 0998,KMR 003,MP 04,ST 003,LOK 007,CI 0105,CO 0108
RES002901,19:33:27,2,635000,1270000,CUS 0630,KMR 001,MP 06,ST 004,LOK 001,CI 0410,CO 0414
RES002902,02:29:06,5,667000,3335000,CUS 3350,KMR 001,MP 01,ST 002,LOK 010,CI 0575,CO 0580
RES002903,20:10:53,7,597000,4179000,CUS 1090,KMR 001,MP 06,ST 004,LOK 012,CI 0717,CO 0727
RES002904,14:39:16,6,656000,3936000,CUS 2393,KMR 001,MP 06,ST 004,LOK 020,CI 1038,CO 1047
RES002905,04:34:39,6,377000,2262000,CUS 2980,KMR 002,MP 04,ST 004,LOK 018,CI 0540,CO 0546
RES002906,16:07:08,5,327000,1635000,CUS 0030,KMR 002,MP 06,ST 003,LOK 019,CI 0295,CO 0298
RES002908,00:09:41,1,378000,378000,CUS 3935,KMR 002,MP 05,ST 003,LOK 002,CI 0137,CO 0138
RES002909,12:50:39,6,516000,3096000,CUS 0645,KMR 004,MP 04,ST 004,LOK 004,CI 0927,CO 0935
RES002910,22:37:57,7,370000,2590000,CUS 2204,KMR 002,MP 01,ST 003,LOK 019,CI 0355,CO 0360
RES002911,04:20:09,2,416000,832000,CUS 2173,KMR 004,MP 06,ST 004,LOK 020,CI 0673,CO 0676
RES002912,16:15:35,6,1114000,6684000,CUS 1740,KMR 003,MP 01,ST 004,LOK 008,CI 0371,CO 0377
RES002913,23:57:35,4,586000,2344000,CUS 1214,KMR 001,MP 03,ST 004,LOK 010,CI 0527,CO 0532
RES002914,20:11:41,4,1340000,5360000,CUS 2734,KMR 003,MP 05,ST 003,LOK 020,CI 0616,CO 0620
RES002915,10:02:09,8,433000,3464000,CUS 3827,KMR 004,MP 05,ST 004,LOK 004,CI 0170,CO 0180
RES002916,22:04:32,9,1261000,11349000,CUS 3988,KMR 003,MP 01,ST 002,LOK 017,CI 1018,CO 1030
RES002917,10:12:35,9,559000,5031000,CUS 0012,KMR 001,MP 02,ST 003,LOK 017,CI 0458,CO 0001
RES002918,22:39:23,2,431000,862000,CUS 1360,KMR 004,MP 02,ST 003,LOK 006,CI 0578,CO 0580
RES002919,14:32:11,3,429000,1287000,CUS 3529,KMR 004,MP 02,ST 003,LOK 007,CI 0205,CO 0208
RES002920,22:04:29,2,363000,726000,CUS 1385,KMR 002,MP 05,ST 001,LOK 008,CI 0903,CO 0906
RES002921,13:38:48,5,1203000,6015000,CUS 1803,KMR 003,MP 01,ST 003,LOK 008,CI 0844,CO 0851
RES002922,02:38:13,1,619000,619000,CUS 3001,KMR 001,MP 01,ST 004,LOK 010,CI 0579,CO 0580
RES002923,04:19:16,4,388000,1552000,CUS 3686,KMR 002,MP 03,ST 004,LOK 012,CI 0468,CO 0473
RES002924,20:49:16,8,355000,2840000,CUS 3125,KMR 002,MP 01,ST 004,LOK 001,CI 0611,CO 0619
RES002925,11:01:54,8,356000,2848000,CUS 3561,KMR 002,MP 03,ST 004,LOK 011,CI 0632,CO 0640
RES002926,04:39:05,3,561000,1683000,CUS 1477,KMR 001,MP 02,ST 004,LOK 020,CI 0299,CO 0300
RES002927,08:12:17,4,1253000,5012000,CUS 3637,KMR 003,MP 01,ST 003,LOK 002,CI 0105,CO 0109
RES002928,16:29:54,1,1114000,1114000,CUS 1188,KMR 003,MP 05,ST 003,LOK 018,CI 1057,CO 1061
RES002929,11:32:15,4,445000,1780000,CUS 1295,KMR 004,MP 01,ST 004,LOK 008,CI 0965,CO 0972
RES002930,13:30:21,8,344000,2752000,CUS 3532,KMR 002,MP 03,ST 002,LOK 002,CI 0341,CO 0348
RES002931,19:43:35,3,514000,1542000,CUS 3876,KMR 004,MP 05,ST 001,LOK 013,CI 0916,CO 0921
RES002932,15:26:46,2,399000,798000,CUS 1512,KMR 002,MP 04,ST 003,LOK 006,CI 0781,CO 0786
RES002933,08:23:19,4,1214000,4856000,CUS 1809,KMR 003,MP 05,ST 003,LOK 011,CI 0327,CO 0330
RES002934,11:03:09,9,1220000,10980000,CUS 1592,KMR 003,MP 04,ST 004,LOK 006,CI 0257,CO 0264
RES002935,18:56:09,6,551000,3306000,CUS 0688,KMR 001,MP 04,ST 002,LOK 001,CI 0827,CO 0837
RES002936,23:37:58,1,369000,369000,CUS 3603,KMR 002,MP 05,ST 003,LOK 018,CI 0187,CO 0189
RES002937,03:34:40,5,1197000,5985000,CUS 0139,KMR 003,MP 02,ST 004,LOK 011,CI 0405,CO 0411
RES002938,19:36:12,3,470000,1410000,CUS 2252,KMR 004,MP 03,ST 002,LOK 013,CI 0804,CO 0811
RES002939,02:32:32,4,486000,1944000,CUS 3509,KMR 004,MP 06,ST 003,LOK 016,CI 0850,CO 0856
RES002940,17:52:22,2,1313000,2626000,CUS 1200,KMR 003,MP 05,ST 003,LOK 011,CI 0407,CO 0410
RES002941,22:42:29,1,434000,434000,CUS 1639,KMR 004,MP 03,ST 003,LOK 014,CI 0558,CO 0559
RES002942,01:48:02,8,625000,5000000,CUS 1835,KMR 001,MP 02,ST 004,LOK 007,CI 0937,CO 0948
RES002943,04:24:57,3,672000,2016000,CUS 1071,KMR 001,MP 05,ST 004,LOK 016,CI 0377,CO 0381
RES002944,18:55:43,6,444000,2664000,CUS 3675,KMR 004,MP 04,ST 002,LOK 020,CI 0962,CO 0971
RES002945,00:30:51,6,564000,3384000,CUS 1881,KMR 001,MP 02,ST 001,LOK 002,CI 1009,CO 1018
RES002946,13:11:18,7,352000,2464000,CUS 3202,KMR 002,MP 04,ST 004,LOK 020,CI 0821,CO 0832
RES002947,01:24:55,2,425000,850000,CUS 1325,KMR 004,MP 05,ST 004,LOK 008,CI 0286,CO 0286
RES002948,13:38:07,1,1209000,1209000,CUS 4150,KMR 003,MP 03,ST 003,LOK 011,CI 0897,CO 0899
RES002949,23:51:56,1,337000,337000,CUS 3898,KMR 002,MP 05,ST 004,LOK 015,CI 0329,CO 0329
RES002950,15:10:44,3,631000,1893000,CUS 1607,KMR 001,MP 01,ST 004,LOK 009,CI 0769,CO 0774
RES002951,05:24:20,2,551000,1102000,CUS 3435,KMR 001,MP 03,ST 003,LOK 001,CI 0906,CO 0909
RES002952,01:07:52,3,342000,1026000,CUS 0139,KMR 002,MP 06,ST 003,LOK 005,CI 0700,CO 0705
RES002953,20:41:01,6,516000,3096000,CUS 0139,KMR 004,MP 03,ST 002,LOK 004,CI 0717,CO 0726
RES002954,01:45:51,4,579000,2316000,CUS 1143,KMR 001,MP 02,ST 002,LOK 013,CI 0010,CO 0013
RES002955,20:58:49,4,468000,1872000,CUS 1781,KMR 004,MP 03,ST 004,LOK 010,CI 0063,CO 0067
RES002956,13:38:23,4,319000,1276000,CUS 2777,KMR 002,MP 02,ST 001,LOK 005,CI 0925,CO 0931
RES002957,10:54:18,9,460000,4140000,CUS 0803,KMR 004,MP 06,ST 004,LOK 001,CI 0146,CO 0155
RES002958,12:39:48,8,1350000,10800000,CUS 3087,KMR 003,MP 04,ST 001,LOK 017,CI 0878,CO 0887
RES002959,20:55:16,7,1235000,8645000,CUS 3604,KMR 003,MP 06,ST 004,LOK 010,CI 0492,CO 0500
RES002960,12:01:32,5,1252000,6260000,CUS 2986,KMR 003,MP 01,ST 004,LOK 003,CI 0050,CO 0055
RES002961,23:34:02,7,458000,3206000,CUS 4037,KMR 004,MP 06,ST 004,LOK 008,CI 0992,CO 1002
RES002962,15:10:47,8,393000,3144000,CUS 4153,KMR 002,MP 04,ST 003,LOK 003,CI 0934,CO 0945
RES002963,06:00:19,7,425000,2975000,CUS 2134,KMR 004,MP 06,ST 004,LOK 020,CI 1073,CO 1082
RES002964,18:04:47,5,326000,1630000,CUS 2697,KMR 002,MP 04,ST 003,LOK 009,CI 0103,CO 0108
RES002965,20:00:56,3,592000,1776000,CUS 2127,KMR 001,MP 04,ST 004,LOK 016,CI 0027,CO 0030
RES002966,08:33:44,1,601000,601000,CUS 1672,KMR 001,MP 06,ST 004,LOK 004,CI 0797,CO 0802
RES002967,16:15:55,6,1276000,7656000,CUS 3159,KMR 003,MP 04,ST 003,LOK 007,CI 0225,CO 0230
RES002968,07:10:43,8,1344000,10752000,CUS 0558,KMR 003,MP 05,ST 004,LOK 007,CI 0868,CO 0878
RES002969,10:35:08,4,545000,2180000,CUS 1168,KMR 001,MP 06,ST 004,LOK 016,CI 0646,CO 0650
RES002970,23:27:07,9,1276000,11484000,CUS 1197,KMR 003,MP 03,ST 003,LOK 013,CI 0342,CO 0350
RES002971,23:20:56,4,348000,1392000,CUS 3565,KMR 002,MP 02,ST 003,LOK 018,CI 0979,CO 0986
RES002972,16:45:37,2,1341000,2682000,CUS 4093,KMR 003,MP 06,ST 003,LOK 006,CI 0028,CO 0030
RES002973,01:40:47,6,364000,2184000,CUS 0266,KMR 002,MP 04,ST 003,LOK 001,CI 0842,CO 0850
RES002974,07:59:18,1,570000,570000,CUS 3724,KMR 001,MP 03,ST 003,LOK 001,CI 0888,CO 0890
RES002975,11:53:32,4,559000,2236000,CUS 0730,KMR 001,MP 02,ST 004,LOK 004,CI 0091,CO 0095
RES002976,10:43:09,9,415000,3735000,CUS 2256,KMR 004,MP 06,ST 004,LOK 004,CI 0281,CO 0288
RES002977,16:01:26,1,374000,374000,CUS 1297,KMR 002,MP 06,ST 004,LOK 007,CI 0828,CO 0833
RES002978,17:50:04,1,684000,684000,CUS 1328,KMR 001,MP 02,ST 004,LOK 010,CI 0777,CO 0781
RES002979,08:24:55,2,492000,984000,CUS 3338,KMR 004,MP 03,ST 001,LOK 009,CI 0083,CO 0085
RES002980,20:35:53,5,410000,2050000,CUS 0038,KMR 004,MP 01,ST 003,LOK 005,CI 0861,CO 0868
RES002981,14:46:03,6,675000,4050000,CUS 0236,KMR 001,MP 04,ST 004,LOK 001,CI 0927,CO 0935
RES002982,22:12:51,8,380000,3040000,CUS 2451,KMR 002,MP 06,ST 004,LOK 013,CI 0406,CO 0415
RES002983,16:46:00,7,457000,3199000,CUS 0655,KMR 004,MP 03,ST 003,LOK 004,CI 0321,CO 0327
RES002984,09:41:45,9,1266000,11394000,CUS 0453,KMR 003,MP 03,ST 001,LOK 004,CI 1063,CO 1074
RES002985,21:44:01,8,496000,3968000,CUS 2205,KMR 004,MP 06,ST 002,LOK 003,CI 0193,CO 0202
RES002987,08:02:14,1,336000,336000,CUS 1362,KMR 002,MP 01,ST 003,LOK 016,CI 0293,CO 0292
RES002988,04:05:17,4,341000,1364000,CUS 0531,KMR 002,MP 02,ST 001,LOK 018,CI 0276,CO 0278
RES002989,10:26:39,9,435000,3915000,CUS 3816,KMR 004,MP 06,ST 001,LOK 006,CI 0088,CO 0097
RES002990,05:29:55,1,1287000,1287000,CUS 0842,KMR 003,MP 06,ST 003,LOK 011,CI 0859,CO 0862
RES002991,11:29:16,3,571000,1713000,CUS 1650,KMR 001,MP 01,ST 001,LOK 005,CI 0945,CO 0951
RES002992,01:38:52,6,491000,2946000,CUS 2386,KMR 004,MP 06,ST 003,LOK 010,CI 0423,CO 0431
RES002993,09:18:30,5,582000,2910000,CUS 0896,KMR 001,MP 04,ST 004,LOK 016,CI 0699,CO 0706
RES002994,19:00:29,1,493000,493000,CUS 0054,KMR 004,MP 05,ST 002,LOK 004,CI 0887,CO 0889
RES002995,03:30:32,3,1096000,3288000,CUS 2178,KMR 003,MP 05,ST 004,LOK 003,CI 1022,CO 1028
RES002996,08:13:36,3,387000,1161000,CUS 0760,KMR 002,MP 02,ST 003,LOK 008,CI 0596,CO 0599
RES002997,19:43:08,2,348000,696000,CUS 2635,KMR 002,MP 05,ST 003,LOK 001,CI 0751,CO 0755
RES002998,21:53:55,8,562000,4496000,CUS 1787,KMR 001,MP 02,ST 002,LOK 002,CI 0290,CO 0296
RES002999,17:04:52,3,490000,1470000,CUS 2918,KMR 004,MP 06,ST 004,LOK 006,CI 0784,CO 0790
RES003000,07:12:04,6,1335000,8010000,CUS 3466,KMR 003,MP 02,ST 003,LOK 020,CI 0085,CO 0091
RES003001,20:54:16,6,668000,4008000,CUS 0139,KMR 001,MP 04,ST 004,LOK 016,CI 0411,CO 0419
RES003002,12:56:08,9,1113000,10017000,CUS 2203,KMR 003,MP 04,ST 001,LOK 010,CI 0084,CO 0093
RES003003,04:20:23,4,1316000,5264000,CUS 2860,KMR 003,MP 02,ST 004,LOK 019,CI 0034,CO 0038
RES003004,16:20:58,9,1202000,10818000,CUS 0014,KMR 003,MP 05,ST 004,LOK 020,CI 0308,CO 0315
RES003005,16:22:32,5,340000,1700000,CUS 1390,KMR 002,MP 03,ST 004,LOK 013,CI 0487,CO 0494
RES003006,13:55:10,5,498000,2490000,CUS 1687,KMR 004,MP 06,ST 003,LOK 012,CI 0616,CO 0621
RES003007,07:10:11,2,1183000,2366000,CUS 3224,KMR 003,MP 01,ST 003,LOK 014,CI 1054,CO 1059
RES003008,22:16:57,4,1365000,5460000,CUS 1680,KMR 003,MP 06,ST 004,LOK 008,CI 0242,CO 0244
RES003009,21:57:43,1,584000,584000,CUS 1237,KMR 001,MP 01,ST 003,LOK 018,CI 0236,CO 0236
RES003010,05:42:56,5,396000,1980000,CUS 4095,KMR 002,MP 06,ST 004,LOK 011,CI 0092,CO 0097
RES003011,12:31:29,9,1141000,10269000,CUS 0863,KMR 003,MP 06,ST 004,LOK 001,CI 0014,CO 0022
RES003012,06:28:17,2,639000,1278000,CUS 3061,KMR 001,MP 06,ST 001,LOK 012,CI 1025,CO 1030
RES003013,11:01:50,4,1360000,5440000,CUS 0285,KMR 003,MP 05,ST 004,LOK 008,CI 0391,CO 0396
RES003014,09:03:45,1,362000,362000,CUS 1747,KMR 002,MP 04,ST 004,LOK 012,CI 0701,CO 0704
RES003015,16:54:14,2,1172000,2344000,CUS 1420,KMR 003,MP 04,ST 004,LOK 013,CI 0955,CO 0960
RES003016,11:06:23,3,603000,1809000,CUS 3290,KMR 001,MP 06,ST 004,LOK 006,CI 0696,CO 0701
RES003017,07:19:01,4,593000,2372000,CUS 2712,KMR 001,MP 05,ST 004,LOK 013,CI 0222,CO 0225
RES003018,03:27:59,5,634000,3170000,CUS 2198,KMR 001,MP 02,ST 003,LOK 008,CI 0856,CO 0863
RES003019,23:50:32,8,515000,4120000,CUS 2587,KMR 004,MP 03,ST 004,LOK 004,CI 0884,CO 0893
RES003020,04:46:59,1,1112000,1112000,CUS 2760,KMR 003,MP 06,ST 003,LOK 020,CI 0545,CO 0546
RES003021,09:21:31,4,591000,2364000,CUS 0192,KMR 001,MP 03,ST 003,LOK 014,CI 0351,CO 0354
RES003022,05:23:58,9,509000,4581000,CUS 2822,KMR 004,MP 03,ST 004,LOK 013,CI 0394,CO 0404
RES003023,07:05:54,2,340000,680000,CUS 2093,KMR 002,MP 06,ST 004,LOK 017,CI 0720,CO 0725
RES003024,13:21:12,9,1179000,10611000,CUS 0639,KMR 003,MP 06,ST 003,LOK 011,CI 0272,CO 0279
RES003025,07:43:50,4,570000,2280000,CUS 3982,KMR 001,MP 05,ST 003,LOK 007,CI 0443,CO 0449
RES003026,12:32:31,4,373000,1492000,CUS 0538,KMR 002,MP 04,ST 004,LOK 020,CI 1051,CO 1058
RES003027,21:38:49,7,1136000,7952000,CUS 2108,KMR 003,MP 02,ST 002,LOK 020,CI 0117,CO 0124
RES003028,01:40:20,2,611000,1222000,CUS 0139,KMR 001,MP 06,ST 003,LOK 007,CI 0377,CO 0380
RES003029,15:52:08,8,515000,4120000,CUS 0668,KMR 004,MP 06,ST 003,LOK 020,CI 0856,CO 0866
RES003030,00:41:53,4,1099000,4396000,CUS 3742,KMR 003,MP 03,ST 004,LOK 012,CI 0669,CO 0674
RES003031,15:37:48,9,1255000,11295000,CUS 1538,KMR 003,MP 03,ST 002,LOK 019,CI 0444,CO 0455
RES003032,10:12:04,4,381000,1524000,CUS 4141,KMR 002,MP 02,ST 001,LOK 001,CI 0735,CO 0742
RES003033,23:28:57,9,376000,3384000,CUS 3356,KMR 002,MP 06,ST 003,LOK 016,CI 0262,CO 0269
RES003034,11:32:43,3,1237000,3711000,CUS 0669,KMR 003,MP 06,ST 004,LOK 010,CI 0344,CO 0346
RES003035,16:09:03,2,628000,1256000,CUS 1766,KMR 001,MP 03,ST 003,LOK 018,CI 0812,CO 0818
RES003036,04:55:12,5,626000,3130000,CUS 1755,KMR 001,MP 01,ST 003,LOK 020,CI 0942,CO 0950
RES003037,06:52:58,4,378000,1512000,CUS 2578,KMR 002,MP 04,ST 003,LOK 010,CI 0993,CO 1000
RES003038,09:42:36,6,1327000,7962000,CUS 0713,KMR 003,MP 05,ST 004,LOK 010,CI 0445,CO 0453
RES003039,07:18:14,2,1142000,2284000,CUS 3757,KMR 003,MP 01,ST 003,LOK 001,CI 0002,CO 0004
RES003040,00:19:22,5,376000,1880000,CUS 0496,KMR 002,MP 04,ST 003,LOK 004,CI 1027,CO 1035
RES003041,21:35:27,3,650000,1950000,CUS 1139,KMR 001,MP 04,ST 001,LOK 015,CI 1002,CO 1008
RES003042,08:49:47,6,432000,2592000,CUS 3856,KMR 004,MP 03,ST 004,LOK 001,CI 0486,CO 0494
RES003043,04:33:20,8,508000,4064000,CUS 2439,KMR 004,MP 04,ST 003,LOK 010,CI 0547,CO 0555
RES003044,22:17:31,9,473000,4257000,CUS 0715,KMR 004,MP 04,ST 002,LOK 012,CI 0474,CO 0485
RES003045,01:02:30,9,629000,5661000,CUS 2962,KMR 001,MP 03,ST 004,LOK 013,CI 0525,CO 0535
RES003046,01:50:24,6,485000,2910000,CUS 0139,KMR 004,MP 05,ST 003,LOK 011,CI 0964,CO 0973
RES003047,04:25:45,8,354000,2832000,CUS 0761,KMR 002,MP 06,ST 004,LOK 018,CI 0671,CO 0680
RES003048,21:16:17,7,388000,2716000,CUS 1186,KMR 002,MP 02,ST 004,LOK 011,CI 0466,CO 0474
RES003049,17:36:30,7,644000,4508000,CUS 1615,KMR 001,MP 02,ST 002,LOK 005,CI 0314,CO 0319
RES003050,23:10:19,9,1289000,11601000,CUS 3735,KMR 003,MP 01,ST 003,LOK 007,CI 0311,CO 0318
RES003051,16:03:52,8,499000,3992000,CUS 0325,KMR 004,MP 06,ST 002,LOK 008,CI 0042,CO 0050
RES003052,01:45:18,4,610000,2440000,CUS 3043,KMR 001,MP 04,ST 004,LOK 020,CI 0235,CO 0237
RES003053,00:07:41,1,436000,436000,CUS 0989,KMR 004,MP 04,ST 004,LOK 001,CI 0301,CO 0300
RES003054,03:21:17,7,414000,2898000,CUS 2718,KMR 004,MP 06,ST 004,LOK 004,CI 0009,CO 0015
RES003055,03:49:56,9,609000,5481000,CUS 0389,KMR 001,MP 05,ST 004,LOK 009,CI 0862,CO 0873
RES003056,09:32:22,1,628000,628000,CUS 2912,KMR 001,MP 06,ST 003,LOK 008,CI 0106,CO 0107
RES003057,02:03:34,5,330000,1650000,CUS 3938,KMR 002,MP 06,ST 001,LOK 018,CI 0613,CO 0618
RES003058,13:41:58,5,1087000,5435000,CUS 3870,KMR 003,MP 01,ST 003,LOK 015,CI 0513,CO 0519
RES003059,11:55:25,8,408000,3264000,CUS 1764,KMR 004,MP 06,ST 004,LOK 019,CI 0065,CO 0073
RES003060,11:11:50,1,348000,348000,CUS 1544,KMR 002,MP 01,ST 003,LOK 012,CI 0407,CO 0409
RES003061,07:14:20,8,578000,4624000,CUS 3739,KMR 001,MP 05,ST 002,LOK 008,CI 0535,CO 0543
RES003062,03:17:27,9,1141000,10269000,CUS 2501,KMR 003,MP 03,ST 004,LOK 014,CI 0311,CO 0318
RES003063,06:25:11,5,371000,1855000,CUS 2218,KMR 002,MP 06,ST 003,LOK 005,CI 0125,CO 0130
RES003064,01:03:05,4,339000,1356000,CUS 2035,KMR 002,MP 05,ST 001,LOK 017,CI 0470,CO 0475
RES003065,20:47:27,8,1166000,9328000,CUS 1649,KMR 003,MP 05,ST 004,LOK 015,CI 0563,CO 0571
RES003066,11:32:57,1,612000,612000,CUS 3171,KMR 001,MP 03,ST 003,LOK 005,CI 1022,CO 1026
RES003067,17:25:28,4,383000,1532000,CUS 4091,KMR 002,MP 04,ST 004,LOK 007,CI 0908,CO 0913
RES003068,01:13:35,1,618000,618000,CUS 1080,KMR 001,MP 01,ST 003,LOK 002,CI 0822,CO 0827
RES003069,04:44:13,9,369000,3321000,CUS 3667,KMR 002,MP 06,ST 004,LOK 003,CI 0925,CO 0936
RES003070,00:05:06,4,608000,2432000,CUS 0465,KMR 001,MP 02,ST 004,LOK 011,CI 0060,CO 0064
RES003071,00:32:41,7,374000,2618000,CUS 2066,KMR 002,MP 05,ST 003,LOK 012,CI 0982,CO 0992
RES003072,06:27:32,2,1080000,2160000,CUS 0968,KMR 003,MP 02,ST 003,LOK 010,CI 0350,CO 0351
RES003073,04:09:35,5,1228000,6140000,CUS 1187,KMR 003,MP 02,ST 002,LOK 006,CI 0269,CO 0272
RES003074,02:18:01,2,1144000,2288000,CUS 0577,KMR 003,MP 05,ST 003,LOK 019,CI 0434,CO 0438
RES003075,09:53:26,2,377000,754000,CUS 3089,KMR 002,MP 02,ST 003,LOK 005,CI 0520,CO 0523
RES003076,21:27:10,1,1146000,1146000,CUS 2523,KMR 003,MP 02,ST 003,LOK 012,CI 0029,CO 0030
RES003077,01:53:58,5,414000,2070000,CUS 3514,KMR 004,MP 03,ST 003,LOK 002,CI 0235,CO 0238
RES003078,22:22:29,9,686000,6174000,CUS 2020,KMR 001,MP 04,ST 004,LOK 020,CI 0789,CO 0801
RES003079,20:33:13,9,469000,4221000,CUS 3272,KMR 004,MP 01,ST 004,LOK 013,CI 0335,CO 0343
RES003080,04:57:31,1,375000,375000,CUS 2808,KMR 002,MP 01,ST 004,LOK 007,CI 0114,CO 0115
RES003081,16:11:21,2,339000,678000,CUS 3570,KMR 002,MP 01,ST 004,LOK 020,CI 1035,CO 1040
RES003082,08:50:47,1,426000,426000,CUS 3941,KMR 004,MP 02,ST 003,LOK 016,CI 0621,CO 0622
RES003083,07:00:17,7,1252000,8764000,CUS 1858,KMR 003,MP 01,ST 004,LOK 005,CI 0432,CO 0441
RES003084,08:04:07,3,1200000,3600000,CUS 3250,KMR 003,MP 04,ST 003,LOK 009,CI 0823,CO 0830
RES003085,08:13:44,6,1179000,7074000,CUS 0885,KMR 003,MP 05,ST 003,LOK 017,CI 0748,CO 0756
RES003086,21:01:36,1,572000,572000,CUS 1167,KMR 001,MP 06,ST 003,LOK 019,CI 0694,CO 0697
RES003088,07:52:24,5,624000,3120000,CUS 1977,KMR 001,MP 06,ST 002,LOK 011,CI 0619,CO 0624
RES003089,00:09:24,4,388000,1552000,CUS 1137,KMR 002,MP 06,ST 004,LOK 007,CI 0438,CO 0444
RES003090,19:45:09,1,552000,552000,CUS 2010,KMR 001,MP 04,ST 003,LOK 015,CI 0432,CO 0435
RES003091,10:03:05,8,406000,3248000,CUS 1514,KMR 004,MP 01,ST 003,LOK 002,CI 0536,CO 0544
RES003092,03:00:53,4,399000,1596000,CUS 2577,KMR 002,MP 03,ST 003,LOK 008,CI 0839,CO 0846
RES003093,02:29:47,7,1205000,8435000,CUS 2237,KMR 003,MP 06,ST 004,LOK 018,CI 0041,CO 0048
RES003094,09:08:58,6,653000,3918000,CUS 1125,KMR 001,MP 06,ST 002,LOK 019,CI 0382,CO 0389
RES003095,03:21:03,8,1301000,10408000,CUS 3774,KMR 003,MP 04,ST 004,LOK 018,CI 0137,CO 0145
RES003096,19:49:18,9,648000,5832000,CUS 1888,KMR 001,MP 02,ST 004,LOK 010,CI 0436,CO 0447
RES003097,14:29:35,8,678000,5424000,CUS 0087,KMR 001,MP 01,ST 002,LOK 004,CI 0548,CO 0556
RES003098,13:21:58,4,496000,1984000,CUS 1887,KMR 004,MP 01,ST 003,LOK 003,CI 0448,CO 0454
RES003099,18:14:13,1,1322000,1322000,CUS 0139,KMR 003,MP 01,ST 002,LOK 014,CI 0640,CO 0641
RES003100,23:59:30,3,319000,957000,CUS 0070,KMR 002,MP 03,ST 004,LOK 017,CI 0147,CO 0150
RES003101,04:24:12,7,373000,2611000,CUS 1520,KMR 002,MP 05,ST 004,LOK 016,CI 0017,CO 0023
RES003102,20:43:11,3,355000,1065000,CUS 3016,KMR 002,MP 05,ST 004,LOK 016,CI 0062,CO 0065
RES003103,03:15:12,5,319000,1595000,CUS 1588,KMR 002,MP 06,ST 004,LOK 006,CI 0079,CO 0084
RES003105,08:03:23,5,560000,2800000,CUS 3519,KMR 001,MP 05,ST 003,LOK 010,CI 0211,CO 0215
RES003106,01:04:32,1,1194000,1194000,CUS 1917,KMR 003,MP 05,ST 003,LOK 015,CI 0444,CO 0447
RES003107,06:51:50,1,675000,675000,CUS 0355,KMR 001,MP 02,ST 004,LOK 016,CI 0435,CO 0438
RES003108,04:44:06,2,1102000,2204000,CUS 1745,KMR 003,MP 06,ST 004,LOK 015,CI 0869,CO 0873
RES003109,18:50:33,5,1093000,5465000,CUS 3584,KMR 003,MP 01,ST 003,LOK 016,CI 0686,CO 0693
RES003110,20:36:21,9,557000,5013000,CUS 2928,KMR 001,MP 03,ST 002,LOK 013,CI 0264,CO 0271
RES003111,09:47:16,3,1158000,3474000,CUS 1991,KMR 003,MP 01,ST 004,LOK 015,CI 0583,CO 0586
RES003112,00:51:12,7,423000,2961000,CUS 2163,KMR 004,MP 04,ST 001,LOK 017,CI 0786,CO 0796
RES003113,02:18:59,8,1138000,9104000,CUS 2704,KMR 003,MP 06,ST 003,LOK 015,CI 0345,CO 0352
RES003114,16:24:14,2,559000,1118000,CUS 0246,KMR 001,MP 02,ST 003,LOK 014,CI 0591,CO 0593
RES003115,22:29:12,7,333000,2331000,CUS 3600,KMR 002,MP 06,ST 003,LOK 018,CI 0537,CO 0544
RES003116,17:34:05,3,391000,1173000,CUS 3436,KMR 002,MP 04,ST 004,LOK 016,CI 0490,CO 0495
RES003117,01:28:29,9,418000,3762000,CUS 1117,KMR 004,MP 02,ST 004,LOK 014,CI 0200,CO 0209
RES003118,05:55:21,7,1195000,8365000,CUS 3955,KMR 003,MP 01,ST 004,LOK 004,CI 0174,CO 0182
RES003119,21:46:04,1,402000,402000,CUS 3299,KMR 002,MP 03,ST 001,LOK 014,CI 0895,CO 0897
RES003120,21:59:30,7,650000,4550000,CUS 3357,KMR 001,MP 03,ST 004,LOK 002,CI 0744,CO 0753
RES003121,11:52:23,7,602000,4214000,CUS 2230,KMR 001,MP 01,ST 003,LOK 015,CI 0960,CO 0970
RES003122,04:30:09,1,541000,541000,CUS 0227,KMR 001,MP 04,ST 004,LOK 015,CI 0042,CO 0043
RES003123,16:58:10,4,442000,1768000,CUS 2042,KMR 004,MP 06,ST 004,LOK 019,CI 0721,CO 0728
RES003124,01:07:42,7,484000,3388000,CUS 2965,KMR 004,MP 02,ST 004,LOK 003,CI 0340,CO 0346
RES003125,23:47:13,9,1203000,10827000,CUS 1278,KMR 003,MP 06,ST 004,LOK 014,CI 0490,CO 0500
RES003126,13:09:48,9,451000,4059000,CUS 2433,KMR 004,MP 01,ST 003,LOK 017,CI 0170,CO 0181
RES003127,19:14:35,6,595000,3570000,CUS 3645,KMR 001,MP 05,ST 001,LOK 002,CI 0789,CO 0798
RES003128,05:52:07,6,394000,2364000,CUS 1866,KMR 002,MP 05,ST 002,LOK 006,CI 0785,CO 0794
RES003129,13:23:36,8,1366000,10928000,CUS 1983,KMR 003,MP 04,ST 004,LOK 018,CI 0736,CO 0747
RES003130,08:54:47,7,1256000,8792000,CUS 2541,KMR 003,MP 05,ST 003,LOK 010,CI 0544,CO 0551
RES003131,10:08:34,1,587000,587000,CUS 2178,KMR 001,MP 06,ST 001,LOK 003,CI 0887,CO 0889
RES003132,15:02:50,9,618000,5562000,CUS 3626,KMR 001,MP 02,ST 003,LOK 006,CI 0061,CO 0070
RES003133,10:45:34,1,451000,451000,CUS 0432,KMR 004,MP 06,ST 002,LOK 005,CI 0024,CO 0025
RES003134,22:54:49,3,322000,966000,CUS 2722,KMR 002,MP 04,ST 002,LOK 016,CI 0939,CO 0945
RES003135,11:24:54,7,320000,2240000,CUS 1391,KMR 002,MP 06,ST 003,LOK 014,CI 0185,CO 0193
RES003136,01:48:13,6,634000,3804000,CUS 2212,KMR 001,MP 06,ST 004,LOK 002,CI 0593,CO 0599
RES003137,21:39:54,4,677000,2708000,CUS 2791,KMR 001,MP 05,ST 003,LOK 016,CI 0657,CO 0662
RES003138,07:50:55,5,423000,2115000,CUS 2500,KMR 004,MP 01,ST 001,LOK 003,CI 0001,CO 0006
RES003139,00:55:31,3,689000,2067000,CUS 3033,KMR 001,MP 04,ST 003,LOK 013,CI 0563,CO 0566
RES003140,13:07:06,8,1185000,9480000,CUS 2638,KMR 003,MP 06,ST 002,LOK 006,CI 0841,CO 0851
RES003141,04:45:13,7,1305000,9135000,CUS 1211,KMR 003,MP 03,ST 004,LOK 018,CI 0498,CO 0506
RES003142,02:24:18,3,513000,1539000,CUS 0113,KMR 004,MP 03,ST 004,LOK 004,CI 0615,CO 0618
RES003143,18:23:34,3,508000,1524000,CUS 0678,KMR 004,MP 01,ST 004,LOK 010,CI 0666,CO 0670
RES003144,12:05:52,6,439000,2634000,CUS 1398,KMR 004,MP 02,ST 004,LOK 018,CI 0315,CO 0320
RES003145,11:21:46,5,322000,1610000,CUS 3380,KMR 002,MP 01,ST 004,LOK 017,CI 0712,CO 0719
RES003146,08:47:48,5,459000,2295000,CUS 2281,KMR 004,MP 05,ST 003,LOK 005,CI 0039,CO 0044
RES003147,23:19:11,2,1251000,2502000,CUS 1133,KMR 003,MP 05,ST 003,LOK 012,CI 0514,CO 0517
RES003148,11:09:44,1,482000,482000,CUS 0139,KMR 004,MP 03,ST 003,LOK 012,CI 0407,CO 0409
RES003149,17:12:05,6,548000,3288000,CUS 2994,KMR 001,MP 01,ST 004,LOK 019,CI 0834,CO 0843
RES003150,16:21:38,5,431000,2155000,CUS 3904,KMR 004,MP 03,ST 003,LOK 002,CI 0106,CO 0111
RES003151,10:36:49,7,1089000,7623000,CUS 1527,KMR 003,MP 05,ST 004,LOK 002,CI 0184,CO 0192
RES003152,02:37:36,5,1288000,6440000,CUS 4151,KMR 003,MP 06,ST 001,LOK 013,CI 0203,CO 0208
RES003153,14:25:18,1,439000,439000,CUS 0642,KMR 004,MP 06,ST 003,LOK 002,CI 0336,CO 0336
RES003154,17:01:43,9,1183000,10647000,CUS 2102,KMR 003,MP 05,ST 004,LOK 020,CI 0338,CO 0346
RES003155,05:43:27,2,673000,1346000,CUS 3062,KMR 001,MP 06,ST 004,LOK 002,CI 0379,CO 0382
RES003156,10:03:30,6,361000,2166000,CUS 2581,KMR 002,MP 04,ST 001,LOK 012,CI 0268,CO 0272
RES003157,04:20:31,9,1293000,11637000,CUS 3068,KMR 003,MP 01,ST 002,LOK 003,CI 1015,CO 1027
RES003158,11:02:01,9,336000,3024000,CUS 2235,KMR 002,MP 06,ST 003,LOK 016,CI 0501,CO 0511
RES003159,22:17:56,5,590000,2950000,CUS 2597,KMR 001,MP 01,ST 004,LOK 017,CI 0163,CO 0169
RES003160,03:06:35,5,1314000,6570000,CUS 3781,KMR 003,MP 05,ST 002,LOK 005,CI 0378,CO 0384
RES003161,04:55:49,2,514000,1028000,CUS 1540,KMR 004,MP 01,ST 004,LOK 013,CI 0482,CO 0486
RES003162,18:28:27,4,650000,2600000,CUS 0740,KMR 001,MP 03,ST 003,LOK 014,CI 1075,CO 1081
RES003163,09:59:38,3,400000,1200000,CUS 1401,KMR 002,MP 05,ST 004,LOK 019,CI 0531,CO 0535
RES003164,09:25:05,7,583000,4081000,CUS 0843,KMR 001,MP 06,ST 004,LOK 019,CI 0390,CO 0398
RES003165,16:26:57,7,356000,2492000,CUS 2012,KMR 002,MP 06,ST 004,LOK 017,CI 0215,CO 0221
RES003167,20:47:38,3,1257000,3771000,CUS 1070,KMR 003,MP 03,ST 003,LOK 003,CI 0424,CO 0429
RES003168,22:36:37,6,1168000,7008000,CUS 2805,KMR 003,MP 01,ST 001,LOK 007,CI 0448,CO 0456
RES003169,05:32:29,4,495000,1980000,CUS 0416,KMR 004,MP 01,ST 003,LOK 016,CI 0497,CO 0502
RES003170,20:15:45,3,332000,996000,CUS 1388,KMR 002,MP 05,ST 004,LOK 015,CI 0375,CO 0379
RES003171,01:05:13,3,1108000,3324000,CUS 0214,KMR 003,MP 04,ST 004,LOK 012,CI 0567,CO 0570
RES003172,10:06:17,3,1360000,4080000,CUS 3487,KMR 003,MP 02,ST 004,LOK 013,CI 0897,CO 0901
RES003173,09:08:12,1,497000,497000,CUS 0471,KMR 004,MP 06,ST 004,LOK 007,CI 0367,CO 0367
RES003174,14:08:55,7,434000,3038000,CUS 0787,KMR 004,MP 01,ST 001,LOK 016,CI 0550,CO 0557
RES003175,07:28:47,3,1284000,3852000,CUS 1260,KMR 003,MP 02,ST 003,LOK 014,CI 0247,CO 0248
RES003176,22:44:49,1,490000,490000,CUS 3751,KMR 004,MP 04,ST 003,LOK 012,CI 0516,CO 0518
RES003177,06:59:18,9,443000,3987000,CUS 2538,KMR 004,MP 02,ST 004,LOK 014,CI 0007,CO 0015
RES003178,11:18:06,4,483000,1932000,CUS 0871,KMR 004,MP 06,ST 004,LOK 010,CI 0235,CO 0237
RES003179,17:16:19,5,344000,1720000,CUS 1096,KMR 002,MP 06,ST 004,LOK 008,CI 0510,CO 0516
RES003180,20:09:10,5,318000,1590000,CUS 0252,KMR 002,MP 06,ST 002,LOK 005,CI 0761,CO 0768
RES003637,21:58:21,4,401000,1604000,CUS 1327,KMR 002,MP 05,ST 003,LOK 001,CI 0185,CO 0190
RES003182,15:16:47,8,330000,2640000,CUS 1579,KMR 002,MP 06,ST 003,LOK 014,CI 0335,CO 0342
RES003183,12:09:19,9,506000,4554000,CUS 2452,KMR 004,MP 02,ST 003,LOK 017,CI 0161,CO 0171
RES003184,20:58:24,2,1266000,2532000,CUS 0139,KMR 003,MP 04,ST 004,LOK 001,CI 0931,CO 0936
RES003185,09:01:03,2,608000,1216000,CUS 1860,KMR 001,MP 05,ST 003,LOK 019,CI 0627,CO 0629
RES003186,06:12:50,5,1364000,6820000,CUS 0571,KMR 003,MP 06,ST 003,LOK 020,CI 0802,CO 0811
RES003187,09:50:52,3,443000,1329000,CUS 0139,KMR 004,MP 06,ST 003,LOK 001,CI 0871,CO 0876
RES004177,21:57:37,3,668000,2004000,CUS 4099,KMR 001,MP 01,ST 004,LOK 017,CI 0700,CO 0705
RES003189,03:01:12,9,490000,4410000,CUS 3754,KMR 004,MP 01,ST 004,LOK 003,CI 0459,CO 0469
RES003190,09:16:01,7,1296000,9072000,CUS 0469,KMR 003,MP 06,ST 001,LOK 018,CI 0853,CO 0862
RES003191,17:14:54,8,1255000,10040000,CUS 0754,KMR 003,MP 06,ST 002,LOK 001,CI 0578,CO 0586
RES003192,01:17:46,9,470000,4230000,CUS 0402,KMR 004,MP 02,ST 004,LOK 016,CI 0888,CO 0898
RES003193,14:46:03,8,543000,4344000,CUS 3064,KMR 001,MP 04,ST 003,LOK 013,CI 0022,CO 0030
RES003194,22:17:06,5,507000,2535000,CUS 1632,KMR 004,MP 06,ST 003,LOK 014,CI 0880,CO 0886
RES003195,03:01:49,2,457000,914000,CUS 0845,KMR 004,MP 02,ST 003,LOK 014,CI 0389,CO 0392
RES003196,19:45:27,3,647000,1941000,CUS 2806,KMR 001,MP 04,ST 003,LOK 002,CI 0649,CO 0652
RES003197,21:56:25,6,377000,2262000,CUS 3353,KMR 002,MP 04,ST 004,LOK 015,CI 1039,CO 1048
RES003198,10:34:08,4,1129000,4516000,CUS 0700,KMR 003,MP 05,ST 002,LOK 001,CI 0825,CO 0833
RES003199,14:00:39,2,1255000,2510000,CUS 1443,KMR 003,MP 04,ST 003,LOK 011,CI 0344,CO 0345
RES003200,21:42:17,1,547000,547000,CUS 1794,KMR 001,MP 03,ST 004,LOK 001,CI 0948,CO 0952
RES003201,19:01:31,9,398000,3582000,CUS 4047,KMR 002,MP 01,ST 004,LOK 001,CI 0080,CO 0089
RES003202,07:29:01,3,317000,951000,CUS 2828,KMR 002,MP 05,ST 003,LOK 012,CI 0784,CO 0790
RES003203,17:00:55,2,1279000,2558000,CUS 0658,KMR 003,MP 06,ST 004,LOK 011,CI 0262,CO 0262
RES003204,01:56:59,3,635000,1905000,CUS 0053,KMR 001,MP 03,ST 004,LOK 002,CI 0764,CO 0769
RES003205,20:04:13,6,359000,2154000,CUS 2261,KMR 002,MP 01,ST 003,LOK 004,CI 0081,CO 0087
RES003206,16:31:16,7,361000,2527000,CUS 0007,KMR 002,MP 04,ST 003,LOK 004,CI 0881,CO 0889
RES003207,01:10:44,3,1190000,3570000,CUS 1086,KMR 003,MP 04,ST 003,LOK 015,CI 0794,CO 0800
RES003208,23:13:01,4,502000,2008000,CUS 1531,KMR 004,MP 03,ST 003,LOK 003,CI 0452,CO 0458
RES003209,00:03:39,1,433000,433000,CUS 1670,KMR 004,MP 06,ST 003,LOK 006,CI 0535,CO 0537
RES003210,01:14:41,3,1242000,3726000,CUS 0169,KMR 003,MP 01,ST 003,LOK 006,CI 0754,CO 0759
RES003211,03:24:00,9,439000,3951000,CUS 0158,KMR 004,MP 03,ST 003,LOK 013,CI 0795,CO 0808
RES003212,07:41:50,2,457000,914000,CUS 0340,KMR 004,MP 05,ST 002,LOK 006,CI 0682,CO 0686
RES003213,10:52:48,2,331000,662000,CUS 0139,KMR 002,MP 06,ST 004,LOK 002,CI 0518,CO 0521
RES003214,01:07:59,1,639000,639000,CUS 2800,KMR 001,MP 01,ST 002,LOK 016,CI 0909,CO 0911
RES003215,23:08:26,4,1193000,4772000,CUS 0041,KMR 003,MP 03,ST 003,LOK 011,CI 0123,CO 0127
RES003216,10:33:54,2,1204000,2408000,CUS 3729,KMR 003,MP 04,ST 002,LOK 010,CI 0944,CO 0949
RES003217,01:55:35,4,494000,1976000,CUS 0412,KMR 004,MP 05,ST 004,LOK 011,CI 0918,CO 0924
RES003218,03:50:52,3,648000,1944000,CUS 4172,KMR 001,MP 01,ST 004,LOK 007,CI 0824,CO 0831
RES003219,11:05:28,4,1336000,5344000,CUS 1811,KMR 003,MP 05,ST 003,LOK 004,CI 0899,CO 0904
RES003220,18:54:06,6,548000,3288000,CUS 3382,KMR 001,MP 06,ST 003,LOK 013,CI 0780,CO 0789
RES003222,02:47:25,5,1379000,6895000,CUS 2435,KMR 003,MP 05,ST 004,LOK 020,CI 1019,CO 1027
RES003223,21:16:09,7,1253000,8771000,CUS 2575,KMR 003,MP 02,ST 001,LOK 004,CI 0874,CO 0882
RES003224,14:05:56,5,595000,2975000,CUS 0766,KMR 001,MP 03,ST 001,LOK 009,CI 0362,CO 0366
RES003225,09:25:54,2,631000,1262000,CUS 1729,KMR 001,MP 05,ST 003,LOK 015,CI 0894,CO 0897
RES003226,09:52:33,8,489000,3912000,CUS 0865,KMR 004,MP 02,ST 002,LOK 009,CI 0928,CO 0939
RES003227,05:35:18,3,623000,1869000,CUS 0610,KMR 001,MP 05,ST 003,LOK 007,CI 0370,CO 0373
RES003228,12:55:33,3,501000,1503000,CUS 0377,KMR 004,MP 04,ST 003,LOK 007,CI 0418,CO 0423
RES003229,05:17:51,4,1152000,4608000,CUS 3647,KMR 003,MP 01,ST 003,LOK 009,CI 0728,CO 0735
RES003230,00:36:43,2,647000,1294000,CUS 3122,KMR 001,MP 02,ST 003,LOK 004,CI 0544,CO 0546
RES003231,03:20:51,1,609000,609000,CUS 2607,KMR 001,MP 05,ST 004,LOK 014,CI 0398,CO 0400
RES003232,11:29:09,3,569000,1707000,CUS 1323,KMR 001,MP 02,ST 003,LOK 005,CI 0987,CO 0993
RES003233,05:47:14,1,417000,417000,CUS 0769,KMR 004,MP 05,ST 003,LOK 008,CI 0426,CO 0429
RES003234,04:02:01,8,411000,3288000,CUS 2892,KMR 004,MP 01,ST 004,LOK 015,CI 0769,CO 0779
RES003235,22:54:42,2,453000,906000,CUS 0132,KMR 004,MP 01,ST 002,LOK 018,CI 0172,CO 0176
RES003237,23:49:02,8,1379000,11032000,CUS 3725,KMR 003,MP 06,ST 004,LOK 001,CI 0894,CO 0903
RES003238,02:55:11,3,1186000,3558000,CUS 0139,KMR 003,MP 05,ST 004,LOK 008,CI 0463,CO 0468
RES003239,11:57:04,9,617000,5553000,CUS 0887,KMR 001,MP 03,ST 003,LOK 015,CI 0216,CO 0224
RES003240,09:30:14,1,328000,328000,CUS 1503,KMR 002,MP 01,ST 003,LOK 017,CI 0626,CO 0627
RES003241,16:35:59,6,405000,2430000,CUS 0656,KMR 004,MP 02,ST 004,LOK 002,CI 0769,CO 0777
RES003242,18:35:27,1,447000,447000,CUS 1834,KMR 004,MP 01,ST 004,LOK 020,CI 0526,CO 0528
RES003243,04:46:18,3,504000,1512000,CUS 0045,KMR 004,MP 02,ST 004,LOK 009,CI 0055,CO 0058
RES003244,21:17:03,9,481000,4329000,CUS 0755,KMR 004,MP 05,ST 004,LOK 014,CI 0471,CO 0481
RES003245,23:49:50,2,1222000,2444000,CUS 2617,KMR 003,MP 05,ST 003,LOK 001,CI 0774,CO 0779
RES003246,07:31:19,5,582000,2910000,CUS 1195,KMR 001,MP 02,ST 004,LOK 001,CI 0494,CO 0500
RES003247,18:14:37,8,361000,2888000,CUS 4020,KMR 002,MP 06,ST 001,LOK 019,CI 0390,CO 0399
RES003248,21:51:54,5,613000,3065000,CUS 2761,KMR 001,MP 03,ST 004,LOK 002,CI 0544,CO 0549
RES003249,18:15:36,2,591000,1182000,CUS 3450,KMR 001,MP 01,ST 003,LOK 016,CI 0448,CO 0452
RES003250,15:12:50,1,1122000,1122000,CUS 4118,KMR 003,MP 06,ST 004,LOK 008,CI 0330,CO 0330
RES003252,11:06:59,5,634000,3170000,CUS 3620,KMR 001,MP 04,ST 004,LOK 002,CI 0910,CO 0917
RES003253,13:43:49,7,1313000,9191000,CUS 1093,KMR 003,MP 06,ST 003,LOK 015,CI 0251,CO 0256
RES003254,06:20:12,7,586000,4102000,CUS 3500,KMR 001,MP 02,ST 003,LOK 002,CI 0891,CO 0899
RES003255,08:58:26,6,632000,3792000,CUS 3098,KMR 001,MP 05,ST 004,LOK 010,CI 0144,CO 0150
RES003256,10:04:46,1,364000,364000,CUS 1985,KMR 002,MP 06,ST 004,LOK 015,CI 0553,CO 0554
RES003257,13:01:58,5,664000,3320000,CUS 2909,KMR 001,MP 06,ST 003,LOK 012,CI 0316,CO 0320
RES003258,21:22:18,7,612000,4284000,CUS 0750,KMR 001,MP 01,ST 004,LOK 010,CI 0014,CO 0020
RES003259,23:01:07,3,682000,2046000,CUS 2778,KMR 001,MP 05,ST 003,LOK 017,CI 0361,CO 0363
RES003260,08:04:34,6,1220000,7320000,CUS 2027,KMR 003,MP 02,ST 003,LOK 018,CI 0177,CO 0184
RES003261,05:49:45,1,1086000,1086000,CUS 0077,KMR 003,MP 06,ST 003,LOK 007,CI 0387,CO 0389
RES003262,11:25:48,1,440000,440000,CUS 2382,KMR 004,MP 02,ST 004,LOK 016,CI 0144,CO 0145
RES003263,00:43:10,4,440000,1760000,CUS 1340,KMR 004,MP 02,ST 003,LOK 007,CI 0250,CO 0252
RES003264,02:26:13,2,325000,650000,CUS 1773,KMR 002,MP 03,ST 002,LOK 019,CI 0405,CO 0408
RES003265,13:02:46,5,409000,2045000,CUS 2470,KMR 004,MP 04,ST 004,LOK 017,CI 0615,CO 0620
RES003266,22:57:42,7,447000,3129000,CUS 3768,KMR 004,MP 02,ST 003,LOK 018,CI 0317,CO 0323
RES003267,20:51:25,2,397000,794000,CUS 1019,KMR 002,MP 02,ST 003,LOK 011,CI 0020,CO 0021
RES003268,10:54:19,8,363000,2904000,CUS 2443,KMR 002,MP 01,ST 003,LOK 009,CI 0001,CO 0008
RES003269,23:25:36,4,1302000,5208000,CUS 2303,KMR 003,MP 06,ST 001,LOK 009,CI 0116,CO 0120
RES003270,04:24:02,5,514000,2570000,CUS 3767,KMR 004,MP 06,ST 004,LOK 020,CI 0347,CO 0351
RES003271,08:02:24,1,634000,634000,CUS 3761,KMR 001,MP 02,ST 003,LOK 020,CI 0831,CO 0836
RES003272,01:04:56,8,460000,3680000,CUS 0071,KMR 004,MP 03,ST 003,LOK 017,CI 0615,CO 0623
RES003273,05:56:29,5,413000,2065000,CUS 2532,KMR 004,MP 03,ST 003,LOK 015,CI 0731,CO 0739
RES003274,07:00:42,4,1155000,4620000,CUS 0262,KMR 003,MP 02,ST 003,LOK 007,CI 0994,CO 1001
RES003275,08:40:56,2,444000,888000,CUS 1518,KMR 004,MP 03,ST 004,LOK 002,CI 0651,CO 0653
RES003276,09:12:16,5,1168000,5840000,CUS 0545,KMR 003,MP 05,ST 003,LOK 015,CI 1013,CO 1021
RES003277,05:27:56,9,590000,5310000,CUS 1890,KMR 001,MP 06,ST 003,LOK 014,CI 0031,CO 0040
RES003278,23:53:42,9,330000,2970000,CUS 4100,KMR 002,MP 05,ST 003,LOK 011,CI 0415,CO 0426
RES003279,03:23:00,4,1375000,5500000,CUS 0139,KMR 003,MP 03,ST 004,LOK 018,CI 0264,CO 0266
RES003280,23:11:47,9,619000,5571000,CUS 1210,KMR 001,MP 05,ST 003,LOK 007,CI 1038,CO 1050
RES003281,07:42:23,4,462000,1848000,CUS 0139,KMR 004,MP 01,ST 001,LOK 005,CI 0095,CO 0099
RES003282,01:28:33,9,1198000,10782000,CUS 2854,KMR 003,MP 05,ST 003,LOK 017,CI 0120,CO 0129
RES003283,14:52:08,5,1378000,6890000,CUS 1529,KMR 003,MP 06,ST 003,LOK 002,CI 0549,CO 0554
RES003284,11:46:56,2,1293000,2586000,CUS 0975,KMR 003,MP 03,ST 004,LOK 006,CI 0608,CO 0610
RES003285,18:11:36,3,513000,1539000,CUS 3923,KMR 004,MP 06,ST 001,LOK 008,CI 0165,CO 0169
RES003286,07:11:35,5,407000,2035000,CUS 0401,KMR 004,MP 05,ST 004,LOK 005,CI 0693,CO 0700
RES003287,12:09:29,1,686000,686000,CUS 0708,KMR 001,MP 03,ST 003,LOK 012,CI 0821,CO 0826
RES003288,19:22:18,3,449000,1347000,CUS 0017,KMR 004,MP 05,ST 003,LOK 013,CI 0188,CO 0192
RES003289,02:05:16,5,603000,3015000,CUS 1375,KMR 001,MP 04,ST 004,LOK 012,CI 0276,CO 0279
RES003290,10:21:41,6,423000,2538000,CUS 2709,KMR 004,MP 04,ST 003,LOK 008,CI 0948,CO 0957
RES003291,05:45:54,7,620000,4340000,CUS 1720,KMR 001,MP 06,ST 004,LOK 016,CI 0376,CO 0384
RES003292,18:43:30,7,1341000,9387000,CUS 3028,KMR 003,MP 03,ST 003,LOK 007,CI 0321,CO 0327
RES003293,09:37:29,9,348000,3132000,CUS 0473,KMR 002,MP 04,ST 003,LOK 012,CI 0002,CO 0010
RES003294,08:41:49,8,1160000,9280000,CUS 2877,KMR 003,MP 05,ST 003,LOK 020,CI 0240,CO 0246
RES003295,01:54:40,5,489000,2445000,CUS 1447,KMR 004,MP 05,ST 004,LOK 018,CI 0917,CO 0924
RES003296,10:11:12,8,441000,3528000,CUS 1657,KMR 004,MP 06,ST 003,LOK 015,CI 0785,CO 0796
RES003297,15:32:26,2,1262000,2524000,CUS 3721,KMR 003,MP 02,ST 004,LOK 014,CI 0939,CO 0944
RES003298,19:32:57,2,686000,1372000,CUS 2390,KMR 001,MP 06,ST 004,LOK 014,CI 0020,CO 0021
RES003299,05:16:49,8,365000,2920000,CUS 3129,KMR 002,MP 05,ST 003,LOK 008,CI 0856,CO 0866
RES003300,21:15:04,2,394000,788000,CUS 2472,KMR 002,MP 03,ST 003,LOK 010,CI 0500,CO 0503
RES003301,07:22:47,9,370000,3330000,CUS 1059,KMR 002,MP 01,ST 001,LOK 018,CI 0020,CO 0028
RES003302,14:04:17,8,1278000,10224000,CUS 1343,KMR 003,MP 04,ST 004,LOK 008,CI 0347,CO 0354
RES003303,02:29:40,4,646000,2584000,CUS 2464,KMR 001,MP 02,ST 003,LOK 016,CI 0825,CO 0833
RES003304,05:06:03,5,572000,2860000,CUS 2421,KMR 001,MP 03,ST 002,LOK 015,CI 0840,CO 0848
RES003305,14:43:54,4,1207000,4828000,CUS 0525,KMR 003,MP 01,ST 003,LOK 008,CI 1069,CO 1075
RES003306,04:32:57,1,622000,622000,CUS 3225,KMR 001,MP 05,ST 003,LOK 015,CI 0737,CO 0741
RES003307,10:48:45,3,389000,1167000,CUS 2605,KMR 002,MP 05,ST 004,LOK 019,CI 0877,CO 0881
RES003308,05:44:06,8,546000,4368000,CUS 0956,KMR 001,MP 02,ST 004,LOK 016,CI 0588,CO 0596
RES003309,23:13:15,9,340000,3060000,CUS 2685,KMR 002,MP 01,ST 003,LOK 005,CI 0468,CO 0478
RES003310,03:28:06,9,1107000,9963000,CUS 0189,KMR 003,MP 02,ST 003,LOK 006,CI 0501,CO 0511
RES003311,07:56:49,4,372000,1488000,CUS 3579,KMR 002,MP 05,ST 004,LOK 012,CI 0680,CO 0685
RES003312,10:07:54,2,601000,1202000,CUS 2352,KMR 001,MP 05,ST 004,LOK 012,CI 0131,CO 0133
RES003313,15:36:44,5,1364000,6820000,CUS 1553,KMR 003,MP 06,ST 004,LOK 010,CI 0831,CO 0840
RES003314,09:20:34,5,1115000,5575000,CUS 2951,KMR 003,MP 06,ST 003,LOK 011,CI 0497,CO 0503
RES003315,12:36:20,7,677000,4739000,CUS 2661,KMR 001,MP 03,ST 003,LOK 012,CI 0339,CO 0345
RES003316,07:25:26,6,319000,1914000,CUS 3545,KMR 002,MP 01,ST 004,LOK 013,CI 0930,CO 0939
RES003317,07:58:32,6,660000,3960000,CUS 1582,KMR 001,MP 06,ST 003,LOK 002,CI 0251,CO 0255
RES003318,23:55:58,6,554000,3324000,CUS 2637,KMR 001,MP 06,ST 002,LOK 015,CI 0940,CO 0949
RES003319,15:06:58,7,399000,2793000,CUS 2569,KMR 002,MP 03,ST 003,LOK 012,CI 0044,CO 0051
RES003320,08:07:00,4,324000,1296000,CUS 0607,KMR 002,MP 06,ST 003,LOK 003,CI 0089,CO 0093
RES003321,10:47:42,6,1246000,7476000,CUS 1758,KMR 003,MP 06,ST 004,LOK 004,CI 0164,CO 0171
RES003322,15:31:49,3,593000,1779000,CUS 0253,KMR 001,MP 02,ST 003,LOK 002,CI 0834,CO 0841
RES003323,05:58:08,6,671000,4026000,CUS 0556,KMR 001,MP 04,ST 004,LOK 005,CI 1076,CO 1084
RES003324,23:51:43,6,356000,2136000,CUS 0015,KMR 002,MP 02,ST 004,LOK 012,CI 0894,CO 0901
RES003325,13:24:20,4,622000,2488000,CUS 2795,KMR 001,MP 06,ST 003,LOK 014,CI 0603,CO 0607
RES003326,12:25:51,2,498000,996000,CUS 0679,KMR 004,MP 01,ST 003,LOK 001,CI 0115,CO 0117
RES003327,00:36:06,3,645000,1935000,CUS 0139,KMR 001,MP 03,ST 003,LOK 013,CI 0043,CO 0046
RES003328,22:30:07,8,562000,4496000,CUS 1107,KMR 001,MP 03,ST 004,LOK 017,CI 1025,CO 1036
RES003329,18:14:04,5,360000,1800000,CUS 0504,KMR 002,MP 05,ST 001,LOK 016,CI 0503,CO 0509
RES003330,07:31:36,9,484000,4356000,CUS 3449,KMR 004,MP 06,ST 003,LOK 011,CI 0241,CO 0248
RES003331,20:28:08,9,376000,3384000,CUS 1828,KMR 002,MP 04,ST 004,LOK 014,CI 0173,CO 0183
RES003332,23:20:52,6,448000,2688000,CUS 3690,KMR 004,MP 01,ST 003,LOK 014,CI 0894,CO 0901
RES003333,13:32:48,2,548000,1096000,CUS 3974,KMR 001,MP 06,ST 001,LOK 012,CI 0049,CO 0051
RES003334,07:01:53,9,376000,3384000,CUS 2004,KMR 002,MP 05,ST 002,LOK 010,CI 1006,CO 1018
RES003335,23:03:04,1,427000,427000,CUS 1718,KMR 004,MP 03,ST 004,LOK 004,CI 0531,CO 0533
RES003336,13:20:13,4,562000,2248000,CUS 0148,KMR 001,MP 03,ST 004,LOK 008,CI 0853,CO 0859
RES003337,10:48:32,2,377000,754000,CUS 3642,KMR 002,MP 06,ST 001,LOK 003,CI 0619,CO 0621
RES003338,08:49:21,4,424000,1696000,CUS 1351,KMR 004,MP 05,ST 001,LOK 004,CI 0928,CO 0935
RES003339,09:52:12,8,415000,3320000,CUS 0139,KMR 004,MP 02,ST 004,LOK 016,CI 0620,CO 0628
RES003340,12:49:57,3,1083000,3249000,CUS 0709,KMR 003,MP 05,ST 001,LOK 001,CI 0175,CO 0180
RES003341,12:40:21,6,466000,2796000,CUS 4039,KMR 004,MP 06,ST 003,LOK 006,CI 0759,CO 0767
RES003342,08:31:44,5,1083000,5415000,CUS 3349,KMR 003,MP 06,ST 002,LOK 018,CI 0964,CO 0972
RES003343,10:28:45,7,1347000,9429000,CUS 3241,KMR 003,MP 05,ST 003,LOK 011,CI 0576,CO 0583
RES003344,04:10:48,9,383000,3447000,CUS 3170,KMR 002,MP 06,ST 004,LOK 013,CI 0995,CO 1007
RES003345,05:59:11,6,345000,2070000,CUS 3684,KMR 002,MP 06,ST 003,LOK 001,CI 0171,CO 0179
RES003346,03:09:12,5,572000,2860000,CUS 1356,KMR 001,MP 02,ST 003,LOK 020,CI 0640,CO 0645
RES003347,01:23:34,8,384000,3072000,CUS 3076,KMR 002,MP 01,ST 003,LOK 014,CI 0556,CO 0564
RES003348,03:34:53,5,1176000,5880000,CUS 3331,KMR 003,MP 06,ST 003,LOK 001,CI 0249,CO 0252
RES003350,18:37:11,2,1288000,2576000,CUS 1008,KMR 003,MP 01,ST 001,LOK 015,CI 1029,CO 1034
RES003351,14:35:55,6,1344000,8064000,CUS 2339,KMR 003,MP 05,ST 004,LOK 005,CI 0436,CO 0444
RES003352,16:59:15,5,1166000,5830000,CUS 3681,KMR 003,MP 04,ST 003,LOK 018,CI 0048,CO 0053
RES003353,14:03:21,5,471000,2355000,CUS 4010,KMR 004,MP 01,ST 003,LOK 017,CI 0979,CO 0987
RES003354,20:11:35,3,424000,1272000,CUS 0133,KMR 004,MP 05,ST 002,LOK 004,CI 0302,CO 0303
RES003355,11:22:12,1,361000,361000,CUS 1263,KMR 002,MP 02,ST 003,LOK 002,CI 0084,CO 0085
RES003356,11:02:07,6,383000,2298000,CUS 3664,KMR 002,MP 04,ST 003,LOK 020,CI 0971,CO 0980
RES003357,02:43:21,6,444000,2664000,CUS 0930,KMR 004,MP 04,ST 004,LOK 007,CI 0441,CO 0449
RES003358,00:16:09,6,323000,1938000,CUS 1308,KMR 002,MP 06,ST 004,LOK 019,CI 0123,CO 0129
RES003359,07:22:42,5,418000,2090000,CUS 2082,KMR 004,MP 06,ST 004,LOK 001,CI 0567,CO 0572
RES003360,20:54:08,5,643000,3215000,CUS 2050,KMR 001,MP 04,ST 003,LOK 015,CI 0731,CO 0739
RES003361,11:20:49,3,1241000,3723000,CUS 0191,KMR 003,MP 02,ST 003,LOK 002,CI 0693,CO 0698
RES003362,00:51:58,2,678000,1356000,CUS 2430,KMR 001,MP 06,ST 003,LOK 015,CI 0894,CO 0897
RES003363,02:53:12,8,375000,3000000,CUS 0076,KMR 002,MP 03,ST 004,LOK 019,CI 0850,CO 0860
RES003364,15:40:05,5,433000,2165000,CUS 2417,KMR 004,MP 06,ST 003,LOK 009,CI 0180,CO 0186
RES003365,07:26:53,3,607000,1821000,CUS 0923,KMR 001,MP 04,ST 004,LOK 003,CI 0204,CO 0207
RES003366,07:57:21,2,368000,736000,CUS 4125,KMR 002,MP 04,ST 004,LOK 006,CI 0149,CO 0151
RES003367,10:52:45,5,548000,2740000,CUS 0079,KMR 001,MP 02,ST 003,LOK 018,CI 0587,CO 0592
RES003368,07:29:13,5,375000,1875000,CUS 2507,KMR 002,MP 06,ST 003,LOK 014,CI 0707,CO 0714
RES003369,05:50:44,4,393000,1572000,CUS 3208,KMR 002,MP 02,ST 002,LOK 010,CI 0001,CO 0005
RES003370,15:25:57,6,554000,3324000,CUS 3499,KMR 001,MP 03,ST 004,LOK 019,CI 0219,CO 0224
RES003371,05:49:11,5,599000,2995000,CUS 3186,KMR 001,MP 04,ST 002,LOK 008,CI 0464,CO 0470
RES003372,19:02:12,4,407000,1628000,CUS 0808,KMR 004,MP 01,ST 003,LOK 014,CI 0965,CO 0972
RES003373,14:15:15,1,350000,350000,CUS 2068,KMR 002,MP 06,ST 004,LOK 016,CI 1024,CO 1028
RES003374,10:36:28,3,454000,1362000,CUS 2018,KMR 004,MP 04,ST 004,LOK 014,CI 0129,CO 0132
RES003375,17:12:11,4,1185000,4740000,CUS 2340,KMR 003,MP 01,ST 004,LOK 009,CI 0375,CO 0380
RES003376,19:55:10,1,488000,488000,CUS 1395,KMR 004,MP 06,ST 002,LOK 008,CI 0347,CO 0347
RES003377,06:56:10,9,387000,3483000,CUS 3753,KMR 002,MP 06,ST 004,LOK 017,CI 0346,CO 0354
RES003378,10:27:18,8,1211000,9688000,CUS 1961,KMR 003,MP 04,ST 003,LOK 014,CI 0487,CO 0497
RES003379,12:07:00,2,656000,1312000,CUS 0488,KMR 001,MP 06,ST 001,LOK 015,CI 0756,CO 0760
RES003380,07:58:50,2,670000,1340000,CUS 3198,KMR 001,MP 01,ST 004,LOK 010,CI 0107,CO 0109
RES003381,18:38:50,3,440000,1320000,CUS 1372,KMR 004,MP 06,ST 001,LOK 007,CI 0378,CO 0382
RES003382,21:15:28,5,350000,1750000,CUS 2751,KMR 002,MP 01,ST 001,LOK 007,CI 1065,CO 1072
RES003383,14:06:30,8,329000,2632000,CUS 3134,KMR 002,MP 02,ST 002,LOK 017,CI 0077,CO 0085
RES003384,04:45:48,3,1190000,3570000,CUS 1808,KMR 003,MP 03,ST 003,LOK 010,CI 0080,CO 0083
RES003385,02:19:16,3,546000,1638000,CUS 2375,KMR 001,MP 04,ST 003,LOK 007,CI 0347,CO 0349
RES003386,17:45:12,8,1337000,10696000,CUS 2786,KMR 003,MP 06,ST 004,LOK 003,CI 0678,CO 0687
RES003387,05:19:23,3,1219000,3657000,CUS 0465,KMR 003,MP 01,ST 002,LOK 014,CI 0652,CO 0656
RES003388,22:42:04,5,547000,2735000,CUS 2318,KMR 001,MP 04,ST 003,LOK 019,CI 0543,CO 0548
RES003389,22:14:03,5,486000,2430000,CUS 0139,KMR 004,MP 06,ST 003,LOK 008,CI 0658,CO 0664
RES003390,15:00:27,8,371000,2968000,CUS 0139,KMR 002,MP 01,ST 004,LOK 002,CI 0108,CO 0116
RES003391,20:53:19,2,1104000,2208000,CUS 1036,KMR 003,MP 02,ST 001,LOK 007,CI 0612,CO 0614
RES003392,13:57:54,9,391000,3519000,CUS 0105,KMR 002,MP 01,ST 002,LOK 009,CI 0422,CO 0433
RES003393,01:06:57,8,562000,4496000,CUS 3187,KMR 001,MP 05,ST 003,LOK 019,CI 0878,CO 0887
RES003394,03:35:31,5,317000,1585000,CUS 2927,KMR 002,MP 06,ST 003,LOK 016,CI 0822,CO 0831
RES003395,12:22:32,9,1184000,10656000,CUS 0260,KMR 003,MP 01,ST 004,LOK 015,CI 0375,CO 0385
RES003396,20:06:04,8,470000,3760000,CUS 0965,KMR 004,MP 04,ST 003,LOK 011,CI 0192,CO 0201
RES003397,16:51:11,4,488000,1952000,CUS 1023,KMR 004,MP 01,ST 002,LOK 008,CI 0165,CO 0170
RES003398,10:07:31,3,594000,1782000,CUS 0935,KMR 001,MP 05,ST 001,LOK 016,CI 0553,CO 0556
RES003399,10:42:23,1,605000,605000,CUS 1151,KMR 001,MP 03,ST 004,LOK 012,CI 0473,CO 0476
RES003400,00:19:23,6,330000,1980000,CUS 1944,KMR 002,MP 06,ST 003,LOK 013,CI 1020,CO 1029
RES003401,12:36:15,4,631000,2524000,CUS 1818,KMR 001,MP 02,ST 004,LOK 019,CI 0405,CO 0410
RES003402,10:14:09,5,483000,2415000,CUS 1684,KMR 004,MP 06,ST 002,LOK 004,CI 0030,CO 0035
RES003403,23:28:44,9,443000,3987000,CUS 3762,KMR 004,MP 06,ST 002,LOK 020,CI 0406,CO 0416
RES003404,12:59:11,6,588000,3528000,CUS 3953,KMR 001,MP 03,ST 002,LOK 007,CI 0009,CO 0014
RES003405,01:54:19,5,679000,3395000,CUS 1376,KMR 001,MP 06,ST 002,LOK 014,CI 0323,CO 0327
RES003406,01:57:46,5,1231000,6155000,CUS 3583,KMR 003,MP 06,ST 003,LOK 008,CI 0256,CO 0259
RES003407,17:58:57,1,320000,320000,CUS 2755,KMR 002,MP 06,ST 004,LOK 011,CI 0521,CO 0523
RES003408,21:08:31,9,1274000,11466000,CUS 0139,KMR 003,MP 06,ST 003,LOK 010,CI 0845,CO 0856
RES003409,22:54:31,1,678000,678000,CUS 3324,KMR 001,MP 04,ST 004,LOK 020,CI 0597,CO 0598
RES003410,06:55:27,6,1109000,6654000,CUS 0036,KMR 003,MP 02,ST 004,LOK 002,CI 0891,CO 0898
RES003411,19:21:00,7,467000,3269000,CUS 0492,KMR 004,MP 01,ST 004,LOK 002,CI 0750,CO 0759
RES003412,13:20:16,5,1133000,5665000,CUS 1142,KMR 003,MP 04,ST 004,LOK 018,CI 0010,CO 0014
RES003413,17:14:27,9,610000,5490000,CUS 2238,KMR 001,MP 04,ST 004,LOK 013,CI 1027,CO 1039
RES003414,07:19:17,9,485000,4365000,CUS 1754,KMR 004,MP 04,ST 004,LOK 004,CI 0121,CO 0130
RES003415,00:24:45,7,560000,3920000,CUS 0073,KMR 001,MP 02,ST 003,LOK 009,CI 0110,CO 0117
RES003416,06:37:09,7,463000,3241000,CUS 0540,KMR 004,MP 06,ST 003,LOK 007,CI 0041,CO 0048
RES003417,02:04:07,4,354000,1416000,CUS 3530,KMR 002,MP 06,ST 002,LOK 013,CI 0518,CO 0523
RES003418,05:14:28,8,335000,2680000,CUS 4014,KMR 002,MP 04,ST 003,LOK 007,CI 0470,CO 0479
RES003419,20:52:44,8,1143000,9144000,CUS 3416,KMR 003,MP 01,ST 004,LOK 014,CI 0102,CO 0110
RES003420,05:54:41,3,1114000,3342000,CUS 0775,KMR 003,MP 04,ST 003,LOK 002,CI 0644,CO 0647
RES003421,22:38:20,9,471000,4239000,CUS 4120,KMR 004,MP 01,ST 003,LOK 006,CI 0153,CO 0163
RES003422,17:31:47,1,1178000,1178000,CUS 0047,KMR 003,MP 02,ST 003,LOK 001,CI 0683,CO 0686
RES003423,18:23:45,9,1313000,11817000,CUS 0300,KMR 003,MP 06,ST 002,LOK 010,CI 0929,CO 0941
RES003424,00:36:06,8,683000,5464000,CUS 1676,KMR 001,MP 06,ST 004,LOK 010,CI 0290,CO 0296
RES003425,10:48:14,6,546000,3276000,CUS 0149,KMR 001,MP 05,ST 004,LOK 008,CI 0022,CO 0028
RES003426,01:19:24,6,595000,3570000,CUS 2916,KMR 001,MP 03,ST 002,LOK 002,CI 0910,CO 0918
RES003427,20:13:57,8,654000,5232000,CUS 1234,KMR 001,MP 05,ST 002,LOK 012,CI 0908,CO 0917
RES003745,23:22:35,7,569000,3983000,CUS 2023,KMR 001,MP 03,ST 003,LOK 020,CI 0084,CO 0091
RES003430,08:01:51,7,470000,3290000,CUS 0118,KMR 004,MP 02,ST 003,LOK 005,CI 1016,CO 1026
RES003431,23:50:25,9,490000,4410000,CUS 4049,KMR 004,MP 01,ST 004,LOK 012,CI 0386,CO 0396
RES003432,13:05:06,4,457000,1828000,CUS 2797,KMR 004,MP 05,ST 004,LOK 016,CI 0499,CO 0504
RES003433,22:31:08,4,432000,1728000,CUS 0065,KMR 004,MP 02,ST 003,LOK 007,CI 0294,CO 0296
RES003434,16:50:18,8,587000,4696000,CUS 1596,KMR 001,MP 06,ST 003,LOK 016,CI 0441,CO 0451
RES003435,20:42:33,5,1113000,5565000,CUS 2785,KMR 003,MP 03,ST 001,LOK 019,CI 0131,CO 0136
RES003436,23:17:12,5,430000,2150000,CUS 1024,KMR 004,MP 06,ST 004,LOK 016,CI 1036,CO 1044
RES003437,14:12:12,7,327000,2289000,CUS 2422,KMR 002,MP 04,ST 004,LOK 009,CI 0255,CO 0260
RES003438,07:59:11,5,411000,2055000,CUS 3921,KMR 004,MP 05,ST 004,LOK 010,CI 0304,CO 0307
RES003439,02:11:31,9,426000,3834000,CUS 3144,KMR 004,MP 02,ST 002,LOK 012,CI 0575,CO 0584
RES003440,03:22:53,4,424000,1696000,CUS 2943,KMR 004,MP 02,ST 003,LOK 013,CI 0818,CO 0826
RES003441,16:38:31,1,325000,325000,CUS 3053,KMR 002,MP 06,ST 002,LOK 013,CI 0132,CO 0133
RES003442,22:21:28,5,426000,2130000,CUS 0249,KMR 004,MP 05,ST 003,LOK 018,CI 0493,CO 0499
RES003443,00:33:30,7,371000,2597000,CUS 0884,KMR 002,MP 01,ST 004,LOK 017,CI 0383,CO 0391
RES003444,20:29:06,2,350000,700000,CUS 3084,KMR 002,MP 03,ST 003,LOK 007,CI 0249,CO 0249
RES003445,09:10:56,8,364000,2912000,CUS 0629,KMR 002,MP 05,ST 004,LOK 014,CI 0143,CO 0151
RES003446,16:26:34,3,1266000,3798000,CUS 1525,KMR 003,MP 03,ST 003,LOK 013,CI 0407,CO 0411
RES003447,19:37:08,9,320000,2880000,CUS 3909,KMR 002,MP 06,ST 002,LOK 007,CI 0427,CO 0438
RES003448,02:27:40,5,417000,2085000,CUS 2465,KMR 004,MP 03,ST 003,LOK 006,CI 0807,CO 0816
RES003449,04:43:35,5,443000,2215000,CUS 0139,KMR 004,MP 02,ST 004,LOK 015,CI 0940,CO 0948
RES003450,10:20:18,3,364000,1092000,CUS 1523,KMR 002,MP 03,ST 004,LOK 017,CI 0671,CO 0675
RES003451,02:13:36,8,361000,2888000,CUS 1012,KMR 002,MP 06,ST 003,LOK 009,CI 0941,CO 0952
RES003452,17:56:42,2,411000,822000,CUS 1545,KMR 004,MP 02,ST 002,LOK 013,CI 0086,CO 0088
RES003453,03:10:06,9,1270000,11430000,CUS 1358,KMR 003,MP 01,ST 002,LOK 006,CI 0179,CO 0189
RES003454,18:00:30,6,1298000,7788000,CUS 1005,KMR 003,MP 04,ST 003,LOK 015,CI 0705,CO 0713
RES003455,21:25:46,1,1298000,1298000,CUS 2402,KMR 003,MP 05,ST 001,LOK 007,CI 0419,CO 0422
RES003456,13:27:26,5,1102000,5510000,CUS 2611,KMR 003,MP 02,ST 003,LOK 006,CI 0339,CO 0343
RES003457,16:11:17,8,1115000,8920000,CUS 3524,KMR 003,MP 03,ST 003,LOK 007,CI 1009,CO 1020
RES003458,08:47:07,3,356000,1068000,CUS 3704,KMR 002,MP 06,ST 003,LOK 009,CI 1004,CO 1010
RES003459,11:26:42,8,654000,5232000,CUS 2144,KMR 001,MP 06,ST 002,LOK 003,CI 0050,CO 0058
RES003460,01:31:51,3,407000,1221000,CUS 2998,KMR 004,MP 06,ST 003,LOK 019,CI 1033,CO 1039
RES003461,05:26:34,3,1183000,3549000,CUS 1439,KMR 003,MP 05,ST 001,LOK 012,CI 1042,CO 1048
RES003462,18:53:53,5,443000,2215000,CUS 1332,KMR 004,MP 01,ST 001,LOK 007,CI 0949,CO 0957
RES003463,09:37:52,1,614000,614000,CUS 3182,KMR 001,MP 06,ST 003,LOK 016,CI 0116,CO 0117
RES003464,00:57:37,9,561000,5049000,CUS 3755,KMR 001,MP 02,ST 003,LOK 012,CI 0155,CO 0165
RES003465,14:17:49,1,609000,609000,CUS 0894,KMR 001,MP 06,ST 003,LOK 009,CI 0780,CO 0784
RES003466,15:47:25,3,517000,1551000,CUS 1637,KMR 004,MP 03,ST 004,LOK 014,CI 0437,CO 0442
RES003467,07:08:50,1,1337000,1337000,CUS 0139,KMR 003,MP 04,ST 003,LOK 002,CI 0005,CO 0006
RES003468,13:59:16,7,576000,4032000,CUS 2531,KMR 001,MP 04,ST 004,LOK 010,CI 0769,CO 0778
RES003469,22:01:01,8,1204000,9632000,CUS 1010,KMR 003,MP 01,ST 003,LOK 005,CI 0917,CO 0927
RES003470,20:03:06,5,645000,3225000,CUS 1410,KMR 001,MP 06,ST 003,LOK 010,CI 0084,CO 0089
RES003471,19:19:16,9,469000,4221000,CUS 1121,KMR 004,MP 04,ST 003,LOK 020,CI 1071,CO 1082
RES003472,23:41:25,2,423000,846000,CUS 0139,KMR 004,MP 04,ST 003,LOK 018,CI 0755,CO 0759
RES003473,09:45:15,8,612000,4896000,CUS 4057,KMR 001,MP 06,ST 003,LOK 003,CI 0777,CO 0788
RES003474,20:23:30,5,1288000,6440000,CUS 4061,KMR 003,MP 06,ST 003,LOK 015,CI 0777,CO 0785
RES003475,09:53:04,1,1248000,1248000,CUS 2614,KMR 003,MP 05,ST 003,LOK 016,CI 1054,CO 1058
RES003476,13:38:25,5,491000,2455000,CUS 2889,KMR 004,MP 02,ST 004,LOK 016,CI 0183,CO 0189
RES003477,15:31:58,5,398000,1990000,CUS 3842,KMR 002,MP 04,ST 004,LOK 004,CI 1015,CO 1023
RES003480,15:03:01,2,328000,656000,CUS 0005,KMR 002,MP 06,ST 003,LOK 013,CI 0593,CO 0595
RES003481,03:50:23,7,356000,2492000,CUS 2170,KMR 002,MP 03,ST 004,LOK 014,CI 1040,CO 1050
RES003482,01:26:52,3,353000,1059000,CUS 2064,KMR 002,MP 04,ST 004,LOK 019,CI 0220,CO 0222
RES003483,06:05:34,4,1195000,4780000,CUS 2065,KMR 003,MP 06,ST 004,LOK 013,CI 0061,CO 0065
RES003484,00:44:47,2,1142000,2284000,CUS 3819,KMR 003,MP 03,ST 003,LOK 005,CI 1038,CO 1043
RES003485,06:02:07,5,625000,3125000,CUS 3537,KMR 001,MP 02,ST 004,LOK 018,CI 0138,CO 0143
RES003486,19:11:54,3,485000,1455000,CUS 3294,KMR 004,MP 06,ST 003,LOK 020,CI 0851,CO 0856
RES003487,13:07:17,3,624000,1872000,CUS 3601,KMR 001,MP 05,ST 004,LOK 009,CI 0802,CO 0809
RES003488,06:35:08,1,332000,332000,CUS 3399,KMR 002,MP 01,ST 004,LOK 010,CI 0936,CO 0940
RES003489,03:35:13,2,635000,1270000,CUS 1667,KMR 001,MP 03,ST 003,LOK 020,CI 0175,CO 0179
RES003490,03:14:17,3,600000,1800000,CUS 2210,KMR 001,MP 04,ST 003,LOK 013,CI 0958,CO 0964
RES003491,23:24:02,7,316000,2212000,CUS 1330,KMR 002,MP 02,ST 003,LOK 006,CI 0256,CO 0261
RES003493,21:39:31,7,666000,4662000,CUS 0139,KMR 001,MP 01,ST 003,LOK 010,CI 0681,CO 0689
RES003495,20:50:29,1,1272000,1272000,CUS 2973,KMR 003,MP 04,ST 003,LOK 005,CI 0929,CO 0933
RES003496,13:14:33,6,1206000,7236000,CUS 0797,KMR 003,MP 06,ST 004,LOK 005,CI 0160,CO 0167
RES003498,07:55:44,6,354000,2124000,CUS 2086,KMR 002,MP 02,ST 003,LOK 002,CI 0638,CO 0644
RES003499,18:18:59,1,501000,501000,CUS 1832,KMR 004,MP 06,ST 001,LOK 018,CI 0792,CO 0796
RES003500,01:03:11,5,334000,1670000,CUS 3986,KMR 002,MP 05,ST 004,LOK 012,CI 0519,CO 0525
RES003501,03:54:48,2,578000,1156000,CUS 3710,KMR 001,MP 06,ST 001,LOK 007,CI 0313,CO 0313
RES003502,10:26:11,7,664000,4648000,CUS 0763,KMR 001,MP 05,ST 004,LOK 013,CI 0494,CO 0502
RES003503,12:17:29,7,475000,3325000,CUS 1867,KMR 004,MP 01,ST 003,LOK 015,CI 0690,CO 0699
RES003504,03:36:29,3,476000,1428000,CUS 3377,KMR 004,MP 02,ST 003,LOK 005,CI 0993,CO 0999
RES003505,17:16:17,6,634000,3804000,CUS 4041,KMR 001,MP 03,ST 004,LOK 004,CI 0037,CO 0043
RES003506,17:49:31,4,324000,1296000,CUS 3423,KMR 002,MP 04,ST 004,LOK 001,CI 0961,CO 0968
RES003507,16:58:33,4,466000,1864000,CUS 0139,KMR 004,MP 05,ST 003,LOK 003,CI 0769,CO 0775
RES003508,23:01:58,8,326000,2608000,CUS 3127,KMR 002,MP 02,ST 003,LOK 020,CI 1042,CO 1053
RES003509,09:48:26,8,625000,5000000,CUS 0877,KMR 001,MP 03,ST 001,LOK 011,CI 0469,CO 0478
RES003510,00:34:38,6,323000,1938000,CUS 3013,KMR 002,MP 02,ST 003,LOK 018,CI 0492,CO 0499
RES003511,14:49:02,6,1086000,6516000,CUS 1489,KMR 003,MP 06,ST 002,LOK 009,CI 0477,CO 0485
RES003512,01:30:12,6,605000,3630000,CUS 3617,KMR 001,MP 01,ST 004,LOK 016,CI 0318,CO 0323
RES003513,09:57:53,3,343000,1029000,CUS 2811,KMR 002,MP 05,ST 003,LOK 001,CI 0349,CO 0351
RES003514,17:47:30,4,368000,1472000,CUS 2543,KMR 002,MP 06,ST 004,LOK 017,CI 0884,CO 0889
RES003515,11:38:19,2,1195000,2390000,CUS 3922,KMR 003,MP 01,ST 003,LOK 016,CI 0639,CO 0641
RES003516,18:22:19,8,320000,2560000,CUS 2676,KMR 002,MP 06,ST 002,LOK 013,CI 0798,CO 0810
RES003517,18:26:01,3,495000,1485000,CUS 2155,KMR 004,MP 03,ST 004,LOK 020,CI 0380,CO 0384
RES003518,14:25:46,4,558000,2232000,CUS 1713,KMR 001,MP 06,ST 004,LOK 010,CI 0677,CO 0682
RES003519,22:21:27,3,1131000,3393000,CUS 1312,KMR 003,MP 04,ST 003,LOK 007,CI 0920,CO 0925
RES004322,22:27:00,1,607000,607000,CUS 2849,KMR 001,MP 03,ST 003,LOK 015,CI 0332,CO 0332
RES003521,03:14:11,9,498000,4482000,CUS 3493,KMR 004,MP 01,ST 004,LOK 008,CI 1064,CO 1075
RES003522,14:10:13,1,1095000,1095000,CUS 2498,KMR 003,MP 06,ST 004,LOK 001,CI 0227,CO 0227
RES003523,12:57:27,4,423000,1692000,CUS 1466,KMR 004,MP 03,ST 001,LOK 008,CI 0813,CO 0821
RES003524,04:44:25,3,1278000,3834000,CUS 2511,KMR 003,MP 03,ST 004,LOK 020,CI 1050,CO 1056
RES003525,13:08:51,7,323000,2261000,CUS 1302,KMR 002,MP 04,ST 001,LOK 007,CI 0213,CO 0219
RES003526,21:00:09,3,415000,1245000,CUS 4081,KMR 004,MP 05,ST 003,LOK 008,CI 0897,CO 0901
RES003527,02:06:36,5,591000,2955000,CUS 3943,KMR 001,MP 06,ST 003,LOK 008,CI 0675,CO 0681
RES003528,16:24:39,9,685000,6165000,CUS 1346,KMR 001,MP 05,ST 004,LOK 006,CI 0760,CO 0771
RES003529,19:33:08,3,407000,1221000,CUS 4098,KMR 004,MP 03,ST 003,LOK 001,CI 0021,CO 0023
RES003530,20:18:24,3,441000,1323000,CUS 0624,KMR 004,MP 06,ST 004,LOK 002,CI 0408,CO 0413
RES003531,10:18:06,8,345000,2760000,CUS 0835,KMR 002,MP 03,ST 004,LOK 019,CI 0403,CO 0412
RES003532,14:53:06,1,1335000,1335000,CUS 0139,KMR 003,MP 02,ST 004,LOK 018,CI 0646,CO 0647
RES003533,19:32:01,6,1284000,7704000,CUS 1688,KMR 003,MP 03,ST 003,LOK 013,CI 0798,CO 0808
RES003534,11:28:13,7,633000,4431000,CUS 0783,KMR 001,MP 05,ST 004,LOK 007,CI 0340,CO 0346
RES003535,10:37:07,6,1237000,7422000,CUS 3265,KMR 003,MP 06,ST 004,LOK 004,CI 0258,CO 0262
RES003536,10:55:22,7,511000,3577000,CUS 3790,KMR 004,MP 01,ST 003,LOK 009,CI 0040,CO 0047
RES003537,17:24:56,2,344000,688000,CUS 2448,KMR 002,MP 05,ST 003,LOK 015,CI 0768,CO 0772
RES003538,03:26:56,8,1121000,8968000,CUS 2564,KMR 003,MP 03,ST 003,LOK 013,CI 0507,CO 0516
RES003539,05:00:55,7,510000,3570000,CUS 2266,KMR 004,MP 01,ST 003,LOK 006,CI 0837,CO 0847
RES003540,03:29:54,9,372000,3348000,CUS 2554,KMR 002,MP 02,ST 001,LOK 017,CI 0324,CO 0332
RES003541,04:33:50,2,669000,1338000,CUS 1248,KMR 001,MP 04,ST 003,LOK 009,CI 0398,CO 0401
RES003542,11:38:14,2,593000,1186000,CUS 2847,KMR 001,MP 02,ST 004,LOK 011,CI 0124,CO 0126
RES003543,13:00:57,8,1165000,9320000,CUS 1172,KMR 003,MP 01,ST 003,LOK 014,CI 1001,CO 1012
RES003544,05:04:34,5,451000,2255000,CUS 3939,KMR 004,MP 03,ST 003,LOK 020,CI 0293,CO 0296
RES003545,19:58:31,3,564000,1692000,CUS 0510,KMR 001,MP 05,ST 003,LOK 003,CI 1011,CO 1017
RES003546,12:21:53,9,408000,3672000,CUS 4046,KMR 004,MP 03,ST 003,LOK 011,CI 0545,CO 0554
RES003547,23:32:54,4,612000,2448000,CUS 0172,KMR 001,MP 04,ST 003,LOK 004,CI 0569,CO 0573
RES003548,05:07:46,3,452000,1356000,CUS 2046,KMR 004,MP 03,ST 004,LOK 013,CI 0156,CO 0160
RES003549,11:31:02,4,1195000,4780000,CUS 3853,KMR 003,MP 03,ST 004,LOK 020,CI 0423,CO 0429
RES003550,20:02:23,3,425000,1275000,CUS 3728,KMR 004,MP 02,ST 002,LOK 005,CI 0165,CO 0169
RES003551,03:27:22,8,669000,5352000,CUS 0957,KMR 001,MP 04,ST 004,LOK 013,CI 0765,CO 0775
RES003552,06:34:10,2,1179000,2358000,CUS 3817,KMR 003,MP 01,ST 004,LOK 013,CI 0918,CO 0922
RES003553,02:12:53,6,1245000,7470000,CUS 1761,KMR 003,MP 06,ST 003,LOK 010,CI 1041,CO 1050
RES003554,11:32:25,6,1135000,6810000,CUS 3229,KMR 003,MP 03,ST 004,LOK 016,CI 0187,CO 0194
RES003555,18:19:42,3,602000,1806000,CUS 2774,KMR 001,MP 06,ST 004,LOK 001,CI 0774,CO 0780
RES003556,16:17:11,9,688000,6192000,CUS 1994,KMR 001,MP 04,ST 003,LOK 009,CI 0784,CO 0796
RES003557,03:22:41,7,489000,3423000,CUS 4135,KMR 004,MP 02,ST 003,LOK 013,CI 0980,CO 0990
RES003558,16:21:49,6,598000,3588000,CUS 2780,KMR 001,MP 04,ST 003,LOK 003,CI 0506,CO 0513
RES003559,08:58:18,5,623000,3115000,CUS 1546,KMR 001,MP 01,ST 003,LOK 017,CI 0654,CO 0660
RES003560,19:08:15,1,508000,508000,CUS 0287,KMR 004,MP 01,ST 004,LOK 001,CI 0054,CO 0055
RES003561,00:56:23,9,491000,4419000,CUS 0394,KMR 004,MP 06,ST 003,LOK 004,CI 0122,CO 0131
RES003562,15:57:04,2,343000,686000,CUS 1095,KMR 002,MP 03,ST 001,LOK 010,CI 0798,CO 0804
RES003563,09:51:53,6,492000,2952000,CUS 0451,KMR 004,MP 03,ST 003,LOK 003,CI 0021,CO 0026
RES003564,08:04:49,3,406000,1218000,CUS 1564,KMR 004,MP 06,ST 001,LOK 011,CI 0667,CO 0671
RES003565,18:17:05,8,397000,3176000,CUS 0404,KMR 002,MP 02,ST 004,LOK 012,CI 0397,CO 0406
RES003566,17:53:26,2,363000,726000,CUS 3100,KMR 002,MP 02,ST 001,LOK 008,CI 0148,CO 0150
RES003567,21:29:17,3,424000,1272000,CUS 1824,KMR 004,MP 01,ST 004,LOK 007,CI 0488,CO 0493
RES003568,21:03:52,8,501000,4008000,CUS 1833,KMR 004,MP 05,ST 001,LOK 011,CI 0326,CO 0333
RES003569,04:21:24,7,599000,4193000,CUS 2663,KMR 001,MP 05,ST 003,LOK 016,CI 0806,CO 0817
RES003570,16:24:00,7,395000,2765000,CUS 1730,KMR 002,MP 03,ST 004,LOK 002,CI 0488,CO 0497
RES003571,13:33:43,2,1348000,2696000,CUS 2176,KMR 003,MP 05,ST 003,LOK 006,CI 0035,CO 0037
RES003572,03:33:23,1,481000,481000,CUS 3141,KMR 004,MP 04,ST 002,LOK 014,CI 1054,CO 1058
RES003573,09:04:00,4,1160000,4640000,CUS 3328,KMR 003,MP 03,ST 004,LOK 020,CI 0283,CO 0285
RES003574,01:05:10,6,1119000,6714000,CUS 0790,KMR 003,MP 02,ST 003,LOK 011,CI 0208,CO 0213
RES003575,09:22:07,5,429000,2145000,CUS 3091,KMR 004,MP 04,ST 003,LOK 006,CI 0309,CO 0312
RES003576,18:19:56,5,675000,3375000,CUS 4021,KMR 001,MP 02,ST 003,LOK 016,CI 0494,CO 0500
RES003577,22:30:11,1,385000,385000,CUS 3218,KMR 002,MP 02,ST 002,LOK 013,CI 0050,CO 0051
RES003578,03:54:45,3,452000,1356000,CUS 3302,KMR 004,MP 05,ST 004,LOK 012,CI 0893,CO 0897
RES003579,14:41:37,3,326000,978000,CUS 2351,KMR 002,MP 03,ST 001,LOK 002,CI 0727,CO 0733
RES003580,17:06:14,9,547000,4923000,CUS 3812,KMR 001,MP 05,ST 004,LOK 001,CI 0756,CO 0767
RES003581,13:42:21,7,641000,4487000,CUS 4087,KMR 001,MP 04,ST 003,LOK 013,CI 0741,CO 0751
RES003582,23:39:35,4,1334000,5336000,CUS 3886,KMR 003,MP 04,ST 002,LOK 015,CI 0890,CO 0895
RES003583,16:13:09,5,1365000,6825000,CUS 4137,KMR 003,MP 02,ST 001,LOK 003,CI 0960,CO 0968
RES003584,22:18:24,9,354000,3186000,CUS 2219,KMR 002,MP 02,ST 001,LOK 015,CI 0414,CO 0425
RES003585,07:02:54,4,445000,1780000,CUS 2215,KMR 004,MP 06,ST 003,LOK 020,CI 0838,CO 0845
RES003586,09:48:38,3,1290000,3870000,CUS 0633,KMR 003,MP 06,ST 002,LOK 010,CI 0927,CO 0932
RES003587,01:18:22,6,411000,2466000,CUS 1922,KMR 004,MP 06,ST 004,LOK 001,CI 0541,CO 0547
RES003588,12:18:17,4,608000,2432000,CUS 1620,KMR 001,MP 06,ST 002,LOK 011,CI 0857,CO 0863
RES003589,02:45:17,6,563000,3378000,CUS 4033,KMR 001,MP 04,ST 004,LOK 014,CI 0362,CO 0367
RES003590,03:53:50,9,1202000,10818000,CUS 3952,KMR 003,MP 02,ST 002,LOK 019,CI 0920,CO 0931
RES003591,01:06:34,6,585000,3510000,CUS 1617,KMR 001,MP 02,ST 004,LOK 014,CI 0091,CO 0097
RES003592,03:00:54,9,327000,2943000,CUS 2527,KMR 002,MP 03,ST 004,LOK 007,CI 0983,CO 0995
RES003593,01:06:25,7,653000,4571000,CUS 2493,KMR 001,MP 01,ST 004,LOK 012,CI 0546,CO 0553
RES003594,16:15:09,9,379000,3411000,CUS 2574,KMR 002,MP 04,ST 003,LOK 014,CI 0942,CO 0954
RES003595,21:36:28,8,660000,5280000,CUS 3367,KMR 001,MP 02,ST 002,LOK 007,CI 0708,CO 0718
RES003596,16:22:05,7,321000,2247000,CUS 0851,KMR 002,MP 01,ST 004,LOK 005,CI 0071,CO 0078
RES003597,06:59:19,3,442000,1326000,CUS 0357,KMR 004,MP 04,ST 002,LOK 011,CI 0099,CO 0102
RES003598,15:30:54,5,400000,2000000,CUS 2330,KMR 002,MP 04,ST 004,LOK 018,CI 0372,CO 0377
RES003599,19:53:21,2,424000,848000,CUS 3919,KMR 004,MP 04,ST 004,LOK 007,CI 0551,CO 0553
RES003600,01:22:32,5,352000,1760000,CUS 2518,KMR 002,MP 01,ST 003,LOK 015,CI 0773,CO 0781
RES003601,18:55:39,3,342000,1026000,CUS 3861,KMR 002,MP 06,ST 004,LOK 019,CI 0050,CO 0053
RES003602,08:34:23,8,319000,2552000,CUS 1493,KMR 002,MP 06,ST 004,LOK 001,CI 0211,CO 0218
RES003603,16:14:10,9,1108000,9972000,CUS 1115,KMR 003,MP 02,ST 003,LOK 006,CI 0283,CO 0290
RES003604,15:57:48,1,342000,342000,CUS 2837,KMR 002,MP 01,ST 003,LOK 008,CI 0590,CO 0591
RES003605,05:21:10,5,382000,1910000,CUS 0826,KMR 002,MP 01,ST 002,LOK 008,CI 0556,CO 0561
RES003606,06:39:15,4,327000,1308000,CUS 1682,KMR 002,MP 01,ST 003,LOK 008,CI 0251,CO 0253
RES003607,05:26:23,6,689000,4134000,CUS 2844,KMR 001,MP 06,ST 004,LOK 013,CI 0116,CO 0122
RES003608,10:37:51,5,1214000,6070000,CUS 2254,KMR 003,MP 06,ST 003,LOK 010,CI 1016,CO 1024
RES003609,21:21:37,6,332000,1992000,CUS 1998,KMR 002,MP 01,ST 004,LOK 012,CI 0034,CO 0040
RES003611,04:29:19,8,461000,3688000,CUS 0139,KMR 004,MP 03,ST 004,LOK 019,CI 1047,CO 1058
RES003612,15:18:12,1,594000,594000,CUS 2810,KMR 001,MP 05,ST 003,LOK 012,CI 0572,CO 0573
RES003613,15:03:42,6,488000,2928000,CUS 1893,KMR 004,MP 06,ST 003,LOK 017,CI 0968,CO 0977
RES003614,20:46:38,5,662000,3310000,CUS 2069,KMR 001,MP 06,ST 004,LOK 001,CI 0152,CO 0158
RES003615,00:40:44,3,327000,981000,CUS 3596,KMR 002,MP 03,ST 004,LOK 003,CI 0972,CO 0978
RES003616,13:36:31,5,324000,1620000,CUS 0811,KMR 002,MP 01,ST 004,LOK 006,CI 0450,CO 0457
RES003617,21:04:32,2,348000,696000,CUS 0341,KMR 002,MP 01,ST 003,LOK 004,CI 0988,CO 0993
RES003618,18:26:42,8,586000,4688000,CUS 2983,KMR 001,MP 04,ST 003,LOK 015,CI 0305,CO 0311
RES003619,12:09:48,6,394000,2364000,CUS 1974,KMR 002,MP 03,ST 003,LOK 008,CI 0838,CO 0847
RES003620,21:02:45,6,680000,4080000,CUS 0759,KMR 001,MP 03,ST 003,LOK 011,CI 0810,CO 0820
RES003621,22:10:53,4,572000,2288000,CUS 1751,KMR 001,MP 06,ST 004,LOK 017,CI 0643,CO 0647
RES003622,11:47:21,9,449000,4041000,CUS 2249,KMR 004,MP 03,ST 004,LOK 010,CI 0101,CO 0110
RES003623,19:45:06,2,1267000,2534000,CUS 0219,KMR 003,MP 02,ST 004,LOK 017,CI 0655,CO 0658
RES003624,13:47:39,7,582000,4074000,CUS 3260,KMR 001,MP 04,ST 003,LOK 018,CI 0276,CO 0281
RES003625,12:33:05,9,435000,3915000,CUS 3775,KMR 004,MP 02,ST 001,LOK 009,CI 0933,CO 0945
RES003626,18:10:59,7,1163000,8141000,CUS 0187,KMR 003,MP 04,ST 001,LOK 013,CI 0060,CO 0067
RES003627,09:38:01,8,512000,4096000,CUS 2833,KMR 004,MP 03,ST 003,LOK 018,CI 0770,CO 0780
RES003628,15:18:08,1,570000,570000,CUS 0505,KMR 001,MP 06,ST 004,LOK 008,CI 0171,CO 0174
RES003629,06:38:29,3,512000,1536000,CUS 2871,KMR 004,MP 05,ST 003,LOK 012,CI 0465,CO 0469
RES003630,16:00:15,5,617000,3085000,CUS 0428,KMR 001,MP 05,ST 003,LOK 008,CI 0204,CO 0209
RES003631,20:08:23,3,431000,1293000,CUS 2197,KMR 004,MP 04,ST 004,LOK 004,CI 0300,CO 0301
RES003632,10:27:52,1,689000,689000,CUS 1109,KMR 001,MP 03,ST 001,LOK 015,CI 0905,CO 0907
RES003633,11:54:34,2,547000,1094000,CUS 1134,KMR 001,MP 06,ST 003,LOK 014,CI 0815,CO 0821
RES003634,23:15:53,9,421000,3789000,CUS 0853,KMR 004,MP 06,ST 004,LOK 012,CI 0014,CO 0022
RES003635,13:53:15,4,425000,1700000,CUS 3014,KMR 004,MP 03,ST 004,LOK 014,CI 0935,CO 0942
RES003636,16:39:36,3,386000,1158000,CUS 1126,KMR 002,MP 05,ST 004,LOK 005,CI 0039,CO 0042
RES003638,16:58:44,2,448000,896000,CUS 2932,KMR 004,MP 06,ST 003,LOK 003,CI 0258,CO 0258
RES003639,17:55:55,2,469000,938000,CUS 3899,KMR 004,MP 02,ST 001,LOK 020,CI 0863,CO 0867
RES003640,09:22:08,4,344000,1376000,CUS 0742,KMR 002,MP 06,ST 001,LOK 012,CI 0386,CO 0391
RES003641,01:04:33,8,401000,3208000,CUS 2550,KMR 002,MP 02,ST 004,LOK 016,CI 0603,CO 0611
RES003642,04:04:48,7,607000,4249000,CUS 0535,KMR 001,MP 02,ST 001,LOK 011,CI 0538,CO 0545
RES003643,14:21:21,4,610000,2440000,CUS 0982,KMR 001,MP 05,ST 003,LOK 016,CI 0601,CO 0605
RES003644,20:14:21,8,1331000,10648000,CUS 0694,KMR 003,MP 06,ST 003,LOK 018,CI 1051,CO 1062
RES003645,01:14:12,1,1258000,1258000,CUS 1145,KMR 003,MP 02,ST 004,LOK 019,CI 0359,CO 0358
RES003646,18:23:19,6,447000,2682000,CUS 1129,KMR 004,MP 02,ST 004,LOK 011,CI 0053,CO 0059
RES003647,18:56:42,1,1198000,1198000,CUS 0674,KMR 003,MP 06,ST 004,LOK 018,CI 0958,CO 0962
RES003648,15:53:00,2,355000,710000,CUS 3060,KMR 002,MP 04,ST 003,LOK 015,CI 0676,CO 0679
RES003649,09:16:23,6,348000,2088000,CUS 3394,KMR 002,MP 04,ST 004,LOK 013,CI 0725,CO 0734
RES003650,09:01:22,5,344000,1720000,CUS 3578,KMR 002,MP 04,ST 003,LOK 010,CI 0838,CO 0846
RES003651,08:22:40,5,664000,3320000,CUS 1812,KMR 001,MP 06,ST 004,LOK 014,CI 0800,CO 0809
RES003652,18:46:32,9,577000,5193000,CUS 2171,KMR 001,MP 04,ST 004,LOK 019,CI 0456,CO 0467
RES003653,16:02:12,3,514000,1542000,CUS 2839,KMR 004,MP 04,ST 003,LOK 005,CI 0703,CO 0708
RES003654,20:16:21,7,497000,3479000,CUS 3261,KMR 004,MP 06,ST 004,LOK 003,CI 0802,CO 0813
RES003655,16:26:38,1,1189000,1189000,CUS 2596,KMR 003,MP 02,ST 001,LOK 003,CI 0642,CO 0643
RES003656,00:01:54,2,1126000,2252000,CUS 1212,KMR 003,MP 02,ST 003,LOK 001,CI 0390,CO 0393
RES003657,18:08:23,4,350000,1400000,CUS 1344,KMR 002,MP 06,ST 001,LOK 017,CI 0175,CO 0181
RES003658,21:34:43,4,659000,2636000,CUS 4140,KMR 001,MP 06,ST 004,LOK 018,CI 0826,CO 0834
RES003659,09:26:17,8,1355000,10840000,CUS 0606,KMR 003,MP 01,ST 004,LOK 011,CI 0240,CO 0246
RES003660,12:38:32,9,1360000,12240000,CUS 3559,KMR 003,MP 04,ST 004,LOK 005,CI 0813,CO 0826
RES003661,19:16:31,2,1285000,2570000,CUS 1449,KMR 003,MP 03,ST 003,LOK 008,CI 0727,CO 0732
RES003662,08:31:39,3,1320000,3960000,CUS 1339,KMR 003,MP 05,ST 003,LOK 002,CI 0019,CO 0021
RES003663,17:28:41,5,386000,1930000,CUS 4133,KMR 002,MP 06,ST 003,LOK 008,CI 0942,CO 0950
RES003664,17:31:06,9,644000,5796000,CUS 2453,KMR 001,MP 01,ST 003,LOK 019,CI 0268,CO 0275
RES003665,05:08:57,4,426000,1704000,CUS 3745,KMR 004,MP 03,ST 003,LOK 014,CI 1073,CO 1079
RES003667,04:14:20,8,559000,4472000,CUS 2762,KMR 001,MP 06,ST 004,LOK 010,CI 0362,CO 0369
RES003668,00:42:36,4,397000,1588000,CUS 4012,KMR 002,MP 06,ST 003,LOK 020,CI 0006,CO 0009
RES003669,03:37:39,2,398000,796000,CUS 1257,KMR 002,MP 05,ST 003,LOK 020,CI 1073,CO 1077
RES003670,04:50:49,7,497000,3479000,CUS 0043,KMR 004,MP 01,ST 004,LOK 005,CI 0310,CO 0315
RES003671,23:42:52,3,399000,1197000,CUS 2937,KMR 002,MP 05,ST 004,LOK 011,CI 0679,CO 0683
RES003672,17:55:56,4,631000,2524000,CUS 3661,KMR 001,MP 04,ST 003,LOK 015,CI 0019,CO 0022
RES003673,13:34:55,2,489000,978000,CUS 0139,KMR 004,MP 04,ST 004,LOK 009,CI 0314,CO 0314
RES003674,20:17:11,3,472000,1416000,CUS 3573,KMR 004,MP 03,ST 004,LOK 016,CI 1045,CO 1051
RES003675,17:23:33,2,642000,1284000,CUS 2272,KMR 001,MP 03,ST 004,LOK 009,CI 1050,CO 1055
RES003676,16:46:15,7,1342000,9394000,CUS 1485,KMR 003,MP 04,ST 003,LOK 002,CI 0645,CO 0652
RES003677,13:54:09,1,316000,316000,CUS 1011,KMR 002,MP 01,ST 003,LOK 007,CI 0348,CO 0348
RES003678,13:41:08,5,622000,3110000,CUS 3138,KMR 001,MP 06,ST 002,LOK 008,CI 0737,CO 0745
RES003679,23:38:21,2,482000,964000,CUS 2138,KMR 004,MP 05,ST 002,LOK 003,CI 0272,CO 0272
RES003680,11:00:47,5,1295000,6475000,CUS 2292,KMR 003,MP 04,ST 003,LOK 005,CI 0054,CO 0059
RES003681,17:39:15,3,363000,1089000,CUS 2246,KMR 002,MP 06,ST 002,LOK 008,CI 0829,CO 0836
RES003682,17:24:04,9,1210000,10890000,CUS 0631,KMR 003,MP 06,ST 004,LOK 007,CI 0970,CO 0982
RES003683,06:11:13,9,1124000,10116000,CUS 0494,KMR 003,MP 06,ST 003,LOK 002,CI 0502,CO 0512
RES003684,14:39:31,3,480000,1440000,CUS 1198,KMR 004,MP 06,ST 003,LOK 007,CI 0700,CO 0705
RES003685,10:25:42,3,380000,1140000,CUS 3969,KMR 002,MP 06,ST 004,LOK 011,CI 1072,CO 1077
RES003686,16:30:35,3,405000,1215000,CUS 2147,KMR 004,MP 06,ST 003,LOK 009,CI 0770,CO 0775
RES003687,19:10:03,2,464000,928000,CUS 0142,KMR 004,MP 06,ST 003,LOK 004,CI 0258,CO 0258
RES003688,00:27:25,5,1298000,6490000,CUS 2241,KMR 003,MP 02,ST 004,LOK 012,CI 0752,CO 0759
RES003689,21:06:08,3,632000,1896000,CUS 1316,KMR 001,MP 01,ST 003,LOK 016,CI 0297,CO 0298
RES003690,09:54:37,2,1281000,2562000,CUS 0580,KMR 003,MP 02,ST 003,LOK 010,CI 0137,CO 0139
RES003691,17:28:15,5,564000,2820000,CUS 1882,KMR 001,MP 02,ST 003,LOK 007,CI 0314,CO 0317
RES003692,13:29:08,1,419000,419000,CUS 2445,KMR 004,MP 05,ST 004,LOK 020,CI 0701,CO 0704
RES003693,15:24:37,1,411000,411000,CUS 2687,KMR 004,MP 01,ST 004,LOK 014,CI 0427,CO 0430
RES003694,19:39:40,9,418000,3762000,CUS 3747,KMR 004,MP 02,ST 003,LOK 009,CI 0366,CO 0374
RES003695,11:45:12,8,1169000,9352000,CUS 0497,KMR 003,MP 06,ST 004,LOK 020,CI 0206,CO 0213
RES003696,16:30:17,7,365000,2555000,CUS 1884,KMR 002,MP 05,ST 004,LOK 011,CI 0965,CO 0975
RES003697,19:44:03,8,441000,3528000,CUS 0139,KMR 004,MP 01,ST 001,LOK 019,CI 0916,CO 0926
RES003698,21:28:08,8,556000,4448000,CUS 4058,KMR 001,MP 01,ST 004,LOK 004,CI 0874,CO 0883
RES003699,21:45:05,7,630000,4410000,CUS 2599,KMR 001,MP 04,ST 003,LOK 017,CI 0993,CO 1003
RES003700,04:13:25,7,1373000,9611000,CUS 1437,KMR 003,MP 03,ST 003,LOK 009,CI 0956,CO 0966
RES003701,11:30:06,4,1379000,5516000,CUS 2768,KMR 003,MP 02,ST 002,LOK 020,CI 0729,CO 0736
RES003702,00:23:25,9,410000,3690000,CUS 2264,KMR 004,MP 02,ST 004,LOK 009,CI 0125,CO 0134
RES003703,06:20:23,3,661000,1983000,CUS 1034,KMR 001,MP 01,ST 002,LOK 004,CI 0280,CO 0281
RES003704,02:15:36,5,338000,1690000,CUS 0872,KMR 002,MP 01,ST 004,LOK 002,CI 0082,CO 0087
RES003705,02:02:07,3,491000,1473000,CUS 3764,KMR 004,MP 05,ST 003,LOK 018,CI 0308,CO 0309
RES003706,21:17:15,8,1267000,10136000,CUS 0238,KMR 003,MP 04,ST 004,LOK 003,CI 0785,CO 0796
RES003707,15:14:40,5,442000,2210000,CUS 3900,KMR 004,MP 06,ST 004,LOK 009,CI 0369,CO 0374
RES003708,21:35:34,5,563000,2815000,CUS 0661,KMR 001,MP 03,ST 003,LOK 005,CI 0485,CO 0492
RES003709,18:15:45,7,1266000,8862000,CUS 1166,KMR 003,MP 02,ST 004,LOK 013,CI 0891,CO 0899
RES003710,00:15:07,1,410000,410000,CUS 2026,KMR 004,MP 06,ST 003,LOK 014,CI 1055,CO 1059
RES003711,05:14:11,2,677000,1354000,CUS 1827,KMR 001,MP 01,ST 003,LOK 009,CI 0229,CO 0230
RES003712,11:30:35,2,371000,742000,CUS 0813,KMR 002,MP 05,ST 003,LOK 016,CI 0584,CO 0587
RES003713,19:07:10,5,344000,1720000,CUS 0636,KMR 002,MP 03,ST 003,LOK 014,CI 0018,CO 0022
RES003714,15:29:15,3,422000,1266000,CUS 2699,KMR 004,MP 06,ST 004,LOK 011,CI 0345,CO 0347
RES003715,20:38:28,2,644000,1288000,CUS 3373,KMR 001,MP 05,ST 004,LOK 011,CI 0909,CO 0912
RES003716,15:27:47,6,593000,3558000,CUS 1618,KMR 001,MP 01,ST 003,LOK 018,CI 0141,CO 0147
RES003717,04:29:48,8,1208000,9664000,CUS 0238,KMR 003,MP 02,ST 004,LOK 012,CI 0553,CO 0561
RES003718,14:15:57,4,373000,1492000,CUS 2665,KMR 002,MP 01,ST 002,LOK 006,CI 0159,CO 0164
RES003719,19:02:49,1,640000,640000,CUS 2222,KMR 001,MP 05,ST 004,LOK 004,CI 0364,CO 0364
RES003720,05:55:55,7,484000,3388000,CUS 2920,KMR 004,MP 04,ST 004,LOK 005,CI 0894,CO 0902
RES003721,14:25:49,5,456000,2280000,CUS 0068,KMR 004,MP 05,ST 003,LOK 014,CI 0906,CO 0912
RES003722,06:01:03,2,328000,656000,CUS 1013,KMR 002,MP 04,ST 002,LOK 020,CI 0869,CO 0873
RES003723,23:53:31,8,582000,4656000,CUS 2533,KMR 001,MP 04,ST 004,LOK 003,CI 0572,CO 0580
RES003724,14:08:25,4,380000,1520000,CUS 1475,KMR 002,MP 01,ST 001,LOK 005,CI 0533,CO 0538
RES003725,00:35:28,6,405000,2430000,CUS 1591,KMR 004,MP 01,ST 004,LOK 004,CI 0942,CO 0951
RES003726,04:54:02,9,1120000,10080000,CUS 1769,KMR 003,MP 06,ST 004,LOK 017,CI 0258,CO 0265
RES003727,16:21:53,7,434000,3038000,CUS 1050,KMR 004,MP 06,ST 003,LOK 008,CI 0151,CO 0158
RES003728,03:27:24,6,1265000,7590000,CUS 0560,KMR 003,MP 06,ST 002,LOK 015,CI 0163,CO 0170
RES003729,02:03:25,8,1278000,10224000,CUS 1098,KMR 003,MP 01,ST 002,LOK 020,CI 0309,CO 0315
RES003730,01:17:31,3,402000,1206000,CUS 2319,KMR 002,MP 01,ST 003,LOK 003,CI 0193,CO 0197
RES003732,07:23:25,9,1242000,11178000,CUS 1770,KMR 003,MP 02,ST 001,LOK 018,CI 1030,CO 1042
RES003733,12:33:28,3,381000,1143000,CUS 0139,KMR 002,MP 06,ST 001,LOK 012,CI 0748,CO 0753
RES003734,20:36:26,1,504000,504000,CUS 0301,KMR 004,MP 05,ST 004,LOK 002,CI 0730,CO 0734
RES003735,10:17:54,8,417000,3336000,CUS 1979,KMR 004,MP 02,ST 004,LOK 005,CI 0012,CO 0019
RES003736,21:12:05,7,434000,3038000,CUS 0139,KMR 004,MP 02,ST 002,LOK 012,CI 0934,CO 0944
RES003737,03:59:21,2,327000,654000,CUS 3549,KMR 002,MP 03,ST 003,LOK 017,CI 0640,CO 0642
RES003738,10:10:29,6,664000,3984000,CUS 2424,KMR 001,MP 04,ST 003,LOK 005,CI 0546,CO 0552
RES003739,13:24:27,5,558000,2790000,CUS 4052,KMR 001,MP 04,ST 003,LOK 019,CI 1058,CO 1065
RES003740,07:41:10,3,574000,1722000,CUS 1779,KMR 001,MP 06,ST 003,LOK 019,CI 0614,CO 0617
RES003741,21:34:40,5,507000,2535000,CUS 4116,KMR 004,MP 05,ST 002,LOK 016,CI 0097,CO 0102
RES003742,23:01:39,6,319000,1914000,CUS 0426,KMR 002,MP 06,ST 004,LOK 013,CI 0825,CO 0835
RES003743,17:14:07,4,425000,1700000,CUS 1785,KMR 004,MP 05,ST 004,LOK 009,CI 0964,CO 0971
RES003744,18:21:24,6,331000,1986000,CUS 3486,KMR 002,MP 01,ST 004,LOK 004,CI 0012,CO 0017
RES003746,10:49:09,4,1354000,5416000,CUS 3679,KMR 003,MP 01,ST 001,LOK 012,CI 0314,CO 0316
RES003747,05:04:08,4,1358000,5432000,CUS 0297,KMR 003,MP 01,ST 003,LOK 007,CI 0536,CO 0541
RES003748,15:51:16,8,688000,5504000,CUS 1181,KMR 001,MP 01,ST 002,LOK 003,CI 0976,CO 0987
RES003749,04:00:37,2,375000,750000,CUS 2059,KMR 002,MP 03,ST 003,LOK 008,CI 1047,CO 1052
RES003750,20:20:03,2,361000,722000,CUS 2347,KMR 002,MP 06,ST 004,LOK 019,CI 0951,CO 0956
RES003751,22:43:04,9,396000,3564000,CUS 2399,KMR 002,MP 02,ST 004,LOK 016,CI 1022,CO 1034
RES003752,15:11:41,4,1169000,4676000,CUS 0511,KMR 003,MP 05,ST 004,LOK 010,CI 0898,CO 0903
RES003753,16:55:22,5,453000,2265000,CUS 1557,KMR 004,MP 06,ST 003,LOK 006,CI 0571,CO 0576
RES003754,14:24:26,2,341000,682000,CUS 4017,KMR 002,MP 04,ST 003,LOK 013,CI 0324,CO 0325
RES003755,10:37:44,2,393000,786000,CUS 2279,KMR 002,MP 01,ST 004,LOK 006,CI 0592,CO 0594
RES003756,07:43:00,8,446000,3568000,CUS 0938,KMR 004,MP 05,ST 003,LOK 013,CI 0852,CO 0862
RES003757,21:59:21,4,504000,2016000,CUS 2153,KMR 004,MP 04,ST 004,LOK 010,CI 0064,CO 0068
RES003758,17:32:14,9,1226000,11034000,CUS 3971,KMR 003,MP 06,ST 004,LOK 008,CI 0252,CO 0259
RES003761,05:46:05,7,1137000,7959000,CUS 0139,KMR 003,MP 01,ST 003,LOK 009,CI 0335,CO 0341
RES003762,17:36:20,3,1287000,3861000,CUS 0621,KMR 003,MP 02,ST 004,LOK 004,CI 0068,CO 0071
RES003763,03:19:57,2,376000,752000,CUS 1534,KMR 002,MP 06,ST 002,LOK 017,CI 0797,CO 0803
RES003764,11:50:43,7,588000,4116000,CUS 0844,KMR 001,MP 05,ST 002,LOK 010,CI 0267,CO 0272
RES003765,00:21:33,8,1347000,10776000,CUS 1865,KMR 003,MP 04,ST 004,LOK 019,CI 0051,CO 0059
RES003766,08:03:27,8,349000,2792000,CUS 0707,KMR 002,MP 06,ST 002,LOK 001,CI 0271,CO 0277
RES003767,18:29:53,5,316000,1580000,CUS 0139,KMR 002,MP 03,ST 004,LOK 014,CI 1053,CO 1061
RES003768,02:35:36,5,639000,3195000,CUS 3581,KMR 001,MP 02,ST 004,LOK 017,CI 0034,CO 0039
RES003769,15:36:24,3,1198000,3594000,CUS 2991,KMR 003,MP 04,ST 003,LOK 007,CI 0075,CO 0078
RES003770,09:54:25,6,419000,2514000,CUS 2643,KMR 004,MP 05,ST 001,LOK 012,CI 0492,CO 0499
RES003771,17:45:29,9,557000,5013000,CUS 2580,KMR 001,MP 02,ST 004,LOK 015,CI 0484,CO 0495
RES003772,20:38:39,8,1196000,9568000,CUS 2852,KMR 003,MP 02,ST 003,LOK 009,CI 0559,CO 0567
RES003773,14:34:02,8,1110000,8880000,CUS 1247,KMR 003,MP 04,ST 003,LOK 011,CI 0367,CO 0374
RES003774,07:30:23,1,654000,654000,CUS 3651,KMR 001,MP 02,ST 003,LOK 018,CI 0953,CO 0957
RES003775,16:03:10,4,1357000,5428000,CUS 1433,KMR 003,MP 06,ST 001,LOK 014,CI 1033,CO 1040
RES003776,04:22:17,8,568000,4544000,CUS 1003,KMR 001,MP 05,ST 003,LOK 009,CI 0312,CO 0318
RES003777,11:02:22,7,570000,3990000,CUS 2883,KMR 001,MP 05,ST 003,LOK 020,CI 0389,CO 0397
RES003778,20:24:51,3,559000,1677000,CUS 3613,KMR 001,MP 01,ST 003,LOK 013,CI 0226,CO 0228
RES003779,21:41:37,3,475000,1425000,CUS 1249,KMR 004,MP 05,ST 003,LOK 014,CI 0339,CO 0341
RES003780,10:24:55,6,380000,2280000,CUS 3628,KMR 002,MP 01,ST 004,LOK 005,CI 0209,CO 0214
RES003781,02:56:39,1,510000,510000,CUS 1207,KMR 004,MP 03,ST 003,LOK 009,CI 0315,CO 0315
RES003782,21:47:44,3,469000,1407000,CUS 2923,KMR 004,MP 04,ST 004,LOK 012,CI 0144,CO 0147
RES003783,13:53:57,5,443000,2215000,CUS 2165,KMR 004,MP 05,ST 003,LOK 020,CI 0614,CO 0619
RES003784,02:33:32,8,472000,3776000,CUS 1965,KMR 004,MP 05,ST 004,LOK 014,CI 0006,CO 0013
RES003785,02:29:42,8,430000,3440000,CUS 3644,KMR 004,MP 06,ST 003,LOK 009,CI 0266,CO 0272
RES003786,20:53:41,3,458000,1374000,CUS 3880,KMR 004,MP 06,ST 004,LOK 016,CI 0274,CO 0275
RES003787,05:47:04,4,320000,1280000,CUS 0414,KMR 002,MP 06,ST 004,LOK 018,CI 0892,CO 0897
RES003788,02:29:32,9,317000,2853000,CUS 2717,KMR 002,MP 01,ST 001,LOK 013,CI 0001,CO 0009
RES003789,06:35:01,5,342000,1710000,CUS 1511,KMR 002,MP 06,ST 003,LOK 008,CI 0466,CO 0472
RES003790,10:20:02,9,1252000,11268000,CUS 2571,KMR 003,MP 02,ST 004,LOK 009,CI 0604,CO 0613
RES003791,17:00:30,8,1317000,10536000,CUS 1839,KMR 003,MP 01,ST 004,LOK 008,CI 1001,CO 1012
RES003792,04:33:12,4,588000,2352000,CUS 2528,KMR 001,MP 04,ST 003,LOK 011,CI 0078,CO 0082
RES003793,08:09:26,1,401000,401000,CUS 4055,KMR 002,MP 01,ST 004,LOK 002,CI 0406,CO 0408
RES003794,08:45:22,8,1144000,9152000,CUS 2179,KMR 003,MP 02,ST 003,LOK 008,CI 0763,CO 0773
RES003796,18:35:37,9,626000,5634000,CUS 0946,KMR 001,MP 06,ST 003,LOK 019,CI 1040,CO 1052
RES003797,04:46:46,3,658000,1974000,CUS 0554,KMR 001,MP 05,ST 004,LOK 005,CI 0814,CO 0821
RES003798,11:10:27,6,318000,1908000,CUS 2031,KMR 002,MP 05,ST 003,LOK 004,CI 0645,CO 0651
RES003799,05:32:07,9,326000,2934000,CUS 0308,KMR 002,MP 02,ST 004,LOK 001,CI 0036,CO 0045
RES003800,14:51:06,1,1228000,1228000,CUS 2231,KMR 003,MP 02,ST 002,LOK 005,CI 0857,CO 0860
RES003801,10:36:08,7,632000,4424000,CUS 3193,KMR 001,MP 04,ST 003,LOK 010,CI 0117,CO 0124
RES003802,02:41:36,8,1358000,10864000,CUS 2157,KMR 003,MP 01,ST 004,LOK 014,CI 0415,CO 0425
RES003803,19:41:40,5,1300000,6500000,CUS 3094,KMR 003,MP 03,ST 003,LOK 004,CI 0567,CO 0572
RES003804,07:16:09,8,1187000,9496000,CUS 3150,KMR 003,MP 05,ST 004,LOK 003,CI 0537,CO 0545
RES003805,12:10:25,8,1140000,9120000,CUS 3782,KMR 003,MP 05,ST 003,LOK 006,CI 0875,CO 0884
RES003806,14:33:42,5,397000,1985000,CUS 2740,KMR 002,MP 06,ST 003,LOK 012,CI 0374,CO 0380
RES003807,13:15:29,6,1247000,7482000,CUS 2039,KMR 003,MP 05,ST 004,LOK 010,CI 0368,CO 0373
RES003808,05:48:14,3,1334000,4002000,CUS 1275,KMR 003,MP 03,ST 004,LOK 008,CI 0279,CO 0280
RES003809,19:04:50,4,1359000,5436000,CUS 3124,KMR 003,MP 03,ST 004,LOK 020,CI 0962,CO 0969
RES003810,21:20:48,7,515000,3605000,CUS 3787,KMR 004,MP 06,ST 004,LOK 012,CI 0641,CO 0648
RES003811,16:05:45,1,636000,636000,CUS 4063,KMR 001,MP 06,ST 003,LOK 013,CI 0223,CO 0223
RES003812,05:23:45,8,512000,4096000,CUS 3797,KMR 004,MP 06,ST 004,LOK 011,CI 0066,CO 0074
RES003813,18:06:59,7,1340000,9380000,CUS 4132,KMR 003,MP 06,ST 003,LOK 010,CI 0917,CO 0926
RES003814,13:04:12,1,1088000,1088000,CUS 0895,KMR 003,MP 06,ST 003,LOK 009,CI 1039,CO 1043
RES003815,21:36:09,6,344000,2064000,CUS 1560,KMR 002,MP 03,ST 003,LOK 008,CI 0898,CO 0905
RES003816,18:37:09,8,1160000,9280000,CUS 1749,KMR 003,MP 03,ST 003,LOK 009,CI 0287,CO 0293
RES003817,22:05:08,9,496000,4464000,CUS 1122,KMR 004,MP 06,ST 001,LOK 009,CI 0669,CO 0679
RES003818,19:40:39,7,612000,4284000,CUS 0049,KMR 001,MP 04,ST 003,LOK 008,CI 0244,CO 0249
RES003819,06:44:30,3,1121000,3363000,CUS 3226,KMR 003,MP 06,ST 004,LOK 016,CI 0432,CO 0437
RES003820,08:24:51,4,1253000,5012000,CUS 3791,KMR 003,MP 03,ST 004,LOK 020,CI 0574,CO 0578
RES003821,09:22:32,2,457000,914000,CUS 3530,KMR 004,MP 05,ST 003,LOK 015,CI 0265,CO 0265
RES003822,21:19:19,3,1267000,3801000,CUS 1252,KMR 003,MP 02,ST 004,LOK 003,CI 0784,CO 0790
RES003823,11:00:27,6,332000,1992000,CUS 2677,KMR 002,MP 04,ST 004,LOK 006,CI 0853,CO 0861
RES003824,00:09:05,3,1231000,3693000,CUS 1942,KMR 003,MP 04,ST 002,LOK 009,CI 0299,CO 0300
RES003825,12:26:40,2,327000,654000,CUS 4086,KMR 002,MP 05,ST 003,LOK 020,CI 0959,CO 0964
RES003826,21:16:47,6,1224000,7344000,CUS 3248,KMR 003,MP 06,ST 004,LOK 010,CI 0866,CO 0874
RES003827,07:18:04,3,495000,1485000,CUS 3477,KMR 004,MP 02,ST 003,LOK 011,CI 0427,CO 0432
RES003828,06:06:39,1,559000,559000,CUS 3551,KMR 001,MP 04,ST 004,LOK 010,CI 0413,CO 0416
RES003829,20:05:46,8,586000,4688000,CUS 0942,KMR 001,MP 05,ST 004,LOK 003,CI 0653,CO 0662
RES003831,19:00:11,9,376000,3384000,CUS 3802,KMR 002,MP 06,ST 004,LOK 018,CI 0006,CO 0014
RES003832,07:04:01,8,1134000,9072000,CUS 0084,KMR 003,MP 02,ST 002,LOK 007,CI 0810,CO 0822
RES003833,05:41:02,3,1217000,3651000,CUS 0382,KMR 003,MP 02,ST 001,LOK 007,CI 0567,CO 0570
RES003834,20:47:06,5,459000,2295000,CUS 1696,KMR 004,MP 03,ST 003,LOK 003,CI 0982,CO 0990
RES003835,01:58:38,5,650000,3250000,CUS 0139,KMR 001,MP 02,ST 004,LOK 003,CI 0995,CO 1003
RES003836,09:26:59,1,402000,402000,CUS 1930,KMR 002,MP 02,ST 001,LOK 008,CI 0820,CO 0825
RES003837,04:10:36,5,1361000,6805000,CUS 3116,KMR 003,MP 05,ST 004,LOK 016,CI 0709,CO 0716
RES003838,09:12:52,6,479000,2874000,CUS 3255,KMR 004,MP 06,ST 002,LOK 002,CI 0810,CO 0820
RES003839,11:16:10,9,1159000,10431000,CUS 0139,KMR 003,MP 04,ST 004,LOK 012,CI 0747,CO 0758
RES003840,22:44:26,1,1213000,1213000,CUS 2521,KMR 003,MP 06,ST 004,LOK 013,CI 0235,CO 0235
RES003841,05:24:45,5,1262000,6310000,CUS 2415,KMR 003,MP 02,ST 003,LOK 006,CI 0601,CO 0606
RES003842,04:26:02,4,482000,1928000,CUS 0917,KMR 004,MP 05,ST 001,LOK 001,CI 0182,CO 0187
RES003843,08:33:26,6,480000,2880000,CUS 0623,KMR 004,MP 05,ST 002,LOK 010,CI 0955,CO 0964
RES003844,00:42:21,2,386000,772000,CUS 0937,KMR 002,MP 01,ST 004,LOK 006,CI 0693,CO 0697
RES003845,18:57:44,6,417000,2502000,CUS 3504,KMR 004,MP 04,ST 004,LOK 019,CI 0699,CO 0707
RES003846,04:42:26,4,486000,1944000,CUS 2639,KMR 004,MP 06,ST 004,LOK 011,CI 0589,CO 0593
RES003847,14:46:58,2,648000,1296000,CUS 1228,KMR 001,MP 01,ST 004,LOK 010,CI 0469,CO 0472
RES003848,19:29:13,4,466000,1864000,CUS 1543,KMR 004,MP 05,ST 004,LOK 013,CI 0254,CO 0256
RES003849,02:23:21,8,465000,3720000,CUS 1663,KMR 004,MP 05,ST 004,LOK 003,CI 0063,CO 0071
RES003850,00:47:33,8,543000,4344000,CUS 0677,KMR 001,MP 06,ST 004,LOK 004,CI 0864,CO 0874
RES003851,00:56:25,4,382000,1528000,CUS 0139,KMR 002,MP 06,ST 003,LOK 011,CI 0684,CO 0690
RES003852,18:51:43,7,663000,4641000,CUS 1549,KMR 001,MP 02,ST 004,LOK 013,CI 0296,CO 0301
RES003853,20:49:52,2,681000,1362000,CUS 1429,KMR 001,MP 06,ST 003,LOK 010,CI 0678,CO 0681
RES003854,18:07:22,7,509000,3563000,CUS 0139,KMR 004,MP 06,ST 002,LOK 016,CI 0485,CO 0494
RES003856,00:12:10,3,455000,1365000,CUS 1611,KMR 004,MP 05,ST 004,LOK 004,CI 0077,CO 0080
RES003857,01:39:36,4,1364000,5456000,CUS 3823,KMR 003,MP 02,ST 003,LOK 013,CI 0742,CO 0749
RES003858,13:05:48,8,364000,2912000,CUS 0491,KMR 002,MP 06,ST 004,LOK 001,CI 0265,CO 0271
RES003860,07:08:30,8,376000,3008000,CUS 3368,KMR 002,MP 05,ST 003,LOK 001,CI 0973,CO 0984
RES003861,23:10:37,6,1376000,8256000,CUS 3254,KMR 003,MP 03,ST 002,LOK 007,CI 0527,CO 0534
RES003862,06:00:10,2,1221000,2442000,CUS 0710,KMR 003,MP 06,ST 004,LOK 016,CI 0841,CO 0846
RES003863,09:30:31,7,495000,3465000,CUS 1968,KMR 004,MP 03,ST 004,LOK 004,CI 0914,CO 0923
RES003864,00:24:18,3,346000,1038000,CUS 3468,KMR 002,MP 06,ST 003,LOK 018,CI 0547,CO 0550
RES003865,05:29:11,9,624000,5616000,CUS 1752,KMR 001,MP 03,ST 003,LOK 012,CI 0993,CO 1005
RES003866,11:14:30,7,565000,3955000,CUS 1872,KMR 001,MP 04,ST 003,LOK 019,CI 0627,CO 0634
RES003867,07:42:37,2,480000,960000,CUS 3585,KMR 004,MP 05,ST 004,LOK 001,CI 1015,CO 1020
RES003868,08:34:55,7,1115000,7805000,CUS 1777,KMR 003,MP 04,ST 003,LOK 004,CI 1004,CO 1014
RES003869,08:13:16,1,1272000,1272000,CUS 0552,KMR 003,MP 05,ST 004,LOK 006,CI 0797,CO 0802
RES003870,19:28:07,2,495000,990000,CUS 3857,KMR 004,MP 03,ST 003,LOK 013,CI 0713,CO 0717
RES003871,20:40:34,6,468000,2808000,CUS 3457,KMR 004,MP 03,ST 004,LOK 002,CI 0300,CO 0304
RES003872,11:15:31,4,548000,2192000,CUS 3275,KMR 001,MP 03,ST 004,LOK 007,CI 0467,CO 0472
RES003873,19:47:14,4,1278000,5112000,CUS 0367,KMR 003,MP 06,ST 003,LOK 001,CI 0096,CO 0100
RES003874,11:55:13,4,1379000,5516000,CUS 3638,KMR 003,MP 01,ST 003,LOK 007,CI 1058,CO 1064
RES003875,16:29:27,3,391000,1173000,CUS 4070,KMR 002,MP 01,ST 004,LOK 013,CI 0656,CO 0660
RES003876,16:10:33,9,427000,3843000,CUS 2118,KMR 004,MP 02,ST 003,LOK 015,CI 0997,CO 1009
RES003877,23:43:56,5,416000,2080000,CUS 0478,KMR 004,MP 05,ST 003,LOK 016,CI 0654,CO 0660
RES003878,19:35:13,2,428000,856000,CUS 3434,KMR 004,MP 05,ST 002,LOK 014,CI 0510,CO 0513
RES003879,11:47:49,4,1239000,4956000,CUS 4079,KMR 003,MP 01,ST 004,LOK 004,CI 0032,CO 0036
RES003880,17:32:04,7,485000,3395000,CUS 1842,KMR 004,MP 06,ST 003,LOK 017,CI 0331,CO 0337
RES003881,21:00:27,7,427000,2989000,CUS 0909,KMR 004,MP 03,ST 004,LOK 002,CI 0005,CO 0011
RES003882,12:56:44,8,387000,3096000,CUS 0200,KMR 002,MP 02,ST 004,LOK 010,CI 0063,CO 0071
RES003883,04:30:27,4,363000,1452000,CUS 3887,KMR 002,MP 01,ST 002,LOK 002,CI 0701,CO 0707
RES003884,10:07:28,6,367000,2202000,CUS 1097,KMR 002,MP 02,ST 003,LOK 014,CI 0181,CO 0188
RES003885,19:42:02,3,1107000,3321000,CUS 1438,KMR 003,MP 01,ST 004,LOK 003,CI 0010,CO 0012
RES003888,16:41:05,9,1356000,12204000,CUS 0551,KMR 003,MP 01,ST 003,LOK 020,CI 0284,CO 0291
RES003889,09:51:07,7,1249000,8743000,CUS 0284,KMR 003,MP 06,ST 001,LOK 014,CI 1063,CO 1072
RES003890,06:57:38,3,671000,2013000,CUS 3858,KMR 001,MP 03,ST 002,LOK 014,CI 0097,CO 0100
RES003891,11:57:01,1,465000,465000,CUS 3223,KMR 004,MP 03,ST 004,LOK 016,CI 0644,CO 0645
RES003892,01:12:05,5,507000,2535000,CUS 2739,KMR 004,MP 02,ST 004,LOK 004,CI 0271,CO 0274
RES003893,08:28:19,7,610000,4270000,CUS 3822,KMR 001,MP 03,ST 004,LOK 002,CI 0396,CO 0404
RES003894,06:31:57,9,454000,4086000,CUS 3411,KMR 004,MP 05,ST 003,LOK 020,CI 0329,CO 0337
RES003895,16:15:36,5,1175000,5875000,CUS 4139,KMR 003,MP 04,ST 004,LOK 015,CI 0690,CO 0697
RES003896,09:37:31,6,475000,2850000,CUS 1859,KMR 004,MP 02,ST 001,LOK 020,CI 0056,CO 0062
RES003897,02:14:37,1,345000,345000,CUS 3342,KMR 002,MP 03,ST 003,LOK 017,CI 0208,CO 0209
RES003898,15:51:55,3,468000,1404000,CUS 1235,KMR 004,MP 05,ST 003,LOK 017,CI 0968,CO 0975
RES003899,03:15:09,6,563000,3378000,CUS 0282,KMR 001,MP 06,ST 003,LOK 015,CI 1036,CO 1045
RES003900,02:48:20,4,584000,2336000,CUS 3820,KMR 001,MP 01,ST 001,LOK 007,CI 0393,CO 0398
RES003901,09:59:10,3,1346000,4038000,CUS 0731,KMR 003,MP 06,ST 001,LOK 007,CI 0818,CO 0825
RES003902,15:52:23,5,589000,2945000,CUS 2332,KMR 001,MP 06,ST 004,LOK 005,CI 0174,CO 0181
RES003903,07:06:14,1,1354000,1354000,CUS 0875,KMR 003,MP 01,ST 004,LOK 016,CI 0898,CO 0900
RES003904,05:17:44,5,595000,2975000,CUS 2130,KMR 001,MP 06,ST 003,LOK 010,CI 0526,CO 0532
RES003905,19:38:12,5,1272000,6360000,CUS 0334,KMR 003,MP 05,ST 001,LOK 002,CI 0411,CO 0418
RES003906,22:59:54,1,1187000,1187000,CUS 4128,KMR 003,MP 04,ST 001,LOK 011,CI 0328,CO 0328
RES003907,17:40:12,7,421000,2947000,CUS 1082,KMR 004,MP 06,ST 002,LOK 009,CI 0417,CO 0426
RES003908,06:20:21,9,1253000,11277000,CUS 3869,KMR 003,MP 02,ST 002,LOK 020,CI 0657,CO 0667
RES003910,14:05:08,7,1379000,9653000,CUS 2726,KMR 003,MP 04,ST 002,LOK 013,CI 0146,CO 0153
RES003911,07:29:25,4,624000,2496000,CUS 3445,KMR 001,MP 01,ST 004,LOK 009,CI 0959,CO 0966
RES003912,21:57:59,3,345000,1035000,CUS 2011,KMR 002,MP 01,ST 004,LOK 003,CI 0928,CO 0934
RES003913,13:37:49,7,450000,3150000,CUS 1213,KMR 004,MP 02,ST 003,LOK 002,CI 0058,CO 0065
RES003914,02:39:59,1,484000,484000,CUS 2716,KMR 004,MP 02,ST 003,LOK 011,CI 1043,CO 1047
RES003915,06:26:39,3,631000,1893000,CUS 2289,KMR 001,MP 03,ST 002,LOK 007,CI 0350,CO 0352
RES003916,09:37:28,4,1275000,5100000,CUS 0706,KMR 003,MP 01,ST 003,LOK 001,CI 0970,CO 0977
RES003917,17:50:36,6,1351000,8106000,CUS 3174,KMR 003,MP 02,ST 004,LOK 009,CI 0951,CO 0960
RES003918,17:37:16,6,381000,2286000,CUS 1476,KMR 002,MP 03,ST 004,LOK 019,CI 1053,CO 1062
RES003919,22:52:51,1,493000,493000,CUS 3080,KMR 004,MP 06,ST 001,LOK 006,CI 0212,CO 0212
RES003920,03:08:03,3,631000,1893000,CUS 1978,KMR 001,MP 05,ST 003,LOK 012,CI 0950,CO 0956
RES003921,00:10:40,5,485000,2425000,CUS 0139,KMR 004,MP 01,ST 003,LOK 007,CI 0425,CO 0432
RES003922,13:32:32,9,1339000,12051000,CUS 1434,KMR 003,MP 03,ST 002,LOK 013,CI 0974,CO 0986
RES003923,13:09:16,2,674000,1348000,CUS 2995,KMR 001,MP 02,ST 003,LOK 011,CI 0805,CO 0811
RES003924,11:12:53,1,508000,508000,CUS 1797,KMR 004,MP 03,ST 003,LOK 008,CI 0526,CO 0528
RES003925,00:47:49,3,545000,1635000,CUS 1175,KMR 001,MP 05,ST 003,LOK 009,CI 0579,CO 0582
RES003926,06:43:07,3,478000,1434000,CUS 3502,KMR 004,MP 03,ST 004,LOK 011,CI 0566,CO 0569
RES003927,00:58:03,6,627000,3762000,CUS 2832,KMR 001,MP 01,ST 003,LOK 020,CI 0249,CO 0253
RES003928,04:46:18,2,1350000,2700000,CUS 0139,KMR 003,MP 02,ST 001,LOK 001,CI 1012,CO 1017
RES003929,11:04:59,5,654000,3270000,CUS 1403,KMR 001,MP 06,ST 004,LOK 016,CI 0419,CO 0426
RES003930,16:00:10,5,336000,1680000,CUS 0833,KMR 002,MP 03,ST 004,LOK 013,CI 0944,CO 0952
RES003931,18:38:37,9,1208000,10872000,CUS 2884,KMR 003,MP 05,ST 001,LOK 012,CI 0057,CO 0066
RES003932,04:17:22,4,450000,1800000,CUS 3301,KMR 004,MP 01,ST 004,LOK 004,CI 0908,CO 0913
RES003933,00:04:42,5,1377000,6885000,CUS 3297,KMR 003,MP 06,ST 003,LOK 015,CI 0143,CO 0148
RES003934,13:47:47,7,433000,3031000,CUS 1956,KMR 004,MP 06,ST 003,LOK 010,CI 0158,CO 0166
RES003935,15:19:36,5,455000,2275000,CUS 3591,KMR 004,MP 02,ST 001,LOK 020,CI 1068,CO 1075
RES003936,23:49:27,1,564000,564000,CUS 2620,KMR 001,MP 04,ST 004,LOK 004,CI 0460,CO 0463
RES003937,05:51:01,6,456000,2736000,CUS 1309,KMR 004,MP 04,ST 004,LOK 007,CI 0315,CO 0320
RES003938,15:05:47,2,564000,1128000,CUS 1521,KMR 001,MP 05,ST 004,LOK 006,CI 0639,CO 0641
RES003939,19:29:53,4,426000,1704000,CUS 2623,KMR 004,MP 02,ST 003,LOK 004,CI 0882,CO 0887
RES003940,12:28:21,1,484000,484000,CUS 3211,KMR 004,MP 04,ST 003,LOK 002,CI 0025,CO 0026
RES003941,23:54:16,1,1362000,1362000,CUS 0802,KMR 003,MP 06,ST 003,LOK 008,CI 0952,CO 0956
RES003942,22:59:40,6,1314000,7884000,CUS 0978,KMR 003,MP 03,ST 004,LOK 005,CI 0985,CO 0994
RES003943,07:10:20,4,1199000,4796000,CUS 3868,KMR 003,MP 04,ST 004,LOK 005,CI 0593,CO 0597
RES003944,19:10:21,3,390000,1170000,CUS 4119,KMR 002,MP 06,ST 004,LOK 020,CI 0727,CO 0733
RES003945,22:57:16,2,514000,1028000,CUS 3362,KMR 004,MP 04,ST 003,LOK 003,CI 0533,CO 0536
RES003946,05:01:20,5,515000,2575000,CUS 0139,KMR 004,MP 01,ST 004,LOK 006,CI 0549,CO 0554
RES003947,19:36:19,3,350000,1050000,CUS 1243,KMR 002,MP 06,ST 003,LOK 002,CI 0485,CO 0490
RES003948,04:16:02,8,359000,2872000,CUS 0195,KMR 002,MP 05,ST 003,LOK 016,CI 0736,CO 0747
RES003949,03:29:09,2,611000,1222000,CUS 1425,KMR 001,MP 02,ST 004,LOK 004,CI 0128,CO 0130
RES003950,10:17:30,3,1194000,3582000,CUS 0139,KMR 003,MP 02,ST 004,LOK 014,CI 0522,CO 0526
RES003951,00:42:05,8,320000,2560000,CUS 0995,KMR 002,MP 03,ST 004,LOK 001,CI 0977,CO 0988
RES003952,02:14:09,7,607000,4249000,CUS 3390,KMR 001,MP 06,ST 004,LOK 001,CI 0596,CO 0603
RES003953,18:20:46,2,414000,828000,CUS 0139,KMR 004,MP 06,ST 004,LOK 011,CI 0063,CO 0065
RES003954,14:23:26,1,1216000,1216000,CUS 1843,KMR 003,MP 01,ST 004,LOK 009,CI 0775,CO 0779
RES003955,06:13:23,8,369000,2952000,CUS 1105,KMR 002,MP 01,ST 002,LOK 008,CI 0378,CO 0387
RES003956,05:07:50,4,363000,1452000,CUS 1225,KMR 002,MP 02,ST 003,LOK 010,CI 0058,CO 0062
RES003957,16:53:10,7,335000,2345000,CUS 0449,KMR 002,MP 06,ST 003,LOK 011,CI 0986,CO 0996
RES003958,16:26:25,3,455000,1365000,CUS 2187,KMR 004,MP 01,ST 003,LOK 015,CI 0324,CO 0326
RES003959,03:30:15,1,665000,665000,CUS 4080,KMR 001,MP 02,ST 003,LOK 006,CI 0713,CO 0716
RES003960,23:03:50,8,1278000,10224000,CUS 3418,KMR 003,MP 02,ST 003,LOK 015,CI 0235,CO 0241
RES003961,10:22:39,5,1372000,6860000,CUS 2517,KMR 003,MP 04,ST 004,LOK 004,CI 0622,CO 0627
RES003962,06:54:03,1,458000,458000,CUS 3569,KMR 004,MP 05,ST 004,LOK 010,CI 0989,CO 0993
RES003963,21:56:47,8,1303000,10424000,CUS 0988,KMR 003,MP 03,ST 004,LOK 013,CI 0151,CO 0159
RES003964,21:06:17,1,573000,573000,CUS 2634,KMR 001,MP 04,ST 002,LOK 002,CI 0536,CO 0538
RES003965,10:22:09,6,618000,3708000,CUS 1603,KMR 001,MP 01,ST 004,LOK 018,CI 0027,CO 0033
RES003966,12:54:20,2,331000,662000,CUS 0859,KMR 002,MP 01,ST 001,LOK 016,CI 0338,CO 0339
RES003968,16:33:35,5,487000,2435000,CUS 3424,KMR 004,MP 06,ST 003,LOK 013,CI 0830,CO 0839
RES003969,06:51:11,2,329000,658000,CUS 3994,KMR 002,MP 04,ST 004,LOK 011,CI 0668,CO 0672
RES003970,12:58:19,8,364000,2912000,CUS 1877,KMR 002,MP 06,ST 003,LOK 008,CI 1057,CO 1067
RES003971,21:33:16,9,1215000,10935000,CUS 1564,KMR 003,MP 03,ST 004,LOK 014,CI 0697,CO 0708
RES003972,04:10:25,4,405000,1620000,CUS 3308,KMR 004,MP 04,ST 004,LOK 006,CI 0792,CO 0799
RES003973,23:53:24,2,391000,782000,CUS 3458,KMR 002,MP 03,ST 004,LOK 013,CI 0923,CO 0927
RES003974,12:35:24,7,613000,4291000,CUS 2221,KMR 001,MP 06,ST 004,LOK 008,CI 1074,CO 1083
RES003975,17:37:50,3,1107000,3321000,CUS 1963,KMR 003,MP 01,ST 004,LOK 002,CI 0950,CO 0956
RES003976,10:45:56,2,1226000,2452000,CUS 2015,KMR 003,MP 03,ST 002,LOK 015,CI 0573,CO 0575
RES003977,14:01:07,7,1252000,8764000,CUS 3655,KMR 003,MP 01,ST 002,LOK 006,CI 0075,CO 0082
RES003978,18:33:49,6,1378000,8268000,CUS 2484,KMR 003,MP 01,ST 003,LOK 020,CI 0109,CO 0115
RES003979,06:21:22,9,1119000,10071000,CUS 0518,KMR 003,MP 05,ST 001,LOK 014,CI 0478,CO 0489
RES003980,17:16:26,1,682000,682000,CUS 3609,KMR 001,MP 06,ST 003,LOK 003,CI 0273,CO 0272
RES003981,16:59:48,9,453000,4077000,CUS 2253,KMR 004,MP 06,ST 002,LOK 004,CI 0948,CO 0960
RES003982,15:39:15,1,429000,429000,CUS 3079,KMR 004,MP 03,ST 003,LOK 003,CI 0398,CO 0400
RES003983,01:40:49,2,448000,896000,CUS 0232,KMR 004,MP 06,ST 002,LOK 011,CI 0075,CO 0077
RES003984,03:37:29,6,339000,2034000,CUS 0912,KMR 002,MP 06,ST 004,LOK 006,CI 0179,CO 0186
RES003986,17:28:04,3,1084000,3252000,CUS 3340,KMR 003,MP 06,ST 004,LOK 011,CI 0474,CO 0479
RES003988,17:11:58,5,475000,2375000,CUS 3317,KMR 004,MP 03,ST 003,LOK 009,CI 0420,CO 0427
RES003989,10:59:44,2,506000,1012000,CUS 3877,KMR 004,MP 06,ST 004,LOK 003,CI 0701,CO 0705
RES003990,15:49:30,2,415000,830000,CUS 3925,KMR 004,MP 04,ST 003,LOK 018,CI 0588,CO 0590
RES003991,19:56:27,4,654000,2616000,CUS 0667,KMR 001,MP 05,ST 004,LOK 014,CI 0403,CO 0408
RES003992,08:59:52,7,369000,2583000,CUS 1119,KMR 002,MP 06,ST 001,LOK 016,CI 0570,CO 0577
RES003993,19:38:31,7,356000,2492000,CUS 2168,KMR 002,MP 02,ST 004,LOK 009,CI 0753,CO 0762
RES003994,19:04:45,4,341000,1364000,CUS 2609,KMR 002,MP 04,ST 004,LOK 019,CI 0670,CO 0675
RES003995,12:03:04,8,516000,4128000,CUS 2673,KMR 004,MP 02,ST 002,LOK 005,CI 0893,CO 0902
RES003996,10:11:09,9,632000,5688000,CUS 0380,KMR 001,MP 01,ST 004,LOK 016,CI 0767,CO 0778
RES003997,17:30:41,2,468000,936000,CUS 2915,KMR 004,MP 04,ST 003,LOK 005,CI 0390,CO 0393
RES003998,07:00:26,4,382000,1528000,CUS 0410,KMR 002,MP 01,ST 004,LOK 013,CI 1058,CO 1064
RES003999,19:34:04,9,571000,5139000,CUS 3796,KMR 001,MP 02,ST 003,LOK 019,CI 0352,CO 0359
RES004000,08:52:59,2,1379000,2758000,CUS 0860,KMR 003,MP 06,ST 003,LOK 006,CI 0144,CO 0146
RES004001,01:49:30,5,505000,2525000,CUS 4085,KMR 004,MP 02,ST 003,LOK 006,CI 0908,CO 0914
RES004002,10:01:41,6,316000,1896000,CUS 3200,KMR 002,MP 05,ST 003,LOK 008,CI 0141,CO 0147
RES004003,10:26:40,3,414000,1242000,CUS 0498,KMR 004,MP 02,ST 001,LOK 014,CI 1047,CO 1053
RES004004,16:03:43,7,622000,4354000,CUS 2142,KMR 001,MP 06,ST 003,LOK 010,CI 0221,CO 0227
RES004005,10:31:49,5,1244000,6220000,CUS 0179,KMR 003,MP 03,ST 003,LOK 017,CI 0889,CO 0895
RES004006,10:11:50,2,1356000,2712000,CUS 4157,KMR 003,MP 03,ST 004,LOK 005,CI 0428,CO 0432
RES004007,00:20:19,3,679000,2037000,CUS 2738,KMR 001,MP 04,ST 002,LOK 018,CI 0647,CO 0650
RES004008,16:01:32,2,424000,848000,CUS 0524,KMR 004,MP 06,ST 003,LOK 019,CI 0129,CO 0131
RES004009,19:19:43,6,1082000,6492000,CUS 1215,KMR 003,MP 02,ST 004,LOK 008,CI 0908,CO 0915
RES004010,11:52:03,1,1367000,1367000,CUS 2971,KMR 003,MP 05,ST 004,LOK 009,CI 0387,CO 0389
RES004011,17:47:59,6,1095000,6570000,CUS 1342,KMR 003,MP 03,ST 004,LOK 008,CI 0960,CO 0969
RES004012,03:48:20,5,1093000,5465000,CUS 0852,KMR 003,MP 04,ST 004,LOK 012,CI 0965,CO 0973
RES004014,07:10:53,3,517000,1551000,CUS 0021,KMR 004,MP 02,ST 004,LOK 008,CI 0596,CO 0599
RES004015,22:22:38,8,335000,2680000,CUS 0663,KMR 002,MP 05,ST 003,LOK 002,CI 0009,CO 0016
RES004016,22:58:29,3,1304000,3912000,CUS 1768,KMR 003,MP 01,ST 004,LOK 013,CI 0633,CO 0636
RES004017,02:07:16,9,396000,3564000,CUS 1949,KMR 002,MP 01,ST 003,LOK 008,CI 0803,CO 0816
RES004018,13:55:06,1,325000,325000,CUS 0268,KMR 002,MP 03,ST 004,LOK 016,CI 0108,CO 0109
RES004020,04:54:50,1,1371000,1371000,CUS 2514,KMR 003,MP 06,ST 004,LOK 007,CI 0471,CO 0473
RES004021,05:06:53,7,643000,4501000,CUS 3393,KMR 001,MP 04,ST 004,LOK 005,CI 0495,CO 0503
RES004022,01:14:38,6,318000,1908000,CUS 1230,KMR 002,MP 01,ST 004,LOK 004,CI 0456,CO 0464
RES004024,19:04:23,5,1251000,6255000,CUS 0234,KMR 003,MP 01,ST 001,LOK 015,CI 0473,CO 0480
RES004025,23:10:25,9,1130000,10170000,CUS 2167,KMR 003,MP 06,ST 003,LOK 005,CI 0103,CO 0112
RES004026,00:48:10,4,384000,1536000,CUS 2859,KMR 002,MP 01,ST 004,LOK 009,CI 0880,CO 0885
RES004027,18:01:24,7,1203000,8421000,CUS 2525,KMR 003,MP 02,ST 003,LOK 015,CI 0226,CO 0232
RES004028,05:36:02,4,625000,2500000,CUS 2348,KMR 001,MP 03,ST 002,LOK 002,CI 0965,CO 0972
RES004029,18:05:28,7,612000,4284000,CUS 2823,KMR 001,MP 01,ST 002,LOK 019,CI 0262,CO 0267
RES004030,19:24:34,9,446000,4014000,CUS 0218,KMR 004,MP 04,ST 004,LOK 015,CI 0837,CO 0849
RES004031,04:06:37,8,343000,2744000,CUS 0557,KMR 002,MP 04,ST 004,LOK 013,CI 0112,CO 0120
RES004032,09:02:51,6,611000,3666000,CUS 2946,KMR 001,MP 04,ST 003,LOK 006,CI 0375,CO 0382
RES004033,09:27:08,5,1295000,6475000,CUS 1246,KMR 003,MP 06,ST 004,LOK 004,CI 0245,CO 0248
RES004034,12:26:36,8,336000,2688000,CUS 1822,KMR 002,MP 06,ST 001,LOK 010,CI 0647,CO 0655
RES004035,01:56:33,5,483000,2415000,CUS 2539,KMR 004,MP 05,ST 004,LOK 003,CI 0510,CO 0516
RES004036,12:13:29,8,682000,5456000,CUS 0929,KMR 001,MP 05,ST 003,LOK 007,CI 0808,CO 0820
RES004037,14:48:31,8,1216000,9728000,CUS 0123,KMR 003,MP 01,ST 004,LOK 007,CI 0191,CO 0200
RES004038,16:21:12,6,678000,4068000,CUS 0581,KMR 001,MP 02,ST 003,LOK 016,CI 0501,CO 0508
RES004039,07:45:08,7,326000,2282000,CUS 4083,KMR 002,MP 02,ST 004,LOK 005,CI 0400,CO 0408
RES004040,03:49:46,9,1177000,10593000,CUS 1280,KMR 003,MP 01,ST 004,LOK 015,CI 0569,CO 0578
RES004041,18:05:28,5,1200000,6000000,CUS 3618,KMR 003,MP 05,ST 004,LOK 009,CI 0378,CO 0384
RES004042,06:39:30,3,448000,1344000,CUS 1353,KMR 004,MP 04,ST 004,LOK 001,CI 0108,CO 0111
RES004043,18:41:23,6,443000,2658000,CUS 0204,KMR 004,MP 03,ST 004,LOK 010,CI 0205,CO 0211
RES004044,11:16:31,4,682000,2728000,CUS 0417,KMR 001,MP 01,ST 003,LOK 009,CI 0001,CO 0005
RES004045,18:41:31,6,331000,1986000,CUS 2589,KMR 002,MP 05,ST 004,LOK 019,CI 0134,CO 0140
RES004046,14:53:37,3,1091000,3273000,CUS 2858,KMR 003,MP 03,ST 003,LOK 019,CI 0387,CO 0391
RES004047,15:18:32,8,367000,2936000,CUS 3358,KMR 002,MP 04,ST 001,LOK 020,CI 0337,CO 0344
RES004048,19:29:27,2,509000,1018000,CUS 0242,KMR 004,MP 01,ST 004,LOK 012,CI 0272,CO 0272
RES004049,04:31:12,8,499000,3992000,CUS 0221,KMR 004,MP 03,ST 003,LOK 018,CI 0252,CO 0258
RES004050,13:18:50,3,355000,1065000,CUS 0906,KMR 002,MP 06,ST 004,LOK 009,CI 0101,CO 0104
RES004051,22:09:42,6,401000,2406000,CUS 0595,KMR 002,MP 05,ST 003,LOK 008,CI 1044,CO 1053
RES004052,23:48:56,8,642000,5136000,CUS 1987,KMR 001,MP 01,ST 004,LOK 008,CI 0689,CO 0699
RES004053,02:06:06,5,393000,1965000,CUS 1254,KMR 002,MP 02,ST 003,LOK 006,CI 0466,CO 0472
RES004054,09:54:46,8,612000,4896000,CUS 0139,KMR 001,MP 06,ST 003,LOK 004,CI 0465,CO 0474
RES004055,15:21:56,4,471000,1884000,CUS 1206,KMR 004,MP 01,ST 004,LOK 010,CI 0165,CO 0170
RES004056,06:34:37,9,1324000,11916000,CUS 1223,KMR 003,MP 06,ST 004,LOK 004,CI 0590,CO 0599
RES004057,08:20:59,5,517000,2585000,CUS 3431,KMR 004,MP 04,ST 002,LOK 010,CI 0646,CO 0651
RES004058,05:04:47,5,330000,1650000,CUS 3298,KMR 002,MP 06,ST 004,LOK 001,CI 0674,CO 0680
RES004059,06:26:02,2,1136000,2272000,CUS 3172,KMR 003,MP 06,ST 003,LOK 003,CI 0209,CO 0211
RES004060,16:07:49,3,517000,1551000,CUS 0139,KMR 004,MP 05,ST 004,LOK 017,CI 0368,CO 0370
RES004061,04:09:42,5,1114000,5570000,CUS 2412,KMR 003,MP 05,ST 003,LOK 011,CI 0173,CO 0180
RES004062,16:50:17,4,1082000,4328000,CUS 3648,KMR 003,MP 02,ST 004,LOK 016,CI 0404,CO 0409
RES004063,16:40:14,5,1367000,6835000,CUS 0139,KMR 003,MP 01,ST 002,LOK 008,CI 0886,CO 0892
RES004064,00:32:10,4,575000,2300000,CUS 1721,KMR 001,MP 01,ST 003,LOK 014,CI 0229,CO 0232
RES004065,22:50:09,9,662000,5958000,CUS 2466,KMR 001,MP 06,ST 004,LOK 010,CI 0037,CO 0046
RES004066,03:38:30,3,486000,1458000,CUS 2851,KMR 004,MP 04,ST 004,LOK 020,CI 0730,CO 0736
RES004067,18:13:26,4,395000,1580000,CUS 0168,KMR 002,MP 02,ST 004,LOK 013,CI 0170,CO 0176
RES004068,01:02:49,9,553000,4977000,CUS 2301,KMR 001,MP 02,ST 003,LOK 001,CI 0796,CO 0809
RES004069,22:11:16,4,638000,2552000,CUS 1204,KMR 001,MP 04,ST 004,LOK 008,CI 0296,CO 0298
RES004070,16:41:42,6,337000,2022000,CUS 2829,KMR 002,MP 02,ST 004,LOK 001,CI 1060,CO 1068
RES004071,04:38:57,9,506000,4554000,CUS 0876,KMR 004,MP 03,ST 003,LOK 016,CI 0040,CO 0049
RES004072,03:38:55,8,332000,2656000,CUS 3020,KMR 002,MP 06,ST 003,LOK 011,CI 1049,CO 1060
RES004073,03:22:46,3,669000,2007000,CUS 2372,KMR 001,MP 06,ST 003,LOK 011,CI 0297,CO 0298
RES004074,20:55:46,3,621000,1863000,CUS 1841,KMR 001,MP 06,ST 003,LOK 015,CI 1074,CO 1079
RES004075,02:48:37,6,381000,2286000,CUS 2193,KMR 002,MP 04,ST 002,LOK 014,CI 0700,CO 0708
RES004076,08:07:48,8,601000,4808000,CUS 0776,KMR 001,MP 04,ST 003,LOK 020,CI 0929,CO 0940
RES004078,19:13:57,1,1346000,1346000,CUS 2619,KMR 003,MP 06,ST 004,LOK 017,CI 1004,CO 1008
RES004079,17:09:04,4,393000,1572000,CUS 1938,KMR 002,MP 05,ST 003,LOK 006,CI 0081,CO 0085
RES004080,09:22:42,9,653000,5877000,CUS 3406,KMR 001,MP 03,ST 004,LOK 013,CI 0375,CO 0385
RES004081,12:22:17,2,410000,820000,CUS 3041,KMR 004,MP 04,ST 004,LOK 015,CI 0121,CO 0123
RES004082,11:34:59,4,1257000,5028000,CUS 2392,KMR 003,MP 04,ST 004,LOK 018,CI 0149,CO 0153
RES004083,23:23:58,3,1253000,3759000,CUS 0539,KMR 003,MP 01,ST 002,LOK 005,CI 0058,CO 0061
RES004084,12:32:27,7,366000,2562000,CUS 3885,KMR 002,MP 03,ST 004,LOK 008,CI 0575,CO 0582
RES004085,04:33:49,9,616000,5544000,CUS 1156,KMR 001,MP 04,ST 004,LOK 020,CI 0512,CO 0522
RES004086,23:18:20,1,615000,615000,CUS 4178,KMR 001,MP 01,ST 004,LOK 004,CI 0633,CO 0634
RES004087,12:40:24,7,643000,4501000,CUS 0726,KMR 001,MP 01,ST 002,LOK 015,CI 0976,CO 0986
RES004088,03:58:35,2,625000,1250000,CUS 2085,KMR 001,MP 05,ST 001,LOK 009,CI 0811,CO 0817
RES004089,13:33:54,7,662000,4634000,CUS 3799,KMR 001,MP 03,ST 001,LOK 009,CI 0879,CO 0887
RES004091,07:23:18,3,315000,945000,CUS 3562,KMR 002,MP 06,ST 004,LOK 009,CI 0083,CO 0086
RES004092,11:12:16,8,318000,2544000,CUS 2116,KMR 002,MP 04,ST 001,LOK 010,CI 0445,CO 0455
RES004093,09:47:44,5,352000,1760000,CUS 1679,KMR 002,MP 02,ST 004,LOK 014,CI 0435,CO 0442
RES004094,00:30:47,5,333000,1665000,CUS 1116,KMR 002,MP 04,ST 003,LOK 018,CI 0015,CO 0019
RES004095,06:21:07,3,443000,1329000,CUS 1733,KMR 004,MP 06,ST 003,LOK 005,CI 0181,CO 0185
RES004096,21:08:52,9,673000,6057000,CUS 1661,KMR 001,MP 01,ST 004,LOK 007,CI 0082,CO 0091
RES004097,16:34:31,6,1106000,6636000,CUS 2387,KMR 003,MP 05,ST 002,LOK 017,CI 0665,CO 0672
RES004098,08:31:09,3,590000,1770000,CUS 3507,KMR 001,MP 02,ST 003,LOK 001,CI 0281,CO 0282
RES004099,18:17:53,6,658000,3948000,CUS 0521,KMR 001,MP 02,ST 003,LOK 016,CI 0640,CO 0646
RES004100,09:00:42,3,653000,1959000,CUS 2982,KMR 001,MP 05,ST 003,LOK 012,CI 0180,CO 0184
RES004101,14:47:59,3,487000,1461000,CUS 2773,KMR 004,MP 04,ST 001,LOK 003,CI 1021,CO 1027
RES004102,10:05:17,4,640000,2560000,CUS 0082,KMR 001,MP 06,ST 003,LOK 014,CI 0014,CO 0017
RES004103,03:32:08,8,475000,3800000,CUS 2621,KMR 004,MP 02,ST 003,LOK 010,CI 0851,CO 0861
RES004104,14:14:46,5,671000,3355000,CUS 1130,KMR 001,MP 02,ST 002,LOK 008,CI 0889,CO 0895
RES004105,00:01:04,1,507000,507000,CUS 0943,KMR 004,MP 06,ST 004,LOK 011,CI 0077,CO 0078
RES004106,02:01:47,8,604000,4832000,CUS 4094,KMR 001,MP 04,ST 003,LOK 015,CI 0266,CO 0272
RES004107,15:42:28,7,328000,2296000,CUS 2240,KMR 002,MP 05,ST 002,LOK 008,CI 0541,CO 0548
RES004108,18:05:42,7,561000,3927000,CUS 2143,KMR 001,MP 06,ST 001,LOK 017,CI 0144,CO 0151
RES004110,11:13:51,3,339000,1017000,CUS 2583,KMR 002,MP 06,ST 003,LOK 020,CI 1034,CO 1040
RES004111,12:31:41,9,482000,4338000,CUS 0139,KMR 004,MP 06,ST 003,LOK 005,CI 0163,CO 0173
RES004112,03:15:55,4,440000,1760000,CUS 3442,KMR 004,MP 03,ST 003,LOK 001,CI 0301,CO 0303
RES004113,20:37:33,2,604000,1208000,CUS 0837,KMR 001,MP 01,ST 003,LOK 014,CI 1047,CO 1052
RES004114,10:18:09,5,1172000,5860000,CUS 2291,KMR 003,MP 03,ST 002,LOK 007,CI 0037,CO 0042
RES004115,15:51:34,6,462000,2772000,CUS 2602,KMR 004,MP 06,ST 003,LOK 002,CI 0266,CO 0270
RES004116,15:50:50,1,1121000,1121000,CUS 3907,KMR 003,MP 04,ST 003,LOK 018,CI 0166,CO 0168
RES004117,13:11:20,2,1305000,2610000,CUS 3871,KMR 003,MP 02,ST 004,LOK 020,CI 0533,CO 0536
RES004118,01:34:28,9,363000,3267000,CUS 2689,KMR 002,MP 02,ST 004,LOK 007,CI 0479,CO 0490
RES004119,14:25:38,4,1223000,4892000,CUS 2730,KMR 003,MP 05,ST 004,LOK 003,CI 0801,CO 0809
RES004120,23:11:05,3,651000,1953000,CUS 2259,KMR 001,MP 05,ST 003,LOK 015,CI 0374,CO 0378
RES004121,00:04:35,1,319000,319000,CUS 0353,KMR 002,MP 04,ST 004,LOK 001,CI 0685,CO 0688
RES004122,07:37:56,9,343000,3087000,CUS 2457,KMR 002,MP 06,ST 003,LOK 015,CI 0375,CO 0385
RES004123,01:45:00,4,658000,2632000,CUS 3364,KMR 001,MP 06,ST 003,LOK 016,CI 0325,CO 0328
RES004124,18:38:08,9,1354000,12186000,CUS 2196,KMR 003,MP 05,ST 004,LOK 008,CI 0987,CO 0999
RES004125,03:06:46,5,339000,1695000,CUS 4013,KMR 002,MP 05,ST 004,LOK 011,CI 0020,CO 0024
RES004126,18:27:55,2,1236000,2472000,CUS 1361,KMR 003,MP 04,ST 004,LOK 011,CI 0591,CO 0593
RES004127,08:33:05,5,1109000,5545000,CUS 1000,KMR 003,MP 03,ST 003,LOK 019,CI 0719,CO 0727
RES004128,13:38:04,9,402000,3618000,CUS 2186,KMR 002,MP 02,ST 003,LOK 008,CI 0841,CO 0852
RES004129,20:53:38,2,323000,646000,CUS 1748,KMR 002,MP 03,ST 004,LOK 006,CI 0080,CO 0082
RES004130,13:15:27,1,441000,441000,CUS 2838,KMR 004,MP 06,ST 003,LOK 005,CI 1076,CO 1079
RES004131,00:05:23,1,648000,648000,CUS 0584,KMR 001,MP 01,ST 002,LOK 009,CI 0714,CO 0717
RES004132,20:58:34,6,432000,2592000,CUS 3535,KMR 004,MP 05,ST 004,LOK 012,CI 0202,CO 0208
RES004133,23:03:22,1,320000,320000,CUS 2684,KMR 002,MP 06,ST 003,LOK 017,CI 1008,CO 1012
RES004134,02:02:55,6,1263000,7578000,CUS 2377,KMR 003,MP 03,ST 003,LOK 013,CI 0620,CO 0626
RES004135,15:34:54,2,1251000,2502000,CUS 3734,KMR 003,MP 06,ST 002,LOK 013,CI 0722,CO 0727
RES004136,03:00:23,5,1140000,5700000,CUS 0139,KMR 003,MP 05,ST 003,LOK 015,CI 0218,CO 0222
RES004137,00:08:23,4,1258000,5032000,CUS 0186,KMR 003,MP 06,ST 003,LOK 012,CI 1012,CO 1019
RES004138,08:19:17,8,452000,3616000,CUS 0779,KMR 004,MP 06,ST 003,LOK 017,CI 0438,CO 0448
RES004139,10:35:51,6,375000,2250000,CUS 3630,KMR 002,MP 06,ST 002,LOK 020,CI 0707,CO 0715
RES004140,04:02:58,7,457000,3199000,CUS 0056,KMR 004,MP 02,ST 003,LOK 018,CI 0964,CO 0974
RES004141,04:09:33,5,434000,2170000,CUS 2873,KMR 004,MP 03,ST 003,LOK 001,CI 0442,CO 0449
RES004142,14:09:01,8,660000,5280000,CUS 3997,KMR 001,MP 05,ST 004,LOK 008,CI 0113,CO 0121
RES004143,21:40:31,7,436000,3052000,CUS 0482,KMR 004,MP 05,ST 004,LOK 008,CI 0339,CO 0345
RES004144,16:23:01,3,417000,1251000,CUS 0925,KMR 004,MP 06,ST 003,LOK 008,CI 0935,CO 0941
RES004145,10:38:26,5,688000,3440000,CUS 3805,KMR 001,MP 02,ST 003,LOK 012,CI 0863,CO 0870
RES004146,22:17:01,4,433000,1732000,CUS 3491,KMR 004,MP 03,ST 003,LOK 015,CI 0669,CO 0674
RES004147,13:28:23,9,1161000,10449000,CUS 1153,KMR 003,MP 06,ST 004,LOK 010,CI 1012,CO 1024
RES004148,00:16:49,3,596000,1788000,CUS 1171,KMR 001,MP 06,ST 003,LOK 009,CI 0298,CO 0299
RES004149,01:46:26,4,359000,1436000,CUS 1033,KMR 002,MP 05,ST 004,LOK 008,CI 0780,CO 0787
RES004150,21:14:37,7,389000,2723000,CUS 4029,KMR 002,MP 02,ST 003,LOK 020,CI 0015,CO 0021
RES004151,00:27:52,6,1246000,7476000,CUS 0541,KMR 003,MP 03,ST 003,LOK 003,CI 0719,CO 0728
RES004152,18:20:45,6,1166000,6996000,CUS 3699,KMR 003,MP 02,ST 003,LOK 004,CI 0256,CO 0260
RES004153,19:09:07,1,1322000,1322000,CUS 1852,KMR 003,MP 03,ST 004,LOK 006,CI 0510,CO 0512
RES004154,17:25:11,1,1211000,1211000,CUS 3030,KMR 003,MP 02,ST 003,LOK 016,CI 0094,CO 0095
RES004155,19:05:09,2,644000,1288000,CUS 4170,KMR 001,MP 03,ST 003,LOK 008,CI 0055,CO 0057
RES004156,05:51:47,7,388000,2716000,CUS 2436,KMR 002,MP 05,ST 003,LOK 019,CI 0693,CO 0702
RES004157,12:49:14,3,347000,1041000,CUS 2005,KMR 002,MP 03,ST 004,LOK 008,CI 0154,CO 0158
RES004158,08:42:19,4,328000,1312000,CUS 3489,KMR 002,MP 03,ST 001,LOK 005,CI 1069,CO 1075
RES004159,05:39:26,8,578000,4624000,CUS 2022,KMR 001,MP 05,ST 004,LOK 002,CI 0395,CO 0404
RES004160,11:34:58,2,546000,1092000,CUS 0263,KMR 001,MP 03,ST 003,LOK 013,CI 0699,CO 0703
RES004161,00:37:33,7,476000,3332000,CUS 1336,KMR 004,MP 05,ST 004,LOK 010,CI 0188,CO 0196
RES004162,09:13:25,6,1215000,7290000,CUS 2174,KMR 003,MP 03,ST 003,LOK 019,CI 0078,CO 0084
RES004163,03:43:12,4,344000,1376000,CUS 3539,KMR 002,MP 02,ST 003,LOK 017,CI 0370,CO 0374
RES004164,00:53:57,7,1081000,7567000,CUS 0139,KMR 003,MP 04,ST 003,LOK 006,CI 0301,CO 0306
RES004165,09:37:00,4,497000,1988000,CUS 1333,KMR 004,MP 04,ST 002,LOK 017,CI 0613,CO 0617
RES004166,07:50:52,5,553000,2765000,CUS 0950,KMR 001,MP 01,ST 001,LOK 011,CI 0974,CO 0982
RES004167,02:05:56,7,580000,4060000,CUS 1506,KMR 001,MP 04,ST 003,LOK 007,CI 1046,CO 1056
RES004168,02:04:33,4,457000,1828000,CUS 1526,KMR 004,MP 06,ST 003,LOK 019,CI 0514,CO 0519
RES004169,11:03:56,8,375000,3000000,CUS 3829,KMR 002,MP 04,ST 004,LOK 013,CI 0875,CO 0884
RES004170,17:54:17,2,633000,1266000,CUS 3428,KMR 001,MP 03,ST 004,LOK 006,CI 0362,CO 0363
RES004171,18:01:39,2,584000,1168000,CUS 3296,KMR 001,MP 06,ST 003,LOK 012,CI 0509,CO 0512
RES004172,11:57:48,3,410000,1230000,CUS 2864,KMR 004,MP 01,ST 001,LOK 003,CI 0810,CO 0817
RES004173,16:12:22,3,1101000,3303000,CUS 3961,KMR 003,MP 01,ST 004,LOK 013,CI 0021,CO 0023
RES004174,00:45:04,2,597000,1194000,CUS 1623,KMR 001,MP 05,ST 003,LOK 014,CI 0254,CO 0254
RES004175,19:32:34,2,413000,826000,CUS 0460,KMR 004,MP 05,ST 004,LOK 002,CI 0169,CO 0173
RES004176,23:54:28,7,345000,2415000,CUS 3017,KMR 002,MP 01,ST 003,LOK 008,CI 0293,CO 0298
RES004178,17:54:37,9,479000,4311000,CUS 2874,KMR 004,MP 05,ST 004,LOK 018,CI 0570,CO 0579
RES004179,00:52:57,6,365000,2190000,CUS 2490,KMR 002,MP 06,ST 002,LOK 011,CI 0073,CO 0079
RES004180,21:13:20,1,508000,508000,CUS 0269,KMR 004,MP 02,ST 002,LOK 004,CI 0312,CO 0311
RES004181,16:41:00,9,384000,3456000,CUS 0689,KMR 002,MP 01,ST 004,LOK 018,CI 0772,CO 0783
RES004182,16:56:29,8,1337000,10696000,CUS 0810,KMR 003,MP 03,ST 003,LOK 016,CI 0692,CO 0702
RES004183,11:07:51,6,628000,3768000,CUS 1179,KMR 001,MP 03,ST 001,LOK 013,CI 1048,CO 1057
RES004184,02:04:53,8,350000,2800000,CUS 1177,KMR 002,MP 06,ST 003,LOK 012,CI 0191,CO 0200
RES004185,21:15:44,8,428000,3424000,CUS 3437,KMR 004,MP 03,ST 003,LOK 010,CI 0154,CO 0163
RES004186,03:38:39,7,1351000,9457000,CUS 1364,KMR 003,MP 01,ST 004,LOK 016,CI 0436,CO 0445
RES004187,13:54:40,4,399000,1596000,CUS 2365,KMR 002,MP 01,ST 003,LOK 012,CI 0030,CO 0034
RES004188,18:44:45,8,496000,3968000,CUS 0213,KMR 004,MP 06,ST 004,LOK 011,CI 0675,CO 0684
RES004189,16:43:00,9,398000,3582000,CUS 1191,KMR 002,MP 06,ST 002,LOK 011,CI 0831,CO 0843
RES004190,17:22:18,3,1286000,3858000,CUS 1338,KMR 003,MP 05,ST 003,LOK 015,CI 0390,CO 0394
RES004191,06:06:26,2,471000,942000,CUS 1371,KMR 004,MP 06,ST 003,LOK 011,CI 0069,CO 0071
RES004192,04:55:49,8,484000,3872000,CUS 3964,KMR 004,MP 01,ST 004,LOK 014,CI 0595,CO 0603
RES004193,06:45:12,4,556000,2224000,CUS 2499,KMR 001,MP 05,ST 001,LOK 011,CI 0911,CO 0917
RES004194,16:18:48,1,322000,322000,CUS 3463,KMR 002,MP 06,ST 003,LOK 003,CI 0805,CO 0810
RES004195,14:38:22,8,645000,5160000,CUS 3677,KMR 001,MP 06,ST 002,LOK 009,CI 0641,CO 0649
RES004196,10:35:23,6,363000,2178000,CUS 3685,KMR 002,MP 06,ST 004,LOK 001,CI 0904,CO 0911
RES004197,01:26:55,1,358000,358000,CUS 1988,KMR 002,MP 03,ST 003,LOK 020,CI 0982,CO 0986
RES004198,21:04:35,8,1317000,10536000,CUS 2862,KMR 003,MP 06,ST 004,LOK 019,CI 0902,CO 0911
RES004199,19:23:48,3,448000,1344000,CUS 2559,KMR 004,MP 06,ST 004,LOK 013,CI 0063,CO 0066
RES004200,04:11:15,9,1145000,10305000,CUS 2110,KMR 003,MP 02,ST 003,LOK 015,CI 0331,CO 0339
RES004201,17:06:10,3,418000,1254000,CUS 1626,KMR 004,MP 04,ST 003,LOK 003,CI 0395,CO 0399
RES004202,21:32:41,9,636000,5724000,CUS 2872,KMR 001,MP 03,ST 004,LOK 003,CI 0874,CO 0884
RES004203,01:16:15,2,316000,632000,CUS 3752,KMR 002,MP 05,ST 004,LOK 020,CI 0337,CO 0338
RES004204,16:30:00,9,1236000,11124000,CUS 3325,KMR 003,MP 03,ST 003,LOK 004,CI 0045,CO 0054
RES004205,04:28:01,4,430000,1720000,CUS 2846,KMR 004,MP 02,ST 003,LOK 008,CI 0329,CO 0332
RES004208,21:46:41,2,454000,908000,CUS 1251,KMR 004,MP 05,ST 003,LOK 017,CI 1034,CO 1039
RES004209,10:36:31,7,1199000,8393000,CUS 3999,KMR 003,MP 06,ST 003,LOK 005,CI 0151,CO 0158
RES004210,18:40:50,3,1267000,3801000,CUS 0600,KMR 003,MP 03,ST 004,LOK 009,CI 0404,CO 0408
RES004211,17:04:23,7,387000,2709000,CUS 0879,KMR 002,MP 06,ST 003,LOK 003,CI 0995,CO 1005
RES004212,05:16:31,5,567000,2835000,CUS 3425,KMR 001,MP 01,ST 003,LOK 002,CI 0349,CO 0353
RES004213,21:06:19,6,374000,2244000,CUS 1855,KMR 002,MP 04,ST 004,LOK 011,CI 0425,CO 0433
RES004316,22:58:56,4,1253000,5012000,CUS 3103,KMR 003,MP 05,ST 003,LOK 001,CI 0437,CO 0443
RES004215,04:53:11,4,495000,1980000,CUS 0307,KMR 004,MP 03,ST 003,LOK 020,CI 0451,CO 0457
RES004216,02:09:00,6,648000,3888000,CUS 1868,KMR 001,MP 05,ST 004,LOK 001,CI 0381,CO 0388
RES004217,08:51:33,5,632000,3160000,CUS 1909,KMR 001,MP 05,ST 003,LOK 010,CI 0638,CO 0643
RES004218,16:24:23,6,374000,2244000,CUS 3210,KMR 002,MP 05,ST 003,LOK 016,CI 0481,CO 0489
RES004219,21:24:21,6,1360000,8160000,CUS 3461,KMR 003,MP 06,ST 003,LOK 006,CI 0757,CO 0765
RES004220,03:28:48,9,329000,2961000,CUS 1259,KMR 002,MP 03,ST 003,LOK 003,CI 0382,CO 0392
RES004221,15:04:51,3,513000,1539000,CUS 1334,KMR 004,MP 01,ST 001,LOK 005,CI 0266,CO 0267
RES004222,17:40:17,8,649000,5192000,CUS 0293,KMR 001,MP 05,ST 004,LOK 011,CI 0300,CO 0306
RES004223,03:09:22,7,1086000,7602000,CUS 3732,KMR 003,MP 05,ST 004,LOK 010,CI 0839,CO 0849
RES004224,09:28:08,6,381000,2286000,CUS 0782,KMR 002,MP 02,ST 004,LOK 019,CI 0914,CO 0922
RES001997,00:42:38,1,1268000,1268000,CUS 3019,KMR 003,MP 03,ST 003,LOK 005,CI 0718,CO 0722
RES004226,12:15:43,1,1120000,1120000,CUS 1446,KMR 003,MP 06,ST 004,LOK 014,CI 0674,CO 0676
RES004227,02:17:51,7,1287000,9009000,CUS 2136,KMR 003,MP 06,ST 003,LOK 010,CI 0663,CO 0671
RES004228,09:18:48,8,655000,5240000,CUS 1014,KMR 001,MP 06,ST 003,LOK 003,CI 0143,CO 0151
RES004229,19:34:29,5,1118000,5590000,CUS 1491,KMR 003,MP 04,ST 004,LOK 004,CI 0621,CO 0626
RES004230,00:49:25,3,316000,948000,CUS 0112,KMR 002,MP 05,ST 002,LOK 001,CI 0704,CO 0709
RES004231,00:57:10,1,427000,427000,CUS 1792,KMR 004,MP 02,ST 004,LOK 008,CI 0515,CO 0517
RES004232,13:09:03,5,571000,2855000,CUS 3730,KMR 001,MP 04,ST 004,LOK 013,CI 0373,CO 0378
RES004233,00:59:43,3,1083000,3249000,CUS 3102,KMR 003,MP 06,ST 003,LOK 018,CI 0575,CO 0578
RES004234,02:35:56,7,1272000,8904000,CUS 0724,KMR 003,MP 01,ST 003,LOK 009,CI 0882,CO 0890
RES004235,14:16:56,5,318000,1590000,CUS 1940,KMR 002,MP 03,ST 003,LOK 015,CI 0860,CO 0867
RES004236,22:48:55,3,330000,990000,CUS 4065,KMR 002,MP 04,ST 004,LOK 016,CI 1071,CO 1076
RES004237,23:18:41,4,1204000,4816000,CUS 2787,KMR 003,MP 02,ST 001,LOK 007,CI 0360,CO 0362
RES004238,05:31:07,5,573000,2865000,CUS 0028,KMR 001,MP 01,ST 002,LOK 012,CI 0155,CO 0161
RES004239,00:34:09,1,402000,402000,CUS 0447,KMR 002,MP 05,ST 003,LOK 007,CI 0227,CO 0227
RES004241,23:49:06,1,1265000,1265000,CUS 2029,KMR 003,MP 03,ST 004,LOK 015,CI 1024,CO 1028
RES004242,03:30:57,9,499000,4491000,CUS 4051,KMR 004,MP 05,ST 004,LOK 001,CI 0726,CO 0738
RES004243,21:55:02,2,585000,1170000,CUS 0862,KMR 001,MP 06,ST 001,LOK 004,CI 0442,CO 0446
RES004244,22:54:20,7,451000,3157000,CUS 3991,KMR 004,MP 02,ST 004,LOK 011,CI 0167,CO 0176
RES004245,14:58:56,4,631000,2524000,CUS 2505,KMR 001,MP 03,ST 002,LOK 019,CI 0225,CO 0228
RES004246,07:21:34,3,347000,1041000,CUS 2560,KMR 002,MP 06,ST 004,LOK 015,CI 0269,CO 0270
RES004247,15:03:10,8,363000,2904000,CUS 2742,KMR 002,MP 02,ST 003,LOK 019,CI 0293,CO 0299
RES004248,12:38:52,6,1277000,7662000,CUS 4138,KMR 003,MP 06,ST 003,LOK 015,CI 0281,CO 0285
RES004249,18:14:19,1,553000,553000,CUS 2972,KMR 001,MP 04,ST 003,LOK 016,CI 0765,CO 0768
RES004250,05:07:06,1,1259000,1259000,CUS 2366,KMR 003,MP 03,ST 003,LOK 013,CI 0528,CO 0530
RES004251,13:54:42,7,454000,3178000,CUS 2461,KMR 004,MP 05,ST 004,LOK 012,CI 0888,CO 0896
RES004252,22:27:32,7,560000,3920000,CUS 3815,KMR 001,MP 06,ST 002,LOK 008,CI 0600,CO 0607
RES004253,21:28:34,9,463000,4167000,CUS 2565,KMR 004,MP 05,ST 004,LOK 005,CI 0021,CO 0029
RES004254,09:24:12,4,1380000,5520000,CUS 1108,KMR 003,MP 06,ST 004,LOK 015,CI 0467,CO 0472
RES004255,14:29:57,7,415000,2905000,CUS 0711,KMR 004,MP 01,ST 003,LOK 019,CI 0222,CO 0228
RES004256,17:09:12,5,322000,1610000,CUS 3047,KMR 002,MP 05,ST 001,LOK 003,CI 0641,CO 0646
RES004257,00:06:35,7,494000,3458000,CUS 2336,KMR 004,MP 02,ST 003,LOK 002,CI 0925,CO 0934
RES004258,04:27:01,6,1097000,6582000,CUS 2381,KMR 003,MP 03,ST 004,LOK 017,CI 0760,CO 0768
RES004259,09:09:02,2,636000,1272000,CUS 0183,KMR 001,MP 01,ST 002,LOK 018,CI 0989,CO 0994
RES004260,21:49:23,6,596000,3576000,CUS 2813,KMR 001,MP 06,ST 003,LOK 012,CI 0744,CO 0752
RES004261,19:15:34,6,435000,2610000,CUS 0032,KMR 004,MP 02,ST 003,LOK 018,CI 0076,CO 0082
RES004262,20:21:49,8,492000,3936000,CUS 0327,KMR 004,MP 02,ST 004,LOK 020,CI 0496,CO 0505
RES004263,06:09:08,2,1207000,2414000,CUS 1244,KMR 003,MP 03,ST 004,LOK 001,CI 0767,CO 0771
RES004264,00:13:02,1,1181000,1181000,CUS 2169,KMR 003,MP 05,ST 003,LOK 005,CI 0616,CO 0617
RES004265,05:19:45,9,346000,3114000,CUS 4056,KMR 002,MP 06,ST 004,LOK 009,CI 0926,CO 0937
RES004266,21:26:34,2,343000,686000,CUS 2495,KMR 002,MP 05,ST 003,LOK 003,CI 0740,CO 0745
RES004267,15:49:24,2,383000,766000,CUS 2631,KMR 002,MP 04,ST 001,LOK 008,CI 0870,CO 0874
RES004268,12:20:40,9,1189000,10701000,CUS 0476,KMR 003,MP 06,ST 004,LOK 001,CI 0008,CO 0016
RES004269,09:45:09,3,636000,1908000,CUS 1258,KMR 001,MP 06,ST 003,LOK 008,CI 0822,CO 0829
RES004270,23:38:34,2,1115000,2230000,CUS 2398,KMR 003,MP 02,ST 003,LOK 014,CI 0919,CO 0923
RES004271,05:48:44,3,1355000,4065000,CUS 1799,KMR 003,MP 02,ST 003,LOK 017,CI 0719,CO 0725
RES004272,09:47:47,5,426000,2130000,CUS 1226,KMR 004,MP 06,ST 003,LOK 011,CI 0401,CO 0407
RES004273,14:03:12,9,430000,3870000,CUS 3132,KMR 004,MP 01,ST 004,LOK 020,CI 0686,CO 0697
RES004274,15:12:40,1,1125000,1125000,CUS 2882,KMR 003,MP 01,ST 004,LOK 008,CI 0400,CO 0402
RES004275,12:28:41,8,365000,2920000,CUS 2660,KMR 002,MP 04,ST 003,LOK 008,CI 0951,CO 0962
RES004276,01:49:50,5,1261000,6305000,CUS 1731,KMR 003,MP 02,ST 004,LOK 013,CI 0771,CO 0778
RES004277,21:43:27,5,434000,2170000,CUS 3417,KMR 004,MP 06,ST 003,LOK 007,CI 0992,CO 1000
RES004278,04:21:17,5,1378000,6890000,CUS 0139,KMR 003,MP 02,ST 003,LOK 014,CI 0703,CO 0710
RES004279,12:17:20,1,438000,438000,CUS 1920,KMR 004,MP 03,ST 003,LOK 012,CI 0481,CO 0484
RES004280,12:19:01,9,506000,4554000,CUS 3639,KMR 004,MP 06,ST 004,LOK 011,CI 0958,CO 0970
RES004281,19:20:05,6,370000,2220000,CUS 1253,KMR 002,MP 06,ST 004,LOK 012,CI 0906,CO 0913
RES004282,12:37:55,7,1171000,8197000,CUS 0244,KMR 003,MP 02,ST 004,LOK 015,CI 0074,CO 0081
RES004283,21:34:46,3,1303000,3909000,CUS 2074,KMR 003,MP 05,ST 004,LOK 008,CI 0278,CO 0279
RES004284,01:11:05,6,569000,3414000,CUS 1273,KMR 001,MP 06,ST 003,LOK 009,CI 0445,CO 0453
RES004285,08:29:55,5,1311000,6555000,CUS 3216,KMR 003,MP 06,ST 003,LOK 006,CI 1030,CO 1038
RES004286,09:12:47,1,383000,383000,CUS 0057,KMR 002,MP 02,ST 004,LOK 017,CI 0514,CO 0516
RES004287,11:14:55,7,1108000,7756000,CUS 1318,KMR 003,MP 02,ST 004,LOK 007,CI 1033,CO 1043
RES004288,06:55:14,3,354000,1062000,CUS 3112,KMR 002,MP 04,ST 004,LOK 012,CI 0112,CO 0115
RES004289,19:36:06,6,1217000,7302000,CUS 3789,KMR 003,MP 04,ST 003,LOK 010,CI 0188,CO 0195
RES004290,05:36:46,3,378000,1134000,CUS 3236,KMR 002,MP 06,ST 004,LOK 001,CI 0922,CO 0927
RES004291,13:08:57,1,328000,328000,CUS 0666,KMR 002,MP 03,ST 004,LOK 020,CI 0758,CO 0761
RES004292,06:55:08,6,491000,2946000,CUS 1163,KMR 004,MP 02,ST 004,LOK 004,CI 0236,CO 0240
RES004293,01:19:57,3,1330000,3990000,CUS 0548,KMR 003,MP 06,ST 004,LOK 007,CI 0791,CO 0797
RES004294,02:44:51,1,1176000,1176000,CUS 3371,KMR 003,MP 03,ST 004,LOK 016,CI 0375,CO 0377
RES004295,05:23:27,9,577000,5193000,CUS 4117,KMR 001,MP 02,ST 004,LOK 017,CI 0833,CO 0845
RES004296,22:13:11,7,620000,4340000,CUS 0364,KMR 001,MP 04,ST 003,LOK 018,CI 0973,CO 0983
RES004297,02:45:24,2,476000,952000,CUS 3513,KMR 004,MP 03,ST 004,LOK 002,CI 0975,CO 0980
RES004298,18:12:25,9,429000,3861000,CUS 2488,KMR 004,MP 06,ST 004,LOK 017,CI 0828,CO 0841
RES004300,15:25:18,5,1329000,6645000,CUS 0951,KMR 003,MP 04,ST 003,LOK 018,CI 0665,CO 0671
RES004301,16:42:11,4,348000,1392000,CUS 1085,KMR 002,MP 01,ST 003,LOK 008,CI 0677,CO 0682
RES004302,11:34:29,8,482000,3856000,CUS 4067,KMR 004,MP 05,ST 004,LOK 004,CI 0215,CO 0222
RES000342,19:21:39,6,588000,3528000,CUS 3029,KMR 001,MP 06,ST 003,LOK 008,CI 0991,CO 1000
RES004304,09:59:35,3,563000,1689000,CUS 1846,KMR 001,MP 04,ST 004,LOK 011,CI 0634,CO 0637
RES004305,19:31:08,8,1201000,9608000,CUS 3306,KMR 003,MP 04,ST 002,LOK 008,CI 0408,CO 0418
RES004306,22:21:52,5,362000,1810000,CUS 4124,KMR 002,MP 06,ST 004,LOK 011,CI 0262,CO 0265
RES004307,10:23:30,5,453000,2265000,CUS 0139,KMR 004,MP 06,ST 004,LOK 011,CI 0950,CO 0958
RES004308,14:23:05,7,448000,3136000,CUS 1815,KMR 004,MP 01,ST 004,LOK 015,CI 0927,CO 0936
RES004309,07:00:11,9,1193000,10737000,CUS 0306,KMR 003,MP 06,ST 003,LOK 013,CI 0806,CO 0819
RES004310,20:03:05,6,435000,2610000,CUS 1118,KMR 004,MP 05,ST 003,LOK 003,CI 0251,CO 0255
RES004311,21:29:46,6,412000,2472000,CUS 2545,KMR 004,MP 01,ST 004,LOK 020,CI 0897,CO 0904
RES004312,03:52:43,9,677000,6093000,CUS 2654,KMR 001,MP 01,ST 004,LOK 019,CI 0811,CO 0824
RES004313,05:20:42,7,393000,2751000,CUS 0273,KMR 002,MP 04,ST 003,LOK 012,CI 0129,CO 0136
RES004314,01:11:51,2,681000,1362000,CUS 0592,KMR 001,MP 04,ST 001,LOK 002,CI 0470,CO 0473
RES004315,15:51:29,3,405000,1215000,CUS 2225,KMR 004,MP 06,ST 003,LOK 003,CI 0394,CO 0398
RES004317,16:35:37,8,512000,4096000,CUS 0107,KMR 004,MP 06,ST 001,LOK 002,CI 0040,CO 0048
RES004318,05:33:40,8,499000,3992000,CUS 0109,KMR 004,MP 03,ST 004,LOK 016,CI 0352,CO 0358
RES004319,02:04:46,1,1123000,1123000,CUS 1578,KMR 003,MP 06,ST 004,LOK 004,CI 0834,CO 0839
RES004320,15:06:12,2,689000,1378000,CUS 2666,KMR 001,MP 03,ST 002,LOK 009,CI 0468,CO 0471
RES004321,22:12:04,3,385000,1155000,CUS 1387,KMR 002,MP 04,ST 003,LOK 015,CI 0770,CO 0775
RES004323,03:58:58,3,479000,1437000,CUS 1782,KMR 004,MP 02,ST 003,LOK 010,CI 0259,CO 0260
RES004324,19:38:56,3,1262000,3786000,CUS 2404,KMR 003,MP 03,ST 003,LOK 011,CI 0451,CO 0456
RES004325,12:09:36,3,1150000,3450000,CUS 2358,KMR 003,MP 03,ST 003,LOK 017,CI 0215,CO 0217
RES004326,20:09:40,1,1082000,1082000,CUS 2384,KMR 003,MP 05,ST 002,LOK 008,CI 0163,CO 0165
RES004327,15:07:16,7,449000,3143000,CUS 0362,KMR 004,MP 03,ST 004,LOK 020,CI 0998,CO 1008
RES004328,02:56:16,4,516000,2064000,CUS 1581,KMR 004,MP 06,ST 003,LOK 001,CI 0185,CO 0190
RES004329,00:19:27,3,555000,1665000,CUS 3192,KMR 001,MP 02,ST 004,LOK 006,CI 0448,CO 0453
RES004330,12:39:23,8,411000,3288000,CUS 1303,KMR 004,MP 02,ST 004,LOK 011,CI 0607,CO 0615
RES004331,07:51:57,8,333000,2664000,CUS 0593,KMR 002,MP 02,ST 003,LOK 007,CI 0667,CO 0675
RES004332,12:45:08,1,324000,324000,CUS 0882,KMR 002,MP 06,ST 003,LOK 020,CI 0108,CO 0109
RES004333,01:57:55,4,1173000,4692000,CUS 0383,KMR 003,MP 06,ST 003,LOK 015,CI 0823,CO 0831
RES004334,03:03:28,6,1283000,7698000,CUS 0994,KMR 003,MP 05,ST 003,LOK 006,CI 0341,CO 0346
RES004335,07:31:54,4,385000,1540000,CUS 0964,KMR 002,MP 06,ST 002,LOK 020,CI 0774,CO 0781
RES004336,13:34:24,8,459000,3672000,CUS 0969,KMR 004,MP 04,ST 004,LOK 005,CI 0567,CO 0575
RES004337,17:46:49,5,442000,2210000,CUS 2133,KMR 004,MP 06,ST 003,LOK 015,CI 0026,CO 0031
RES004338,20:23:06,5,672000,3360000,CUS 2103,KMR 001,MP 01,ST 003,LOK 001,CI 1014,CO 1022
RES004339,05:33:31,4,682000,2728000,CUS 0115,KMR 001,MP 03,ST 004,LOK 005,CI 1033,CO 1040
RES004340,04:46:20,5,640000,3200000,CUS 4059,KMR 001,MP 03,ST 004,LOK 001,CI 0302,CO 0305
RES004341,10:39:55,9,502000,4518000,CUS 3232,KMR 004,MP 01,ST 002,LOK 001,CI 0304,CO 0311
RES004342,23:05:42,6,437000,2622000,CUS 3594,KMR 004,MP 06,ST 004,LOK 008,CI 1014,CO 1023
RES004343,01:58:43,6,465000,2790000,CUS 2146,KMR 004,MP 02,ST 004,LOK 010,CI 0618,CO 0624
RES004344,02:32:21,9,629000,5661000,CUS 0136,KMR 001,MP 04,ST 004,LOK 010,CI 0145,CO 0154
RES004345,17:32:31,4,463000,1852000,CUS 2072,KMR 004,MP 02,ST 004,LOK 018,CI 0940,CO 0947
RES004346,03:04:38,6,459000,2754000,CUS 0444,KMR 004,MP 02,ST 003,LOK 014,CI 0143,CO 0149
RES004347,23:10:54,8,348000,2784000,CUS 1114,KMR 002,MP 06,ST 004,LOK 004,CI 0689,CO 0699
RES004348,06:42:36,3,371000,1113000,CUS 2051,KMR 002,MP 05,ST 004,LOK 006,CI 1032,CO 1038
RES004349,22:04:14,4,465000,1860000,CUS 2651,KMR 004,MP 06,ST 003,LOK 014,CI 0003,CO 0007
RES004350,07:42:27,3,1276000,3828000,CUS 0582,KMR 003,MP 05,ST 003,LOK 020,CI 0398,CO 0402
RES004351,18:29:27,2,494000,988000,CUS 2458,KMR 004,MP 01,ST 003,LOK 008,CI 0542,CO 0544
RES004352,17:48:32,5,394000,1970000,CUS 2988,KMR 002,MP 02,ST 003,LOK 014,CI 0647,CO 0652
RES004353,01:28:20,6,1267000,7602000,CUS 0818,KMR 003,MP 06,ST 004,LOK 009,CI 0917,CO 0925
RES004354,01:36:28,1,367000,367000,CUS 0601,KMR 002,MP 06,ST 003,LOK 019,CI 1029,CO 1033
RES004355,00:07:21,8,341000,2728000,CUS 1879,KMR 002,MP 03,ST 003,LOK 002,CI 0261,CO 0267
RES004356,12:51:16,3,425000,1275000,CUS 3863,KMR 004,MP 06,ST 003,LOK 005,CI 0802,CO 0809
RES004357,03:37:00,3,461000,1383000,CUS 2536,KMR 004,MP 04,ST 004,LOK 006,CI 0250,CO 0251
RES004358,05:59:40,7,412000,2884000,CUS 2888,KMR 004,MP 06,ST 004,LOK 010,CI 0507,CO 0515
RES004359,07:46:18,6,363000,2178000,CUS 2855,KMR 002,MP 04,ST 003,LOK 012,CI 0738,CO 0747
RES004360,04:38:02,8,502000,4016000,CUS 0477,KMR 004,MP 04,ST 003,LOK 008,CI 0090,CO 0098
RES004361,03:50:06,5,389000,1945000,CUS 0643,KMR 002,MP 06,ST 004,LOK 010,CI 0669,CO 0675
RES004362,11:20:26,3,343000,1029000,CUS 1633,KMR 002,MP 02,ST 003,LOK 003,CI 0998,CO 1004
RES004363,11:39:37,4,463000,1852000,CUS 2333,KMR 004,MP 06,ST 004,LOK 009,CI 0479,CO 0485
RES004365,17:41:08,9,328000,2952000,CUS 4072,KMR 002,MP 02,ST 003,LOK 009,CI 1004,CO 1016
RES004366,16:27:05,5,412000,2060000,CUS 0418,KMR 004,MP 03,ST 001,LOK 004,CI 0892,CO 0898
RES004367,20:33:35,1,576000,576000,CUS 3602,KMR 001,MP 01,ST 001,LOK 007,CI 1059,CO 1063
RES004368,00:49:52,2,630000,1260000,CUS 4114,KMR 001,MP 02,ST 004,LOK 013,CI 0778,CO 0783
RES004369,15:19:57,7,573000,4011000,CUS 0153,KMR 001,MP 01,ST 003,LOK 011,CI 1018,CO 1028
RES004370,12:06:35,5,353000,1765000,CUS 2886,KMR 002,MP 01,ST 004,LOK 006,CI 0470,CO 0476
RES004371,09:01:00,6,616000,3696000,CUS 3993,KMR 001,MP 06,ST 003,LOK 013,CI 0537,CO 0543
RES004372,15:09:37,7,547000,3829000,CUS 1804,KMR 001,MP 04,ST 002,LOK 007,CI 0532,CO 0540
RES004373,00:36:07,5,490000,2450000,CUS 2233,KMR 004,MP 06,ST 004,LOK 020,CI 0556,CO 0561
RES004374,03:46:57,1,513000,513000,CUS 2489,KMR 004,MP 06,ST 004,LOK 002,CI 0830,CO 0835
RES004375,07:41:26,8,1268000,10144000,CUS 3257,KMR 003,MP 06,ST 004,LOK 016,CI 0548,CO 0556
RES004376,02:43:02,6,629000,3774000,CUS 3912,KMR 001,MP 02,ST 004,LOK 005,CI 0216,CO 0221
RES004377,04:30:41,4,434000,1736000,CUS 3360,KMR 004,MP 05,ST 002,LOK 012,CI 0130,CO 0134
RES004378,18:52:07,8,1172000,9376000,CUS 0365,KMR 003,MP 03,ST 004,LOK 001,CI 0876,CO 0885
RES004379,01:40:50,2,602000,1204000,CUS 2098,KMR 001,MP 04,ST 003,LOK 020,CI 0520,CO 0523
RES004380,17:58:23,2,315000,630000,CUS 0139,KMR 002,MP 01,ST 003,LOK 010,CI 0015,CO 0016
RES004381,20:18:41,9,583000,5247000,CUS 0145,KMR 001,MP 06,ST 003,LOK 006,CI 0248,CO 0255
RES004382,13:28:53,3,1173000,3519000,CUS 1293,KMR 003,MP 04,ST 004,LOK 018,CI 1040,CO 1046
RES004383,18:53:51,8,1292000,10336000,CUS 0399,KMR 003,MP 06,ST 002,LOK 014,CI 0925,CO 0935
RES004384,21:01:32,3,1264000,3792000,CUS 3998,KMR 003,MP 06,ST 002,LOK 008,CI 0574,CO 0577
RES004385,05:29:15,9,336000,3024000,CUS 1916,KMR 002,MP 06,ST 002,LOK 019,CI 0501,CO 0511
RES004386,04:20:46,9,575000,5175000,CUS 3316,KMR 001,MP 02,ST 004,LOK 019,CI 0617,CO 0626
RES004387,20:18:21,1,441000,441000,CUS 3329,KMR 004,MP 04,ST 003,LOK 018,CI 0896,CO 0898
RES004388,06:40:42,7,1212000,8484000,CUS 1481,KMR 003,MP 04,ST 003,LOK 007,CI 0241,CO 0246
RES004389,14:36:35,6,566000,3396000,CUS 0062,KMR 001,MP 06,ST 003,LOK 001,CI 0758,CO 0766
RES004390,00:09:35,2,430000,860000,CUS 4024,KMR 004,MP 01,ST 004,LOK 015,CI 0404,CO 0407
RES004391,08:46:54,5,650000,3250000,CUS 3826,KMR 001,MP 01,ST 003,LOK 014,CI 0254,CO 0257
RES004392,13:54:14,8,493000,3944000,CUS 1359,KMR 004,MP 04,ST 001,LOK 003,CI 0751,CO 0761
RES004393,14:53:01,1,568000,568000,CUS 3723,KMR 001,MP 05,ST 001,LOK 011,CI 1064,CO 1067
RES004394,17:34:28,9,650000,5850000,CUS 3906,KMR 001,MP 03,ST 002,LOK 009,CI 0890,CO 0900
RES004395,05:55:24,6,411000,2466000,CUS 0147,KMR 004,MP 01,ST 003,LOK 006,CI 0273,CO 0277
RES004396,01:25:18,6,1140000,6840000,CUS 0139,KMR 003,MP 06,ST 002,LOK 016,CI 0137,CO 0143
RES004398,07:01:00,4,448000,1792000,CUS 0648,KMR 004,MP 01,ST 004,LOK 011,CI 0746,CO 0752
RES004399,11:37:59,4,612000,2448000,CUS 0908,KMR 001,MP 06,ST 003,LOK 018,CI 0589,CO 0593
RES004400,19:50:42,9,625000,5625000,CUS 2925,KMR 001,MP 02,ST 004,LOK 001,CI 0407,CO 0417
RES004401,10:26:09,1,1144000,1144000,CUS 1692,KMR 003,MP 06,ST 003,LOK 008,CI 0044,CO 0045
RES004402,05:58:45,2,432000,864000,CUS 0296,KMR 004,MP 05,ST 003,LOK 012,CI 0499,CO 0502
RES004403,17:04:16,6,661000,3966000,CUS 2367,KMR 001,MP 06,ST 004,LOK 016,CI 0990,CO 0999
RES004405,12:58:34,6,1281000,7686000,CUS 1659,KMR 003,MP 02,ST 004,LOK 019,CI 0590,CO 0596
RES004406,04:24:06,6,625000,3750000,CUS 2368,KMR 001,MP 05,ST 003,LOK 013,CI 0772,CO 0780
RES004407,16:23:26,5,514000,2570000,CUS 0166,KMR 004,MP 03,ST 001,LOK 001,CI 0015,CO 0019
RES004408,06:16:20,6,651000,3906000,CUS 0139,KMR 001,MP 06,ST 004,LOK 016,CI 0937,CO 0946
RES004409,13:32:52,1,541000,541000,CUS 3711,KMR 001,MP 01,ST 004,LOK 014,CI 1064,CO 1067
RES004410,11:48:41,4,1126000,4504000,CUS 1674,KMR 003,MP 06,ST 003,LOK 017,CI 0382,CO 0387
RES004411,04:57:41,8,1378000,11024000,CUS 2063,KMR 003,MP 02,ST 001,LOK 018,CI 0304,CO 0310
RES004412,09:36:08,8,347000,2776000,CUS 0947,KMR 002,MP 04,ST 003,LOK 014,CI 0158,CO 0167
RES004413,12:58:51,5,1320000,6600000,CUS 1450,KMR 003,MP 05,ST 003,LOK 004,CI 0523,CO 0529
RES004414,14:07:11,2,473000,946000,CUS 2900,KMR 004,MP 02,ST 004,LOK 014,CI 0550,CO 0552
RES004415,20:27:09,4,378000,1512000,CUS 0139,KMR 002,MP 06,ST 003,LOK 011,CI 0880,CO 0885
RES004416,05:00:33,3,377000,1131000,CUS 1798,KMR 002,MP 01,ST 001,LOK 013,CI 0462,CO 0467
RES004417,19:44:16,6,567000,3402000,CUS 2997,KMR 001,MP 04,ST 004,LOK 003,CI 0503,CO 0510
RES004418,01:39:27,8,1176000,9408000,CUS 3136,KMR 003,MP 04,ST 004,LOK 014,CI 0486,CO 0496
RES004419,08:06:25,8,317000,2536000,CUS 2145,KMR 002,MP 02,ST 003,LOK 004,CI 0922,CO 0932
RES004420,08:25:02,1,415000,415000,CUS 4180,KMR 004,MP 03,ST 004,LOK 010,CI 1066,CO 1069
RES004421,09:44:30,5,427000,2135000,CUS 0594,KMR 004,MP 01,ST 004,LOK 008,CI 0329,CO 0333
RES004422,11:41:33,2,1220000,2440000,CUS 4001,KMR 003,MP 06,ST 004,LOK 017,CI 0131,CO 0133
RES004423,19:34:48,6,1357000,8142000,CUS 2468,KMR 003,MP 04,ST 004,LOK 006,CI 0039,CO 0045
RES004424,10:01:53,7,441000,3087000,CUS 2188,KMR 004,MP 06,ST 003,LOK 008,CI 0334,CO 0340
RES004425,02:59:41,6,1196000,7176000,CUS 1595,KMR 003,MP 06,ST 003,LOK 018,CI 0170,CO 0178
RES004427,14:41:10,4,1185000,4740000,CUS 4071,KMR 003,MP 04,ST 004,LOK 011,CI 0136,CO 0140
RES004428,22:56:57,5,317000,1585000,CUS 1656,KMR 002,MP 01,ST 002,LOK 015,CI 0887,CO 0893
RES004429,18:59:29,9,1273000,11457000,CUS 3926,KMR 003,MP 01,ST 004,LOK 005,CI 0895,CO 0905
RES004430,16:31:40,8,682000,5456000,CUS 2245,KMR 001,MP 02,ST 004,LOK 002,CI 0856,CO 0866
RES004431,16:43:45,2,373000,746000,CUS 2764,KMR 002,MP 04,ST 004,LOK 011,CI 0457,CO 0461
RES004432,20:37:21,8,503000,4024000,CUS 2420,KMR 004,MP 01,ST 002,LOK 008,CI 0379,CO 0388
RES004433,14:49:48,1,409000,409000,CUS 0101,KMR 004,MP 05,ST 003,LOK 020,CI 0190,CO 0192
RES004434,13:12:52,1,1215000,1215000,CUS 1952,KMR 003,MP 06,ST 004,LOK 011,CI 0071,CO 0072
RES004435,01:24:37,1,653000,653000,CUS 1032,KMR 001,MP 01,ST 001,LOK 006,CI 0101,CO 0102
RES004436,12:43:57,8,659000,5272000,CUS 0046,KMR 001,MP 05,ST 004,LOK 019,CI 0953,CO 0964
RES004437,11:25:41,3,479000,1437000,CUS 3783,KMR 004,MP 04,ST 004,LOK 007,CI 0461,CO 0466
RES004438,18:12:46,5,1228000,6140000,CUS 3164,KMR 003,MP 02,ST 004,LOK 009,CI 0616,CO 0621
RES004439,19:01:08,6,380000,2280000,CUS 1986,KMR 002,MP 03,ST 004,LOK 010,CI 0519,CO 0526
RES004440,20:27:04,6,653000,3918000,CUS 2683,KMR 001,MP 04,ST 004,LOK 012,CI 0995,CO 1004
RES004441,21:55:17,4,1358000,5432000,CUS 2610,KMR 003,MP 03,ST 004,LOK 004,CI 0860,CO 0866
RES004442,04:05:35,4,422000,1688000,CUS 1613,KMR 004,MP 05,ST 001,LOK 018,CI 0028,CO 0032
RES004443,08:42:22,4,1184000,4736000,CUS 1245,KMR 003,MP 03,ST 004,LOK 012,CI 0938,CO 0945
RES004444,21:25:20,6,476000,2856000,CUS 3157,KMR 004,MP 06,ST 004,LOK 004,CI 0361,CO 0366
RES004445,17:08:14,4,383000,1532000,CUS 0899,KMR 002,MP 02,ST 004,LOK 020,CI 0767,CO 0773
RES004446,17:38:48,5,367000,1835000,CUS 3985,KMR 002,MP 05,ST 004,LOK 011,CI 0796,CO 0805
RES004447,15:47:40,1,368000,368000,CUS 3650,KMR 002,MP 05,ST 004,LOK 001,CI 0292,CO 0291
RES004448,21:45:20,9,1102000,9918000,CUS 0564,KMR 003,MP 04,ST 003,LOK 013,CI 0943,CO 0955
RES004449,07:57:16,8,480000,3840000,CUS 1488,KMR 004,MP 06,ST 002,LOK 009,CI 0593,CO 0601
RES004450,19:32:19,2,581000,1162000,CUS 3484,KMR 001,MP 06,ST 003,LOK 020,CI 0083,CO 0085
RES004451,19:26:35,7,1271000,8897000,CUS 0360,KMR 003,MP 04,ST 003,LOK 014,CI 0436,CO 0445
RES004452,06:32:14,5,629000,3145000,CUS 3792,KMR 001,MP 04,ST 004,LOK 016,CI 0287,CO 0290
RES004453,17:34:18,6,342000,2052000,CUS 3110,KMR 002,MP 06,ST 004,LOK 012,CI 1004,CO 1013
RES004454,00:40:28,9,513000,4617000,CUS 0528,KMR 004,MP 02,ST 003,LOK 019,CI 0824,CO 0837
RES004455,11:51:13,4,397000,1588000,CUS 0343,KMR 002,MP 02,ST 004,LOK 017,CI 0594,CO 0598
